field,type,tooltip,pdf_page,rect,in_field_tree
topmostSubform[0].Page1[0].f1_1[0],/Tx,Page 1. Name(s) shown on return. ,2,36 685 450.6 698.001,yes
topmostSubform[0].Page1[0].f1_2[0],/Tx,Identifying number. ,2,456.6 685 576 698.001,yes
topmostSubform[0].Page1[0].c1_1[0],/Btn,"A. Corporate Alternative Minimum Tax (C A M T) and Base Erosion Anti-Abuse Tax (B E A T). Are you both (a) an “applicable corporation” within the meaning of section 59(k)(1) for the C A M T, and (b) an “applicable taxpayer” within the meaning of section 59A(e) for the B E A T? See instructions. Yes.",2,511.2 650.5 519.2 658.5,yes
topmostSubform[0].Page1[0].c1_1[1],/Btn,A. No.,2,547.2 650.5 555.2 658.5,yes
topmostSubform[0].Page1[0].c1_2[0],/Btn,"B(i). Did you make an entry in Part I I I, column (f)? Yes.",2,511.2 638.001 519.2 646.001,yes
topmostSubform[0].Page1[0].c1_2[1],/Btn,B(i). No.,2,547.2 638.001 555.2 646.001,yes
topmostSubform[0].Page1[0].f1_3[0],/Tx,"B(i i). If “Yes,” enter the number of transfer election statements attached to your return.",2,507 621.001 576 633.001,yes
topmostSubform[0].Page1[0].f1_4[0],/Tx,"Part I. Credits Not Allowed Against Tentative Minimum Tax (T M T). Complete applicable portions of Parts I I I and I V before Parts I and I I. See instructions. 1. Credits not subject to the passive activity limit from Part I I I, line 2: combine column (e) with non-passive amounts from column (f). ",2,507 572.999 576 584.999,yes
topmostSubform[0].Page1[0].f1_5[0],/Tx,"2. Credits subject to the passive activity limit. Combine Part I I I, line 2, column (d), and passive amounts included in line 2, column (f); and Part I V, line 6, column (d).",2,507 549.001 576 561.001,yes
topmostSubform[0].Page1[0].f1_6[0],/Tx,3. Enter the portion of line 2 allowed for 2026. ,2,507 531.001 576 543.001,yes
topmostSubform[0].Page1[0].f1_7[0],/Tx,"4. Enter the portion of Part I V, line 6, column (f), that is from carryforwards to 2026.",2,507 513.001 576 525.001,yes
topmostSubform[0].Page1[0].c1_3[0],/Btn,4. Check this box if the carryforward was changed or revised from the original reported amount.,2,467.2 500.002 475.2 508.002,yes
topmostSubform[0].Page1[0].f1_8[0],/Tx,"5. Enter the portion of Part I V, line 6, column (f), that is from carrybacks from 2027. ",2,507 482.999 576 494.999,yes
topmostSubform[0].Page1[0].f1_9[0],/Tx,"6. Add lines 1, 3, 4, and 5. ",2,507 464.999 576 476.999,yes
topmostSubform[0].Page1[0].f1_10[0],/Tx,"Part I I. Figuring Credit Allowed After Limitations. Section A—Figuring Credit Allowed After Section 38(c)(1) Limitation Based on Amount of Tax. 7. Regular tax before credits: Individuals. Enter the sum of the amounts from Form 1040, 1040-S R, or 1040-N R, line 16; and Schedule 2 (Form 1040), line 1z. Corporations. Enter the amount from Form 1120, Schedule J, line 2 (excluding the base erosion minimum tax entered on line 1f); or the applicable line of your return. Estates and trusts. Enter the sum of the amounts from Form 1041, Schedule G, lines 1a, 1b, and 1d, plus any Form 8978 amount included online 1e; or the amount from the applicable line of your return.",2,507 374.999 576 386.999,yes
topmostSubform[0].Page1[0].f1_11[0],/Tx,"8. Alternative minimum tax: Individuals. Enter the amount from Form 6251, line 11. Corporations. Enter the amount from Form 4626, Part I I, line 13. Estates and trusts. Enter the amount from Schedule I (Form 1041), line 54. ",2,507 302.999 576 314.999,yes
topmostSubform[0].Page1[0].f1_12[0],/Tx,9. Add lines 7 and 8.,2,507 273 576 285,yes
topmostSubform[0].Page1[0].f1_13[0],/Tx,10a. Foreign tax credit. ,2,507 255 576 267,yes
topmostSubform[0].Page1[0].f1_14[0],/Tx,10b. Certain allowable credits (see instructions). ,2,507 237 576 249,yes
topmostSubform[0].Page1[0].f1_15[0],/Tx,10c. Add lines 10a and 10b. ,2,507 219 576 231,yes
topmostSubform[0].Page1[0].f1_16[0],/Tx,"11. Net income tax. Subtract line 10c from line 9. If zero, skip lines 12 through 15 and enter 0 on line 16. ",2,507 201 576 213,yes
topmostSubform[0].Page1[0].f1_17[0],/Tx,"12. Net regular tax. Subtract line 10c from line 7. If zero or less, enter 0. ",2,507 183 576 195,yes
topmostSubform[0].Page1[0].f1_18[0],/Tx,"13. Enter 25% (0.25) of the excess, if any, of line 12 (line 11 for corporations) over $25,000. See instructions. ",2,507 165 576 177,yes
topmostSubform[0].Page1[0].f1_19[0],/Tx,"14. Tentative minimum tax: Individuals. Enter the amount from Form 6251, line 9. Corporations. Enter 0. Estates and trusts. Enter the amount from Schedule I (Form 1041), line 52. ",2,507 129 576 141,yes
topmostSubform[0].Page1[0].f1_20[0],/Tx,15. Enter the greater of line 13 or line 14. ,2,507 99.001 576 111.001,yes
topmostSubform[0].Page1[0].f1_21[0],/Tx,"16. Subtract line 15 from line 11. If zero or less, enter 0. ",2,507 81.001 576 93.001,yes
topmostSubform[0].Page1[0].f1_22[0],/Tx,"17. Enter the smaller of line 6 or line 16. This is the amount of your credit allowed after the limitation of section 38(c)(1). C corporations: See the line 17 instructions if there has been an ownership change, acquisition, or reorganization. ",2,507 57 576 69,yes
topmostSubform[0].Page2[0].f2_1[0],/Tx,"Page 2. Part I I. Figuring Credit Allowed After Limitations (continued). Section B—Figuring Section 38(c)(2) Empowerment Zone and Renewal Community Employment Credit Allowed. Note: If you are not required to report any amounts on line 22 or line 24 below, skip lines 18 through 25 and enter 0 on line 26. 18. Multiply line 14 by 75% (0.75). See instructions. ",3,507 693.001 576 705.001,yes
topmostSubform[0].Page2[0].f2_2[0],/Tx,19. Enter the greater of line 13 or line 18. ,3,507 675.001 576 687.001,yes
topmostSubform[0].Page2[0].f2_3[0],/Tx,"20. Subtract line 19 from line 11. If zero or less, enter 0. ",3,507 657.001 576 669.001,yes
topmostSubform[0].Page2[0].f2_4[0],/Tx,"21. Subtract line 17 from line 20. If zero or less, enter 0. ",3,507 639.001 576 651.001,yes
topmostSubform[0].Page2[0].f2_5[0],/Tx,"22. Combine the amounts from Part I I I, line 3, column (e), with the amount from Part I V, line 3, column (f). ",3,507 621.001 576 633.001,yes
topmostSubform[0].Page2[0].f2_6[0],/Tx,"23. Passive activity credit from Part I I I, line 3, column (d), plus the amount from  Part I V, line 3, column (d). ",3,507 603.001 576 615.001,yes
topmostSubform[0].Page2[0].f2_7[0],/Tx,24. Enter the applicable passive activity credit allowed for 2026. See instructions. ,3,507 585.001 576 597.001,yes
topmostSubform[0].Page2[0].f2_8[0],/Tx,25. Add lines 22 and 24. ,3,507 567.001 576 579.001,yes
topmostSubform[0].Page2[0].f2_9[0],/Tx,26. Empowerment zone and renewal community employment credit allowed. Enter the smaller of line 21 or line 25. ,3,507 536.999 576 548.999,yes
topmostSubform[0].Page2[0].f2_10[0],/Tx,"Section C—Figuring the Specified Credit Amount Allowed Under Section 38(c)(4). 27. Subtract line 13 from line 11. If zero or less, enter 0. ",3,507 507 576 519,yes
topmostSubform[0].Page2[0].f2_11[0],/Tx,28. Add lines 17 and 26. ,3,507 489 576 501,yes
topmostSubform[0].Page2[0].f2_12[0],/Tx,"29. Subtract line 28 from line 27. If zero or less, enter 0. ",3,507 471 576 483,yes
topmostSubform[0].Page2[0].f2_13[0],/Tx,30. Enter the general business credit from line 5 of Part I I I: combine column (e) with non-passive amounts in column (f). See instructions. ,3,507 441.001 576 453.001,yes
topmostSubform[0].Page2[0].f2_14[0],/Tx,31. Reserved for future use. ,3,507 423.001 576 435.001,yes
topmostSubform[0].Page2[0].f2_15[0],/Tx,"32. Passive activity credits from line 5 of Part I I I: combine column (d) with passive amounts in column (f). Also, include passive specified credit carryovers from Part I V, line 5, column (d). See instructions. ",3,507 392.999 576 404.999,yes
topmostSubform[0].Page2[0].f2_16[0],/Tx,33. Enter the applicable passive activity credits allowed for 2026. See instructions. ,3,507 374.999 576 386.999,yes
topmostSubform[0].Page2[0].f2_17[0],/Tx,"34. Carryforward of business credit to 2026. If completing Part I V and carrying forward a business credit(s), see instructions. ",3,507 345 576 357,yes
topmostSubform[0].Page2[0].c2_1[0],/Btn,34. Check this box if the carryforward was changed or revised from the original reported amount.,3,467.2 329 475.2 337,yes
topmostSubform[0].Page2[0].f2_18[0],/Tx,"35. Carryback of business credit from 2027. If completing Part I V and carrying back a business credit(s), see instructions. ",3,507 297.001 576 309.001,yes
topmostSubform[0].Page2[0].f2_19[0],/Tx,"36. Add lines 30, 33, 34, and 35. ",3,507 279.001 576 291.001,yes
topmostSubform[0].Page2[0].f2_20[0],/Tx,37. Enter the smaller of line 29 or line 36. This is the amount allowed for specified credits. ,3,507 261.001 576 273.001,yes
topmostSubform[0].Page2[0].f2_21[0],/Tx,"Section D—Credits Allowed After Limitations. 38. Credit allowed for the current year. Add lines 28 and 37. Report the amount from line 38 (if smaller than the sum of Part I, line 6, and Part I I, lines 25 and 36; see instructions) as indicated below or on the applicable line of your return. Individuals. Schedule 3 (Form 1040), line 6a. Corporations. Form 1120, Schedule J, line 5c. Estates and trusts. Form 1041, Schedule G, line 2b. ",3,507 183 576 195,yes
topmostSubform[0].Page3[0].Pg3Table[0].Line1a[0].f3_1[0],/Tx,"Page 3. Part I I I. Current Year General Business Credits (G B Cs) (see instructions). If there is more than one number applicable for column (b) or (c) for a line in Part I I I, enter the number of such items in column (a), complete Part V, and see instructions for what to report on that line in Part I I I. Row: 1a. Form 3468, Part I I. Column: (a) No. of items. ",4,125.4 464.999 141 476.999,yes
topmostSubform[0].Page3[0].Pg3Table[0].Line1a[0].f3_2[0],/Tx,"Row: 1a. Form 3468, Part I I. Column: (b) Elective payment or transfer registration number. ",4,147 464.999 198.6 476.999,yes
topmostSubform[0].Page3[0].Pg3Table[0].Line1a[0].f3_3[0],/Tx,"Row: 1a. Form 3468, Part I I. Column: (c) Pass-through or transferor credit entity E I N. ",4,204.6 464.999 249 476.999,yes
topmostSubform[0].Page3[0].Pg3Table[0].Line1a[0].f3_4[0],/Tx,"Row: 1a. Form 3468, Part I I. Column: (d) Credits subject to the passive activity limit, before application of the limit. ",4,255 464.999 321 476.999,yes
topmostSubform[0].Page3[0].Pg3Table[0].Line1a[0].f3_5[0],/Tx,"Row: 1a. Form 3468, Part I I. Column: (e) Credits not subject to the passive activity limits. ",4,327 464.999 393 476.999,yes
topmostSubform[0].Page3[0].Pg3Table[0].Line1a[0].f3_6[0],/Tx,"Row: 1a. Form 3468, Part I I. Column: (f) Credit transfer election amount (enter amounts transferred out as a negative amount). ",4,399 464.999 465 476.999,yes
topmostSubform[0].Page3[0].Pg3Table[0].Line1a[0].f3_7[0],/Tx,"Row: 1a. Form 3468, Part I I. Column: (g) Combine columns (e) and (f) with the credit from column (d) allowed after the passive activity limit. ",4,471 464.999 537 476.999,yes
topmostSubform[0].Page3[0].Pg3Table[0].Line1a[0].f3_8[0],/Tx,"Row: 1a. Form 3468, Part I I. Column: (h) Gross elective payment election (E P E) amount. ",4,543 464.999 609 476.999,yes
topmostSubform[0].Page3[0].Pg3Table[0].Line1a[0].f3_9[0],/Tx,"Row: 1a. Form 3468, Part I I. Column: (i) Amount of column (g) applied against tax in Part I I. ",4,615 464.999 681 476.999,yes
topmostSubform[0].Page3[0].Pg3Table[0].Line1a[0].f3_10[0],/Tx,"Row: 1a. Form 3468, Part I I. Column: (j) Net E P E amount. Enter the smaller of column (h) or column (g) minus column (i).",4,687 464.999 756 476.999,yes
topmostSubform[0].Page3[0].Pg3Table[0].Line1b[0].f3_11[0],/Tx,Row: 1b. Form 7207. Column: (a) No. of items. ,4,125.4 446.999 141 458.999,yes
topmostSubform[0].Page3[0].Pg3Table[0].Line1b[0].f3_12[0],/Tx,Row: 1b. Form 7207. Column: (b) Elective payment or transfer registration number. ,4,147 446.999 198.6 458.999,yes
topmostSubform[0].Page3[0].Pg3Table[0].Line1b[0].f3_13[0],/Tx,Row: 1b. Form 7207. Column: (c) Pass-through or transferor credit entity E I N. ,4,204.6 446.999 249 458.999,yes
topmostSubform[0].Page3[0].Pg3Table[0].Line1b[0].f3_14[0],/Tx,"Row: 1b. Form 7207. Column: (d) Credits subject to the passive activity limit, before application of the limit.",4,255 446.999 321 458.999,yes
topmostSubform[0].Page3[0].Pg3Table[0].Line1b[0].f3_15[0],/Tx,Row: 1b. Form 7207. Column: (e) Credits not subject to the passive activity limits.,4,327 446.999 393 458.999,yes
topmostSubform[0].Page3[0].Pg3Table[0].Line1b[0].f3_16[0],/Tx,Row: 1b. Form 7207. Column: (f) Credit transfer election amount (enter amounts transferred out as a negative amount). ,4,399 446.999 465 458.999,yes
topmostSubform[0].Page3[0].Pg3Table[0].Line1b[0].f3_17[0],/Tx,Row: 1b. Form 7207. Column: (g) Combine columns (e) and (f) with the credit from column (d) allowed after the passive activity limit. ,4,471 446.999 537 458.999,yes
topmostSubform[0].Page3[0].Pg3Table[0].Line1b[0].f3_18[0],/Tx,Row: 1b. Form 7207. Column: (h) Gross elective payment election (E P E) amount. ,4,543 446.999 609 458.999,yes
topmostSubform[0].Page3[0].Pg3Table[0].Line1b[0].f3_19[0],/Tx,Row: 1b. Form 7207. Column: (i) Amount of column (g) applied against tax in Part I I. ,4,615 446.999 681 458.999,yes
topmostSubform[0].Page3[0].Pg3Table[0].Line1b[0].f3_20[0],/Tx,Row: 1b. Form 7207. Column: (j) Net E P E amount. Enter the smaller of column (h) or column (g) minus column (i).,4,687 446.999 756 458.999,yes
topmostSubform[0].Page3[0].Pg3Table[0].Line1c[0].f3_21[0],/Tx,Row: 1c. Form 6765. Column: (a) No. of items. ,4,125.4 428.999 141 440.999,yes
topmostSubform[0].Page3[0].Pg3Table[0].Line1c[0].f3_22[0],/Tx,Row: 1c. Form 6765. Column: (b) Elective payment or transfer registration number. ,4,147 428.999 198.6 440.999,yes
topmostSubform[0].Page3[0].Pg3Table[0].Line1c[0].f3_23[0],/Tx,Row: 1c. Form 6765. Column: (c) Pass-through or transferor credit entity E I N. ,4,204.6 428.999 249 440.999,yes
topmostSubform[0].Page3[0].Pg3Table[0].Line1c[0].f3_24[0],/Tx,"Row: 1c. Form 6765. Column: (d) Credits subject to the passive activity limit, before application of the limit.",4,255 428.999 321 440.999,yes
topmostSubform[0].Page3[0].Pg3Table[0].Line1c[0].f3_25[0],/Tx,Row: 1c. Form 6765. Column: (e) Credits not subject to the passive activity limits.,4,327 428.999 393 440.999,yes
topmostSubform[0].Page3[0].Pg3Table[0].Line1c[0].f3_26[0],/Tx,Row: 1c. Form 6765. Column: (f) Credit transfer election amount (enter amounts transferred out as a negative amount). ,4,399 428.999 465 440.999,yes
topmostSubform[0].Page3[0].Pg3Table[0].Line1c[0].f3_27[0],/Tx,Row: 1c. Form 6765. Column: (g) Combine columns (e) and (f) with the credit from column (d) allowed after the passive activity limit. ,4,471 428.999 537 440.999,yes
topmostSubform[0].Page3[0].Pg3Table[0].Line1c[0].f3_28[0],/Tx,Row: 1c. Form 6765. Column: (h) Gross elective payment election (E P E) amount. ,4,543 428.999 609 440.999,yes
topmostSubform[0].Page3[0].Pg3Table[0].Line1c[0].f3_29[0],/Tx,Row: 1c. Form 6765. Column: (i) Amount of column (g) applied against tax in Part I I. ,4,615 428.999 681 440.999,yes
topmostSubform[0].Page3[0].Pg3Table[0].Line1c[0].f3_30[0],/Tx,Row: 1c. Form 6765. Column: (j) Net E P E amount. Enter the smaller of column (h) or column (g) minus column (i).,4,687 428.999 756 440.999,yes
topmostSubform[0].Page3[0].Pg3Table[0].Line1d[0].f3_31[0],/Tx,"Row: 1d. Form 3468, Part I I I. Column: (a) No. of items. ",4,125.4 410.999 141 422.999,yes
topmostSubform[0].Page3[0].Pg3Table[0].Line1d[0].f3_32[0],/Tx,"Row: 1d. Form 3468, Part I I I. Column: (b) Elective payment or transfer registration number. ",4,147 410.999 198.6 422.999,yes
topmostSubform[0].Page3[0].Pg3Table[0].Line1d[0].f3_33[0],/Tx,"Row: 1d. Form 3468, Part I I I. Column: (c) Pass-through or transferor credit entity E I N. ",4,204.6 410.999 249 422.999,yes
topmostSubform[0].Page3[0].Pg3Table[0].Line1d[0].f3_34[0],/Tx,"Row: 1d. Form 3468, Part I I I. Column: (d) Credits subject to the passive activity limit, before application of the limit.",4,255 410.999 321 422.999,yes
topmostSubform[0].Page3[0].Pg3Table[0].Line1d[0].f3_35[0],/Tx,"Row: 1d. Form 3468, Part I I I. Column: (e) Credits not subject to the passive activity limits.",4,327 410.999 393 422.999,yes
topmostSubform[0].Page3[0].Pg3Table[0].Line1d[0].f3_36[0],/Tx,"Row: 1d. Form 3468, Part I I I. Column: (f) Credit transfer election amount (enter amounts transferred out as a negative amount). ",4,399 410.999 465 422.999,yes
topmostSubform[0].Page3[0].Pg3Table[0].Line1d[0].f3_37[0],/Tx,"Row: 1d. Form 3468, Part I I I. Column: (g) Combine columns (e) and (f) with the credit from column (d) allowed after the passive activity limit. ",4,471 410.999 537 422.999,yes
topmostSubform[0].Page3[0].Pg3Table[0].Line1d[0].f3_38[0],/Tx,"Row: 1d. Form 3468, Part I I I. Column: (h) Gross elective payment election (E P E) amount. ",4,543 410.999 609 422.999,yes
topmostSubform[0].Page3[0].Pg3Table[0].Line1d[0].f3_39[0],/Tx,"Row: 1d. Form 3468, Part I I I. Column: (i) Amount of column (g) applied against tax in Part I I. ",4,615 410.999 681 422.999,yes
topmostSubform[0].Page3[0].Pg3Table[0].Line1d[0].f3_40[0],/Tx,"Row: 1d. Form 3468, Part I I I. Column: (j) Net E P E amount. Enter the smaller of column (h) or column (g) minus column (i).",4,687 410.999 756 422.999,yes
topmostSubform[0].Page3[0].Pg3Table[0].Line1e[0].f3_41[0],/Tx,Row: 1e. Form 8826. Column: (a) No. of items. ,4,125.4 392.999 141 404.999,yes
topmostSubform[0].Page3[0].Pg3Table[0].Line1e[0].f3_42[0],/Tx,Row: 1e. Form 8826. Column: (b) Elective payment or transfer registration number. ,4,147 392.999 198.6 404.999,yes
topmostSubform[0].Page3[0].Pg3Table[0].Line1e[0].f3_43[0],/Tx,Row: 1e. Form 8826. Column: (c) Pass-through or transferor credit entity E I N. ,4,204.6 392.999 249 404.999,yes
topmostSubform[0].Page3[0].Pg3Table[0].Line1e[0].f3_44[0],/Tx,"Row: 1e. Form 8826. Column: (d) Credits subject to the passive activity limit, before application of the limit.",4,255 392.999 321 404.999,yes
topmostSubform[0].Page3[0].Pg3Table[0].Line1e[0].f3_45[0],/Tx,Row: 1e. Form 8826. Column: (e) Credits not subject to the passive activity limits.,4,327 392.999 393 404.999,yes
topmostSubform[0].Page3[0].Pg3Table[0].Line1e[0].f3_46[0],/Tx,Row: 1e. Form 8826. Column: (f) Credit transfer election amount (enter amounts transferred out as a negative amount). ,4,399 392.999 465 404.999,yes
topmostSubform[0].Page3[0].Pg3Table[0].Line1e[0].f3_47[0],/Tx,Row: 1e. Form 8826. Column: (g) Combine columns (e) and (f) with the credit from column (d) allowed after the passive activity limit. ,4,471 392.999 537 404.999,yes
topmostSubform[0].Page3[0].Pg3Table[0].Line1e[0].f3_48[0],/Tx,Row: 1e. Form 8826. Column: (h) Gross elective payment election (E P E) amount. ,4,543 392.999 609 404.999,yes
topmostSubform[0].Page3[0].Pg3Table[0].Line1e[0].f3_49[0],/Tx,Row: 1e. Form 8826. Column: (i) Amount of column (g) applied against tax in Part I I. ,4,615 392.999 681 404.999,yes
topmostSubform[0].Page3[0].Pg3Table[0].Line1e[0].f3_50[0],/Tx,Row: 1e. Form 8826. Column: (j) Net E P E amount. Enter the smaller of column (h) or column (g) minus column (i).,4,687 392.999 756 404.999,yes
topmostSubform[0].Page3[0].Pg3Table[0].Line1f[0].f3_51[0],/Tx,"Row: 1f. Form 8835, Part I I. Column: (a) No. of items. ",4,125.4 374.999 141 386.999,yes
topmostSubform[0].Page3[0].Pg3Table[0].Line1f[0].f3_52[0],/Tx,"Row: 1f. Form 8835, Part I I. Column: (b) Elective payment or transfer registration number. ",4,147 374.999 198.6 386.999,yes
topmostSubform[0].Page3[0].Pg3Table[0].Line1f[0].f3_53[0],/Tx,"Row: 1f. Form 8835, Part I I. Column: (c) Pass-through or transferor credit entity E I N. ",4,204.6 374.999 249 386.999,yes
topmostSubform[0].Page3[0].Pg3Table[0].Line1f[0].f3_54[0],/Tx,"Row: 1f. Form 8835, Part I I. Column: (d) Credits subject to the passive activity limit, before application of the limit.",4,255 374.999 321 386.999,yes
topmostSubform[0].Page3[0].Pg3Table[0].Line1f[0].f3_55[0],/Tx,"Row: 1f. Form 8835, Part I I. Column: (e) Credits not subject to the passive activity limits.",4,327 374.999 393 386.999,yes
topmostSubform[0].Page3[0].Pg3Table[0].Line1f[0].f3_56[0],/Tx,"Row: 1f. Form 8835, Part I I. Column: (f) Credit transfer election amount (enter amounts transferred out as a negative amount). ",4,399 374.999 465 386.999,yes
topmostSubform[0].Page3[0].Pg3Table[0].Line1f[0].f3_57[0],/Tx,"Row: 1f. Form 8835, Part I I. Column: (g) Combine columns (e) and (f) with the credit from column (d) allowed after the passive activity limit. ",4,471 374.999 537 386.999,yes
topmostSubform[0].Page3[0].Pg3Table[0].Line1f[0].f3_58[0],/Tx,"Row: 1f. Form 8835, Part I I. Column: (h) Gross elective payment election (E P E) amount. ",4,543 374.999 609 386.999,yes
topmostSubform[0].Page3[0].Pg3Table[0].Line1f[0].f3_59[0],/Tx,"Row: 1f. Form 8835, Part I I. Column: (i) Amount of column (g) applied against tax in Part I I. ",4,615 374.999 681 386.999,yes
topmostSubform[0].Page3[0].Pg3Table[0].Line1f[0].f3_60[0],/Tx,"Row: 1f. Form 8835, Part I I. Column: (j) Net E P E amount. Enter the smaller of column (h) or column (g) minus column (i).",4,687 374.999 756 386.999,yes
topmostSubform[0].Page3[0].Pg3Table[0].Line1g[0].f3_61[0],/Tx,Row: 1g. Form 7210. Column: (a) No. of items. ,4,125.4 356.999 141 368.999,yes
topmostSubform[0].Page3[0].Pg3Table[0].Line1g[0].f3_62[0],/Tx,Row: 1g. Form 7210. Column: (b) Elective payment or transfer registration number. ,4,147 356.999 198.6 368.999,yes
topmostSubform[0].Page3[0].Pg3Table[0].Line1g[0].f3_63[0],/Tx,Row: 1g. Form 7210. Column: (c) Pass-through or transferor credit entity E I N. ,4,204.6 356.999 249 368.999,yes
topmostSubform[0].Page3[0].Pg3Table[0].Line1g[0].f3_64[0],/Tx,"Row: 1g. Form 7210. Column: (d) Credits subject to the passive activity limit, before application of the limit.",4,255 356.999 321 368.999,yes
topmostSubform[0].Page3[0].Pg3Table[0].Line1g[0].f3_65[0],/Tx,Row: 1g. Form 7210. Column: (e) Credits not subject to the passive activity limits.,4,327 356.999 393 368.999,yes
topmostSubform[0].Page3[0].Pg3Table[0].Line1g[0].f3_66[0],/Tx,Row: 1g. Form 7210. Column: (f) Credit transfer election amount (enter amounts transferred out as a negative amount). ,4,399 356.999 465 368.999,yes
topmostSubform[0].Page3[0].Pg3Table[0].Line1g[0].f3_67[0],/Tx,Row: 1g. Form 7210. Column: (g) Combine columns (e) and (f) with the credit from column (d) allowed after the passive activity limit. ,4,471 356.999 537 368.999,yes
topmostSubform[0].Page3[0].Pg3Table[0].Line1g[0].f3_68[0],/Tx,Row: 1g. Form 7210. Column: (h) Gross elective payment election (E P E) amount. ,4,543 356.999 609 368.999,yes
topmostSubform[0].Page3[0].Pg3Table[0].Line1g[0].f3_69[0],/Tx,Row: 1g. Form 7210. Column: (i) Amount of column (g) applied against tax in Part I I. ,4,615 356.999 681 368.999,yes
topmostSubform[0].Page3[0].Pg3Table[0].Line1g[0].f3_70[0],/Tx,Row: 1g. Form 7210. Column: (j) Net E P E amount. Enter the smaller of column (h) or column (g) minus column (i).,4,687 356.999 756 368.999,yes
topmostSubform[0].Page3[0].Pg3Table[0].Line1h[0].f3_71[0],/Tx,Row: 1h. Form 8820. Column: (a) No. of items. ,4,125.4 338.999 141 350.999,yes
topmostSubform[0].Page3[0].Pg3Table[0].Line1h[0].f3_72[0],/Tx,Row: 1h. Form 8820. Column: (b) Elective payment or transfer registration number. ,4,147 338.999 198.6 350.999,yes
topmostSubform[0].Page3[0].Pg3Table[0].Line1h[0].f3_73[0],/Tx,Row: 1h. Form 8820. Column: (c) Pass-through or transferor credit entity E I N. ,4,204.6 338.999 249 350.999,yes
topmostSubform[0].Page3[0].Pg3Table[0].Line1h[0].f3_74[0],/Tx,"Row: 1h. Form 8820. Column: (d) Credits subject to the passive activity limit, before application of the limit.",4,255 338.999 321 350.999,yes
topmostSubform[0].Page3[0].Pg3Table[0].Line1h[0].f3_75[0],/Tx,Row: 1h. Form 8820. Column: (e) Credits not subject to the passive activity limits.,4,327 338.999 393 350.999,yes
topmostSubform[0].Page3[0].Pg3Table[0].Line1h[0].f3_76[0],/Tx,Row: 1h. Form 8820. Column: (f) Credit transfer election amount (enter amounts transferred out as a negative amount). ,4,399 338.999 465 350.999,yes
topmostSubform[0].Page3[0].Pg3Table[0].Line1h[0].f3_77[0],/Tx,Row: 1h. Form 8820. Column: (g) Combine columns (e) and (f) with the credit from column (d) allowed after the passive activity limit. ,4,471 338.999 537 350.999,yes
topmostSubform[0].Page3[0].Pg3Table[0].Line1h[0].f3_78[0],/Tx,Row: 1h. Form 8820. Column: (h) Gross elective payment election (E P E) amount. ,4,543 338.999 609 350.999,yes
topmostSubform[0].Page3[0].Pg3Table[0].Line1h[0].f3_79[0],/Tx,Row: 1h. Form 8820. Column: (i) Amount of column (g) applied against tax in Part I I. ,4,615 338.999 681 350.999,yes
topmostSubform[0].Page3[0].Pg3Table[0].Line1h[0].f3_80[0],/Tx,Row: 1h. Form 8820. Column: (j) Net E P E amount. Enter the smaller of column (h) or column (g) minus column (i).,4,687 338.999 756 350.999,yes
topmostSubform[0].Page3[0].Pg3Table[0].Line1i[0].f3_81[0],/Tx,Row: 1i. Form 8874. Column: (a) No. of items. ,4,125.4 320.999 141 332.999,yes
topmostSubform[0].Page3[0].Pg3Table[0].Line1i[0].f3_82[0],/Tx,Row: 1i. Form 8874. Column: (b) Elective payment or transfer registration number. ,4,147 320.999 198.6 332.999,yes
topmostSubform[0].Page3[0].Pg3Table[0].Line1i[0].f3_83[0],/Tx,Row: 1i. Form 8874. Column: (c) Pass-through or transferor credit entity E I N. ,4,204.6 320.999 249 332.999,yes
topmostSubform[0].Page3[0].Pg3Table[0].Line1i[0].f3_84[0],/Tx,"Row: 1i. Form 8874. Column: (d) Credits subject to the passive activity limit, before application of the limit.",4,255 320.999 321 332.999,yes
topmostSubform[0].Page3[0].Pg3Table[0].Line1i[0].f3_85[0],/Tx,Row: 1i. Form 8874. Column: (e) Credits not subject to the passive activity limits.,4,327 320.999 393 332.999,yes
topmostSubform[0].Page3[0].Pg3Table[0].Line1i[0].f3_86[0],/Tx,Row: 1i. Form 8874. Column: (f) Credit transfer election amount (enter amounts transferred out as a negative amount). ,4,399 320.999 465 332.999,yes
topmostSubform[0].Page3[0].Pg3Table[0].Line1i[0].f3_87[0],/Tx,Row: 1i. Form 8874. Column: (g) Combine columns (e) and (f) with the credit from column (d) allowed after the passive activity limit. ,4,471 320.999 537 332.999,yes
topmostSubform[0].Page3[0].Pg3Table[0].Line1i[0].f3_88[0],/Tx,Row: 1i. Form 8874. Column: (h) Gross elective payment election (E P E) amount. ,4,543 320.999 609 332.999,yes
topmostSubform[0].Page3[0].Pg3Table[0].Line1i[0].f3_89[0],/Tx,Row: 1i. Form 8874. Column: (i) Amount of column (g) applied against tax in Part I I. ,4,615 320.999 681 332.999,yes
topmostSubform[0].Page3[0].Pg3Table[0].Line1i[0].f3_90[0],/Tx,Row: 1i. Form 8874. Column: (j) Net E P E amount. Enter the smaller of column (h) or column (g) minus column (i).,4,687 320.999 756 332.999,yes
topmostSubform[0].Page3[0].Pg3Table[0].Line1j[0].f3_91[0],/Tx,"Row: 1j. Form 8881, Part I. Column: (a) No. of items. ",4,125.4 302.999 141 314.999,yes
topmostSubform[0].Page3[0].Pg3Table[0].Line1j[0].f3_92[0],/Tx,"Row: 1j. Form 8881, Part I. Column: (b) Elective payment or transfer registration number. ",4,147 302.999 198.6 314.999,yes
topmostSubform[0].Page3[0].Pg3Table[0].Line1j[0].f3_93[0],/Tx,"Row: 1j. Form 8881, Part I. Column: (c) Pass-through or transferor credit entity E I N. ",4,204.6 302.999 249 314.999,yes
topmostSubform[0].Page3[0].Pg3Table[0].Line1j[0].f3_94[0],/Tx,"Row: 1j. Form 8881, Part I. Column: (d) Credits subject to the passive activity limit, before application of the limit.",4,255 302.999 321 314.999,yes
topmostSubform[0].Page3[0].Pg3Table[0].Line1j[0].f3_95[0],/Tx,"Row: 1j. Form 8881, Part I. Column: (e) Credits not subject to the passive activity limits.",4,327 302.999 393 314.999,yes
topmostSubform[0].Page3[0].Pg3Table[0].Line1j[0].f3_96[0],/Tx,"Row: 1j. Form 8881, Part I. Column: (f) Credit transfer election amount (enter amounts transferred out as a negative amount). ",4,399 302.999 465 314.999,yes
topmostSubform[0].Page3[0].Pg3Table[0].Line1j[0].f3_97[0],/Tx,"Row: 1j. Form 8881, Part I. Column: (g) Combine columns (e) and (f) with the credit from column (d) allowed after the passive activity limit. ",4,471 302.999 537 314.999,yes
topmostSubform[0].Page3[0].Pg3Table[0].Line1j[0].f3_98[0],/Tx,"Row: 1j. Form 8881, Part I. Column: (h) Gross elective payment election (E P E) amount. ",4,543 302.999 609 314.999,yes
topmostSubform[0].Page3[0].Pg3Table[0].Line1j[0].f3_99[0],/Tx,"Row: 1j. Form 8881, Part I. Column: (i) Amount of column (g) applied against tax in Part I I. ",4,615 302.999 681 314.999,yes
topmostSubform[0].Page3[0].Pg3Table[0].Line1j[0].f3_100[0],/Tx,"Row: 1j. Form 8881, Part I. Column: (j) Net E P E amount. Enter the smaller of column (h) or column (g) minus column (i).",4,687 302.999 756 314.999,yes
topmostSubform[0].Page3[0].Pg3Table[0].Line1k[0].f3_101[0],/Tx,Row: 1k. Form 8882. Column: (a) No. of items. ,4,125.4 284.999 141 296.999,yes
topmostSubform[0].Page3[0].Pg3Table[0].Line1k[0].f3_102[0],/Tx,Row: 1k. Form 8882. Column: (b) Elective payment or transfer registration number. ,4,147 284.999 198.6 296.999,yes
topmostSubform[0].Page3[0].Pg3Table[0].Line1k[0].f3_103[0],/Tx,Row: 1k. Form 8882. Column: (c) Pass-through or transferor credit entity E I N. ,4,204.6 284.999 249 296.999,yes
topmostSubform[0].Page3[0].Pg3Table[0].Line1k[0].f3_104[0],/Tx,"Row: 1k. Form 8882. Column: (d) Credits subject to the passive activity limit, before application of the limit.",4,255 284.999 321 296.999,yes
topmostSubform[0].Page3[0].Pg3Table[0].Line1k[0].f3_105[0],/Tx,Row: 1k. Form 8882. Column: (e) Credits not subject to the passive activity limits.,4,327 284.999 393 296.999,yes
topmostSubform[0].Page3[0].Pg3Table[0].Line1k[0].f3_106[0],/Tx,Row: 1k. Form 8882. Column: (f) Credit transfer election amount (enter amounts transferred out as a negative amount). ,4,399 284.999 465 296.999,yes
topmostSubform[0].Page3[0].Pg3Table[0].Line1k[0].f3_107[0],/Tx,Row: 1k. Form 8882. Column: (g) Combine columns (e) and (f) with the credit from column (d) allowed after the passive activity limit. ,4,471 284.999 537 296.999,yes
topmostSubform[0].Page3[0].Pg3Table[0].Line1k[0].f3_108[0],/Tx,Row: 1k. Form 8882. Column: (h) Gross elective payment election (E P E) amount. ,4,543 284.999 609 296.999,yes
topmostSubform[0].Page3[0].Pg3Table[0].Line1k[0].f3_109[0],/Tx,Row: 1k. Form 8882. Column: (i) Amount of column (g) applied against tax in Part I I. ,4,615 284.999 681 296.999,yes
topmostSubform[0].Page3[0].Pg3Table[0].Line1k[0].f3_110[0],/Tx,Row: 1k. Form 8882. Column: (j) Net E P E amount. Enter the smaller of column (h) or column (g) minus column (i).,4,687 284.999 756 296.999,yes
topmostSubform[0].Page3[0].Pg3Table[0].Line1l[0].f3_111[0],/Tx,Row: 1l. Form 8864 (diesel). Column: (a) No. of items. ,4,125.4 266.999 141 278.999,yes
topmostSubform[0].Page3[0].Pg3Table[0].Line1l[0].f3_112[0],/Tx,Row: 1l. Form 8864 (diesel). Column: (b) Elective payment or transfer registration number. ,4,147 266.999 198.6 278.999,yes
topmostSubform[0].Page3[0].Pg3Table[0].Line1l[0].f3_113[0],/Tx,Row: 1l. Form 8864 (diesel). Column: (c) Pass-through or transferor credit entity E I N. ,4,204.6 266.999 249 278.999,yes
topmostSubform[0].Page3[0].Pg3Table[0].Line1l[0].f3_114[0],/Tx,"Row: 1l. Form 8864 (diesel). Column: (d) Credits subject to the passive activity limit, before application of the limit.",4,255 266.999 321 278.999,yes
topmostSubform[0].Page3[0].Pg3Table[0].Line1l[0].f3_115[0],/Tx,Row: 1l. Form 8864 (diesel). Column: (e) Credits not subject to the passive activity limits.,4,327 266.999 393 278.999,yes
topmostSubform[0].Page3[0].Pg3Table[0].Line1l[0].f3_116[0],/Tx,Row: 1l. Form 8864 (diesel). Column: (f) Credit transfer election amount (enter amounts transferred out as a negative amount). ,4,399 266.999 465 278.999,yes
topmostSubform[0].Page3[0].Pg3Table[0].Line1l[0].f3_117[0],/Tx,Row: 1l. Form 8864 (diesel). Column: (g) Combine columns (e) and (f) with the credit from column (d) allowed after the passive activity limit. ,4,471 266.999 537 278.999,yes
topmostSubform[0].Page3[0].Pg3Table[0].Line1l[0].f3_118[0],/Tx,Row: 1l. Form 8864 (diesel). Column: (h) Gross elective payment election (E P E) amount. ,4,543 266.999 609 278.999,yes
topmostSubform[0].Page3[0].Pg3Table[0].Line1l[0].f3_119[0],/Tx,Row: 1l. Form 8864 (diesel). Column: (i) Amount of column (g) applied against tax in Part I I. ,4,615 266.999 681 278.999,yes
topmostSubform[0].Page3[0].Pg3Table[0].Line1l[0].f3_120[0],/Tx,Row: 1l. Form 8864 (diesel). Column: (j) Net E P E amount. Enter the smaller of column (h) or column (g) minus column (i).,4,687 266.999 756 278.999,yes
topmostSubform[0].Page3[0].Pg3Table[0].Line1m[0].f3_121[0],/Tx,Row: 1m. Form 8896. Column: (a) No. of items. ,4,125.4 248.999 141 260.999,yes
topmostSubform[0].Page3[0].Pg3Table[0].Line1m[0].f3_122[0],/Tx,Row: 1m. Form 8896. Column: (b) Elective payment or transfer registration number. ,4,147 248.999 198.6 260.999,yes
topmostSubform[0].Page3[0].Pg3Table[0].Line1m[0].f3_123[0],/Tx,Row: 1m. Form 8896. Column: (c) Pass-through or transferor credit entity E I N. ,4,204.6 248.999 249 260.999,yes
topmostSubform[0].Page3[0].Pg3Table[0].Line1m[0].f3_124[0],/Tx,"Row: 1m. Form 8896. Column: (d) Credits subject to the passive activity limit, before application of the limit.",4,255 248.999 321 260.999,yes
topmostSubform[0].Page3[0].Pg3Table[0].Line1m[0].f3_125[0],/Tx,Row: 1m. Form 8896. Column: (e) Credits not subject to the passive activity limits.,4,327 248.999 393 260.999,yes
topmostSubform[0].Page3[0].Pg3Table[0].Line1m[0].f3_126[0],/Tx,Row: 1m. Form 8896. Column: (f) Credit transfer election amount (enter amounts transferred out as a negative amount). ,4,399 248.999 465 260.999,yes
topmostSubform[0].Page3[0].Pg3Table[0].Line1m[0].f3_127[0],/Tx,Row: 1m. Form 8896. Column: (g) Combine columns (e) and (f) with the credit from column (d) allowed after the passive activity limit. ,4,471 248.999 537 260.999,yes
topmostSubform[0].Page3[0].Pg3Table[0].Line1m[0].f3_128[0],/Tx,Row: 1m. Form 8896. Column: (h) Gross elective payment election (E P E) amount. ,4,543 248.999 609 260.999,yes
topmostSubform[0].Page3[0].Pg3Table[0].Line1m[0].f3_129[0],/Tx,Row: 1m. Form 8896. Column: (i) Amount of column (g) applied against tax in Part I I. ,4,615 248.999 681 260.999,yes
topmostSubform[0].Page3[0].Pg3Table[0].Line1m[0].f3_130[0],/Tx,Row: 1m. Form 8896. Column: (j) Net E P E amount. Enter the smaller of column (h) or column (g) minus column (i).,4,687 248.999 756 260.999,yes
topmostSubform[0].Page3[0].Pg3Table[0].Line1n[0].f3_131[0],/Tx,Row: 1n. Form 8906. Column: (a) No. of items. ,4,125.4 230.999 141 242.999,yes
topmostSubform[0].Page3[0].Pg3Table[0].Line1n[0].f3_132[0],/Tx,Row: 1n. Form 8906. Column: (b) Elective payment or transfer registration number. ,4,147 230.999 198.6 242.999,yes
topmostSubform[0].Page3[0].Pg3Table[0].Line1n[0].f3_133[0],/Tx,Row: 1n. Form 8906. Column: (c) Pass-through or transferor credit entity E I N. ,4,204.6 230.999 249 242.999,yes
topmostSubform[0].Page3[0].Pg3Table[0].Line1n[0].f3_134[0],/Tx,"Row: 1n. Form 8906. Column: (d) Credits subject to the passive activity limit, before application of the limit.",4,255 230.999 321 242.999,yes
topmostSubform[0].Page3[0].Pg3Table[0].Line1n[0].f3_135[0],/Tx,Row: 1n. Form 8906. Column: (e) Credits not subject to the passive activity limits.,4,327 230.999 393 242.999,yes
topmostSubform[0].Page3[0].Pg3Table[0].Line1n[0].f3_136[0],/Tx,Row: 1n. Form 8906. Column: (f) Credit transfer election amount (enter amounts transferred out as a negative amount).  ,4,399 230.999 465 242.999,yes
topmostSubform[0].Page3[0].Pg3Table[0].Line1n[0].f3_137[0],/Tx,Row: 1n. Form 8906. Column: (g) Combine columns (e) and (f) with the credit from column (d) allowed after the passive activity limit. ,4,471 230.999 537 242.999,yes
topmostSubform[0].Page3[0].Pg3Table[0].Line1n[0].f3_138[0],/Tx,Row: 1n. Form 8906. Column: (h) Gross elective payment election (E P E) amount. ,4,543 230.999 609 242.999,yes
topmostSubform[0].Page3[0].Pg3Table[0].Line1n[0].f3_139[0],/Tx,Row: 1n. Form 8906. Column: (i) Amount of column (g) applied against tax in Part I I. ,4,615 230.999 681 242.999,yes
topmostSubform[0].Page3[0].Pg3Table[0].Line1n[0].f3_140[0],/Tx,Row: 1n. Form 8906. Column: (j) Net E P E amount. Enter the smaller of column (h) or column (g) minus column (i).,4,687 230.999 756 242.999,yes
topmostSubform[0].Page3[0].Pg3Table[0].Line1o[0].f3_141[0],/Tx,"Row: 1o. Form 3468, Part I V. Column: (a) No. of items. ",4,125.4 212.999 141 224.999,yes
topmostSubform[0].Page3[0].Pg3Table[0].Line1o[0].f3_142[0],/Tx,"Row: 1o. Form 3468, Part I V. Column: (b) Elective payment or transfer registration number. ",4,147 212.999 198.6 224.999,yes
topmostSubform[0].Page3[0].Pg3Table[0].Line1o[0].f3_143[0],/Tx,"Row: 1o. Form 3468, Part I V. Column: (c) Pass-through or transferor credit entity E I N. ",4,204.6 212.999 249 224.999,yes
topmostSubform[0].Page3[0].Pg3Table[0].Line1o[0].f3_144[0],/Tx,"Row: 1o. Form 3468, Part I V. Column: (d) Credits subject to the passive activity limit, before application of the limit.",4,255 212.999 321 224.999,yes
topmostSubform[0].Page3[0].Pg3Table[0].Line1o[0].f3_145[0],/Tx,"Row: 1o. Form 3468, Part I V. Column: (e) Credits not subject to the passive activity limits.",4,327 212.999 393 224.999,yes
topmostSubform[0].Page3[0].Pg3Table[0].Line1o[0].f3_146[0],/Tx,"Row: 1o. Form 3468, Part I V. Column: (f) Credit transfer election amount (enter amounts transferred out as a negative amount). ",4,399 212.999 465 224.999,yes
topmostSubform[0].Page3[0].Pg3Table[0].Line1o[0].f3_147[0],/Tx,"Row: 1o. Form 3468, Part I V. Column: (g) Combine columns (e) and (f) with the credit from column (d) allowed after the passive activity limit. ",4,471 212.999 537 224.999,yes
topmostSubform[0].Page3[0].Pg3Table[0].Line1o[0].f3_148[0],/Tx,"Row: 1o. Form 3468, Part I V. Column: (h) Gross elective payment election (E P E) amount. ",4,543 212.999 609 224.999,yes
topmostSubform[0].Page3[0].Pg3Table[0].Line1o[0].f3_149[0],/Tx,"Row: 1o. Form 3468, Part I V. Column: (i) Amount of column (g) applied against tax in Part I I. ",4,615 212.999 681 224.999,yes
topmostSubform[0].Page3[0].Pg3Table[0].Line1o[0].f3_150[0],/Tx,"Row: 1o. Form 3468, Part I V. Column: (j) Net E P E amount. Enter the smaller of column (h) or column (g) minus column (i).",4,687 212.999 756 224.999,yes
topmostSubform[0].Page3[0].Pg3Table[0].Line1p[0].f3_151[0],/Tx,Row: 1p. Form 8908. Column: (a) No. of items. ,4,125.4 194.999 141 206.999,yes
topmostSubform[0].Page3[0].Pg3Table[0].Line1p[0].f3_152[0],/Tx,Row: 1p. Form 8908. Column: (b) Elective payment or transfer registration number. ,4,147 194.999 198.6 206.999,yes
topmostSubform[0].Page3[0].Pg3Table[0].Line1p[0].f3_153[0],/Tx,Row: 1p. Form 8908. Column: (c) Pass-through or transferor credit entity E I N. ,4,204.6 194.999 249 206.999,yes
topmostSubform[0].Page3[0].Pg3Table[0].Line1p[0].f3_154[0],/Tx,"Row: 1p. Form 8908. Column: (d) Credits subject to the passive activity limit, before application of the limit.",4,255 194.999 321 206.999,yes
topmostSubform[0].Page3[0].Pg3Table[0].Line1p[0].f3_155[0],/Tx,Row: 1p. Form 8908. Column: (e) Credits not subject to the passive activity limits.,4,327 194.999 393 206.999,yes
topmostSubform[0].Page3[0].Pg3Table[0].Line1p[0].f3_156[0],/Tx,Row: 1p. Form 8908. Column: (f) Credit transfer election amount (enter amounts transferred out as a negative amount). ,4,399 194.999 465 206.999,yes
topmostSubform[0].Page3[0].Pg3Table[0].Line1p[0].f3_157[0],/Tx,Row: 1p. Form 8908. Column: (g) Combine columns (e) and (f) with the credit from column (d) allowed after the passive activity limit. ,4,471 194.999 537 206.999,yes
topmostSubform[0].Page3[0].Pg3Table[0].Line1p[0].f3_158[0],/Tx,Row: 1p. Form 8908. Column: (h) Gross elective payment election (E P E) amount. ,4,543 194.999 609 206.999,yes
topmostSubform[0].Page3[0].Pg3Table[0].Line1p[0].f3_159[0],/Tx,Row: 1p. Form 8908. Column: (i) Amount of column (g) applied against tax in Part I I. ,4,615 194.999 681 206.999,yes
topmostSubform[0].Page3[0].Pg3Table[0].Line1p[0].f3_160[0],/Tx,Row: 1p. Form 8908. Column: (j) Net E P E amount. Enter the smaller of column (h) or column (g) minus column (i).,4,687 194.999 756 206.999,yes
topmostSubform[0].Page3[0].Pg3Table[0].Line1q[0].f3_161[0],/Tx,"Row: 1q. Form 7218, Part I I. Column: (a) No. of items. ",4,125.4 176.999 141 188.999,yes
topmostSubform[0].Page3[0].Pg3Table[0].Line1q[0].f3_162[0],/Tx,"Row: 1q. Form 7218, Part I I. Column: (b) Elective payment or transfer registration number. ",4,147 176.999 198.6 188.999,yes
topmostSubform[0].Page3[0].Pg3Table[0].Line1q[0].f3_163[0],/Tx,"Row: 1q. Form 7218, Part I I. Column: (c) Pass-through or transferor credit entity E I N. ",4,204.6 176.999 249 188.999,yes
topmostSubform[0].Page3[0].Pg3Table[0].Line1q[0].f3_164[0],/Tx,"Row: 1q. Form 7218, Part I I. Column: (d) Credits subject to the passive activity limit, before application of the limit.",4,255 176.999 321 188.999,yes
topmostSubform[0].Page3[0].Pg3Table[0].Line1q[0].f3_165[0],/Tx,"Row: 1q. Form 7218, Part I I. Column: (e) Credits not subject to the passive activity limits.",4,327 176.999 393 188.999,yes
topmostSubform[0].Page3[0].Pg3Table[0].Line1q[0].f3_166[0],/Tx,"Row: 1q. Form 7218, Part I I. Column: (f) Credit transfer election amount (enter amounts transferred out as a negative amount). ",4,399 176.999 465 188.999,yes
topmostSubform[0].Page3[0].Pg3Table[0].Line1q[0].f3_167[0],/Tx,"Row: 1q. Form 7218, Part I I. Column: (g) Combine columns (e) and (f) with the credit from column (d) allowed after the passive activity limit. ",4,471 176.999 537 188.999,yes
topmostSubform[0].Page3[0].Pg3Table[0].Line1q[0].f3_168[0],/Tx,"Row: 1q. Form 7218, Part I I. Column: (h) Gross elective payment election (E P E) amount. ",4,543 176.999 609 188.999,yes
topmostSubform[0].Page3[0].Pg3Table[0].Line1q[0].f3_169[0],/Tx,"Row: 1q. Form 7218, Part I I. Column: (i) Amount of column (g) applied against tax in Part I I. ",4,615 176.999 681 188.999,yes
topmostSubform[0].Page3[0].Pg3Table[0].Line1q[0].f3_170[0],/Tx,"Row: 1q. Form 7218, Part I I. Column: (j) Net E P E amount. Enter the smaller of column (h) or column (g) minus column (i).",4,687 176.999 756 188.999,yes
topmostSubform[0].Page3[0].Pg3Table[0].Line1r[0].f3_171[0],/Tx,Row: 1r. Reserved. Column: (a) No. of items. ,4,125.4 158.999 141 170.999,yes
topmostSubform[0].Page3[0].Pg3Table[0].Line1r[0].f3_172[0],/Tx,Row: 1r. Reserved. Column: (b) Elective payment or transfer registration number. ,4,147 158.999 198.6 170.999,yes
topmostSubform[0].Page3[0].Pg3Table[0].Line1r[0].f3_173[0],/Tx,Row: 1r. Reserved. Column: (c) Pass-through or transferor credit entity E I N. ,4,204.6 158.999 249 170.999,yes
topmostSubform[0].Page3[0].Pg3Table[0].Line1r[0].f3_174[0],/Tx,"Row: 1r. Reserved. Column: (d) Credits subject to the passive activity limit, before application of the limit.",4,255 158.999 321 170.999,yes
topmostSubform[0].Page3[0].Pg3Table[0].Line1r[0].f3_175[0],/Tx,Row: 1r. Reserved. Column: (e) Credits not subject to the passive activity limits.,4,327 158.999 393 170.999,yes
topmostSubform[0].Page3[0].Pg3Table[0].Line1r[0].f3_176[0],/Tx,Row: 1r. Reserved. Column: (f) Credit transfer election amount (enter amounts transferred out as a negative amount). ,4,399 158.999 465 170.999,yes
topmostSubform[0].Page3[0].Pg3Table[0].Line1r[0].f3_177[0],/Tx,Row: 1r. Reserved. Column: (g) Combine columns (e) and (f) with the credit from column (d) allowed after the passive activity limit. ,4,471 158.999 537 170.999,yes
topmostSubform[0].Page3[0].Pg3Table[0].Line1r[0].f3_178[0],/Tx,Row: 1r. Reserved. Column: (h) Gross elective payment election (E P E) amount. ,4,543 158.999 609 170.999,yes
topmostSubform[0].Page3[0].Pg3Table[0].Line1r[0].f3_179[0],/Tx,Row: 1r. Reserved. Column: (i) Amount of column (g) applied against tax in Part I I. ,4,615 158.999 681 170.999,yes
topmostSubform[0].Page3[0].Pg3Table[0].Line1r[0].f3_180[0],/Tx,Row: 1r. Reserved. Column: (j) Net E P E amount. Enter the smaller of column (h) or column (g) minus column (i).,4,687 158.999 756 170.999,yes
topmostSubform[0].Page3[0].Pg3Table[0].Line1s[0].f3_181[0],/Tx,"Row: 1s. Form 8911, Part I. Column: (a) No. of items. ",4,125.4 140.999 141 152.999,yes
topmostSubform[0].Page3[0].Pg3Table[0].Line1s[0].f3_182[0],/Tx,"Row: 1s. Form 8911, Part I. Column: (b) Elective payment or transfer registration number. ",4,147 140.999 198.6 152.999,yes
topmostSubform[0].Page3[0].Pg3Table[0].Line1s[0].f3_183[0],/Tx,"Row: 1s. Form 8911, Part I. Column: (c) Pass-through or transferor credit entity E I N. ",4,204.6 140.999 249 152.999,yes
topmostSubform[0].Page3[0].Pg3Table[0].Line1s[0].f3_184[0],/Tx,"Row: 1s. Form 8911, Part I. Column: (d) Credits subject to the passive activity limit, before application of the limit.",4,255 140.999 321 152.999,yes
topmostSubform[0].Page3[0].Pg3Table[0].Line1s[0].f3_185[0],/Tx,"Row: 1s. Form 8911, Part I. Column: (e) Credits not subject to the passive activity limits.",4,327 140.999 393 152.999,yes
topmostSubform[0].Page3[0].Pg3Table[0].Line1s[0].f3_186[0],/Tx,"Row: 1s. Form 8911, Part I. Column: (f) Credit transfer election amount (enter amounts transferred out as a negative amount). ",4,399 140.999 465 152.999,yes
topmostSubform[0].Page3[0].Pg3Table[0].Line1s[0].f3_187[0],/Tx,"Row: 1s. Form 8911, Part I. Column: (g) Combine columns (e) and (f) with the credit from column (d) allowed after the passive activity limit. ",4,471 140.999 537 152.999,yes
topmostSubform[0].Page3[0].Pg3Table[0].Line1s[0].f3_188[0],/Tx,"Row: 1s. Form 8911, Part I. Column: (h) Gross elective payment election (E P E) amount. ",4,543 140.999 609 152.999,yes
topmostSubform[0].Page3[0].Pg3Table[0].Line1s[0].f3_189[0],/Tx,"Row: 1s. Form 8911, Part I. Column: (i) Amount of column (g) applied against tax in Part I I. ",4,615 140.999 681 152.999,yes
topmostSubform[0].Page3[0].Pg3Table[0].Line1s[0].f3_190[0],/Tx,"Row: 1s. Form 8911, Part I. Column: (j) Net E P E amount. Enter the smaller of column (h) or column (g) minus column (i).",4,687 140.999 756 152.999,yes
topmostSubform[0].Page3[0].Pg3Table[0].Line1t[0].f3_191[0],/Tx,Row: 1t. Form 8830. Column: (a) No. of items. ,4,125.4 122.999 141 134.999,yes
topmostSubform[0].Page3[0].Pg3Table[0].Line1t[0].f3_192[0],/Tx,Row: 1t. Form 8830. Column: (b) Elective payment or transfer registration number. ,4,147 122.999 198.6 134.999,yes
topmostSubform[0].Page3[0].Pg3Table[0].Line1t[0].f3_193[0],/Tx,Row: 1t. Form 8830. Column: (c) Pass-through or transferor credit entity E I N. ,4,204.6 122.999 249 134.999,yes
topmostSubform[0].Page3[0].Pg3Table[0].Line1t[0].f3_194[0],/Tx,"Row: 1t. Form 8830. Column: (d) Credits subject to the passive activity limit, before application of the limit.",4,255 122.999 321 134.999,yes
topmostSubform[0].Page3[0].Pg3Table[0].Line1t[0].f3_195[0],/Tx,Row: 1t. Form 8830. Column: (e) Credits not subject to the passive activity limits.,4,327 122.999 393 134.999,yes
topmostSubform[0].Page3[0].Pg3Table[0].Line1t[0].f3_196[0],/Tx,Row: 1t. Form 8830. Column: (f) Credit transfer election amount (enter amounts transferred out as a negative amount). ,4,399 122.999 465 134.999,yes
topmostSubform[0].Page3[0].Pg3Table[0].Line1t[0].f3_197[0],/Tx,Row: 1t. Form 8830. Column: (g) Combine columns (e) and (f) with the credit from column (d) allowed after the passive activity limit. ,4,471 122.999 537 134.999,yes
topmostSubform[0].Page3[0].Pg3Table[0].Line1t[0].f3_198[0],/Tx,Row: 1t. Form 8830. Column: (h) Gross elective payment election (E P E) amount. ,4,543 122.999 609 134.999,yes
topmostSubform[0].Page3[0].Pg3Table[0].Line1t[0].f3_199[0],/Tx,Row: 1t. Form 8830. Column: (i) Amount of column (g) applied against tax in Part I I. ,4,615 122.999 681 134.999,yes
topmostSubform[0].Page3[0].Pg3Table[0].Line1t[0].f3_200[0],/Tx,Row: 1t. Form 8830. Column: (j) Net E P E amount. Enter the smaller of column (h) or column (g) minus column (i).,4,687 122.999 756 134.999,yes
topmostSubform[0].Page3[0].Pg3Table[0].Line1u[0].f3_201[0],/Tx,"Row: 1u. Form 7213, Part I I. Column: (a) No. of items. ",4,125.4 104.999 141 116.999,yes
topmostSubform[0].Page3[0].Pg3Table[0].Line1u[0].f3_202[0],/Tx,"Row: 1u. Form 7213, Part I I. Column: (b) Elective payment or transfer registration number. ",4,147 104.999 198.6 116.999,yes
topmostSubform[0].Page3[0].Pg3Table[0].Line1u[0].f3_203[0],/Tx,"Row: 1u. Form 7213, Part I I. Column: (c) Pass-through or transferor credit entity E I N. ",4,204.6 104.999 249 116.999,yes
topmostSubform[0].Page3[0].Pg3Table[0].Line1u[0].f3_204[0],/Tx,"Row: 1u. Form 7213, Part I I. Column: (d) Credits subject to the passive activity limit, before application of the limit.",4,255 104.999 321 116.999,yes
topmostSubform[0].Page3[0].Pg3Table[0].Line1u[0].f3_205[0],/Tx,"Row: 1u. Form 7213, Part I I. Column: (e) Credits not subject to the passive activity limits.",4,327 104.999 393 116.999,yes
topmostSubform[0].Page3[0].Pg3Table[0].Line1u[0].f3_206[0],/Tx,"Row: 1u. Form 7213, Part I I. Column: (f) Credit transfer election amount (enter amounts transferred out as a negative amount). ",4,399 104.999 465 116.999,yes
topmostSubform[0].Page3[0].Pg3Table[0].Line1u[0].f3_207[0],/Tx,"Row: 1u. Form 7213, Part I I. Column: (g) Combine columns (e) and (f) with the credit from column (d) allowed after the passive activity limit. ",4,471 104.999 537 116.999,yes
topmostSubform[0].Page3[0].Pg3Table[0].Line1u[0].f3_208[0],/Tx,"Row: 1u. Form 7213, Part I I. Column: (h) Gross elective payment election (E P E) amount. ",4,543 104.999 609 116.999,yes
topmostSubform[0].Page3[0].Pg3Table[0].Line1u[0].f3_209[0],/Tx,"Row: 1u. Form 7213, Part I I. Column: (i) Amount of column (g) applied against tax in Part I I. ",4,615 104.999 681 116.999,yes
topmostSubform[0].Page3[0].Pg3Table[0].Line1u[0].f3_210[0],/Tx,"Row: 1u. Form 7213, Part I I. Column: (j) Net E P E amount. Enter the smaller of column (h) or column (g) minus column (i).",4,687 104.999 756 116.999,yes
topmostSubform[0].Page3[0].Pg3Table[0].Line1v[0].f3_211[0],/Tx,"Row: 1v. Form 3468, Part V. Column: (a) No. of items. ",4,125.4 86.999 141 98.999,yes
topmostSubform[0].Page3[0].Pg3Table[0].Line1v[0].f3_212[0],/Tx,"Row: 1v. Form 3468, Part V. Column: (b) Elective payment or transfer registration number. ",4,147 86.999 198.6 98.999,yes
topmostSubform[0].Page3[0].Pg3Table[0].Line1v[0].f3_213[0],/Tx,"Row: 1v. Form 3468, Part V. Column: (c) Pass-through or transferor credit entity E I N. ",4,204.6 86.999 249 98.999,yes
topmostSubform[0].Page3[0].Pg3Table[0].Line1v[0].f3_214[0],/Tx,"Row: 1v. Form 3468, Part V. Column: (d) Credits subject to the passive activity limit, before application of the limit.",4,255 86.999 321 98.999,yes
topmostSubform[0].Page3[0].Pg3Table[0].Line1v[0].f3_215[0],/Tx,"Row: 1v. Form 3468, Part V. Column: (e) Credits not subject to the passive activity limits.",4,327 86.999 393 98.999,yes
topmostSubform[0].Page3[0].Pg3Table[0].Line1v[0].f3_216[0],/Tx,"Row: 1v. Form 3468, Part V. Column: (f) Credit transfer election amount (enter amounts transferred out as a negative amount). ",4,399 86.999 465 98.999,yes
topmostSubform[0].Page3[0].Pg3Table[0].Line1v[0].f3_217[0],/Tx,"Row: 1v. Form 3468, Part V. Column: (g) Combine columns (e) and (f) with the credit from column (d) allowed after the passive activity limit. ",4,471 86.999 537 98.999,yes
topmostSubform[0].Page3[0].Pg3Table[0].Line1v[0].f3_218[0],/Tx,"Row: 1v. Form 3468, Part V. Column: (h) Gross elective payment election (E P E) amount. ",4,543 86.999 609 98.999,yes
topmostSubform[0].Page3[0].Pg3Table[0].Line1v[0].f3_219[0],/Tx,"Row: 1v. Form 3468, Part V. Column: (i) Amount of column (g) applied against tax in Part I I. ",4,615 86.999 681 98.999,yes
topmostSubform[0].Page3[0].Pg3Table[0].Line1v[0].f3_220[0],/Tx,"Row: 1v. Form 3468, Part V. Column: (j) Net E P E amount. Enter the smaller of column (h) or column (g) minus column (i).",4,687 86.999 756 98.999,yes
topmostSubform[0].Page3[0].Pg3Table[0].Line1w[0].f3_221[0],/Tx,Row: 1w. Form 8932. Column: (a) No. of items. ,4,125.4 68.999 141 80.999,yes
topmostSubform[0].Page3[0].Pg3Table[0].Line1w[0].f3_222[0],/Tx,Row: 1w. Form 8932. Column: (b) Elective payment or transfer registration number. ,4,147 68.999 198.6 80.999,yes
topmostSubform[0].Page3[0].Pg3Table[0].Line1w[0].f3_223[0],/Tx,Row: 1w. Form 8932. Column: (c) Pass-through or transferor credit entity E I N. ,4,204.6 68.999 249 80.999,yes
topmostSubform[0].Page3[0].Pg3Table[0].Line1w[0].f3_224[0],/Tx,"Row: 1w. Form 8932. Column: (d) Credits subject to the passive activity limit, before application of the limit.",4,255 68.999 321 80.999,yes
topmostSubform[0].Page3[0].Pg3Table[0].Line1w[0].f3_225[0],/Tx,Row: 1w. Form 8932. Column: (e) Credits not subject to the passive activity limits.,4,327 68.999 393 80.999,yes
topmostSubform[0].Page3[0].Pg3Table[0].Line1w[0].f3_226[0],/Tx,Row: 1w. Form 8932. Column: (f) Credit transfer election amount (enter amounts transferred out as a negative amount). ,4,399 68.999 465 80.999,yes
topmostSubform[0].Page3[0].Pg3Table[0].Line1w[0].f3_227[0],/Tx,Row: 1w. Form 8932. Column: (g) Combine columns (e) and (f) with the credit from column (d) allowed after the passive activity limit. ,4,471 68.999 537 80.999,yes
topmostSubform[0].Page3[0].Pg3Table[0].Line1w[0].f3_228[0],/Tx,Row: 1w. Form 8932. Column: (h) Gross elective payment election (E P E) amount. ,4,543 68.999 609 80.999,yes
topmostSubform[0].Page3[0].Pg3Table[0].Line1w[0].f3_229[0],/Tx,Row: 1w. Form 8932. Column: (i) Amount of column (g) applied against tax in Part I I. ,4,615 68.999 681 80.999,yes
topmostSubform[0].Page3[0].Pg3Table[0].Line1w[0].f3_230[0],/Tx,Row: 1w. Form 8932. Column: (j) Net E P E amount. Enter the smaller of column (h) or column (g) minus column (i).,4,687 68.999 756 80.999,yes
topmostSubform[0].Page3[0].Pg3Table[0].Line1x[0].f3_231[0],/Tx,Row: 1x. Form 8933. Column: (a) No. of items. ,4,125.4 50.999 141 62.999,yes
topmostSubform[0].Page3[0].Pg3Table[0].Line1x[0].f3_232[0],/Tx,Row: 1x. Form 8933. Column: (b) Elective payment or transfer registration number. ,4,147 50.999 198.6 62.999,yes
topmostSubform[0].Page3[0].Pg3Table[0].Line1x[0].f3_233[0],/Tx,Row: 1x. Form 8933. Column: (c) Pass-through or transferor credit entity E I N. ,4,204.6 50.999 249 62.999,yes
topmostSubform[0].Page3[0].Pg3Table[0].Line1x[0].f3_234[0],/Tx,"Row: 1x. Form 8933. Column: (d) Credits subject to the passive activity limit, before application of the limit.",4,255 50.999 321 62.999,yes
topmostSubform[0].Page3[0].Pg3Table[0].Line1x[0].f3_235[0],/Tx,Row: 1x. Form 8933. Column: (e) Credits not subject to the passive activity limits.,4,327 50.999 393 62.999,yes
topmostSubform[0].Page3[0].Pg3Table[0].Line1x[0].f3_236[0],/Tx,Row: 1x. Form 8933. Column: (f) Credit transfer election amount (enter amounts transferred out as a negative amount). ,4,399 50.999 465 62.999,yes
topmostSubform[0].Page3[0].Pg3Table[0].Line1x[0].f3_237[0],/Tx,Row: 1x. Form 8933. Column: (g) Combine columns (e) and (f) with the credit from column (d) allowed after the passive activity limit. ,4,471 50.999 537 62.999,yes
topmostSubform[0].Page3[0].Pg3Table[0].Line1x[0].f3_238[0],/Tx,Row: 1x. Form 8933. Column: (h) Gross elective payment election (E P E) amount. ,4,543 50.999 609 62.999,yes
topmostSubform[0].Page3[0].Pg3Table[0].Line1x[0].f3_239[0],/Tx,Row: 1x. Form 8933. Column: (i) Amount of column (g) applied against tax in Part I I. ,4,615 50.999 681 62.999,yes
topmostSubform[0].Page3[0].Pg3Table[0].Line1x[0].f3_240[0],/Tx,Row: 1x. Form 8933. Column: (j) Net E P E amount. Enter the smaller of column (h) or column (g) minus column (i).,4,687 50.999 756 62.999,yes
topmostSubform[0].Page4[0].Pg4Table[0].Line1y[0].f4_1-1[0],/Tx,"Page 4. Part I I I. Current Year General Business Credits (G B Cs) (see instructions). If there is more than one number applicable for column (b) or (c) for a line in Part I I I, enter the number of such items in column (a), complete Part V, and see instructions for what to report on that line in Part I I I. (continued). Row: 1y. Form 8936, Part I I. Column: (a) No. of items. ",5,125.4 464.999 141 476.999,yes
topmostSubform[0].Page4[0].Pg4Table[0].Line1y[0].f4_1-2[0],/Tx,"Row: 1y. Form 8936, Part I I. Column: (b) Elective payment or transfer registration number. ",5,147 464.999 198.6 476.999,yes
topmostSubform[0].Page4[0].Pg4Table[0].Line1y[0].f4_1-3[0],/Tx,"Row: 1y. Form 8936, Part I I. Column: (c) Pass-through or transferor credit entity E I N. ",5,204.6 464.999 249 476.999,yes
topmostSubform[0].Page4[0].Pg4Table[0].Line1y[0].f4_1-4[0],/Tx,"Row: 1y. Form 8936, Part I I. Column: (d) Credits subject to the passive activity limit, before application of the limit.",5,255 464.999 321 476.999,yes
topmostSubform[0].Page4[0].Pg4Table[0].Line1y[0].f4_1-5[0],/Tx,"Row: 1y. Form 8936, Part I I. Column: (e) Credits not subject to the passive activity limits.",5,327 464.999 393 476.999,yes
topmostSubform[0].Page4[0].Pg4Table[0].Line1y[0].f4_1-6[0],/Tx,"Row: 1y. Form 8936, Part I I. Column: (f) Credit transfer election amount (enter amounts transferred out as a negative amount). ",5,399 464.999 465 476.999,yes
topmostSubform[0].Page4[0].Pg4Table[0].Line1y[0].f4_1-7[0],/Tx,"Row: 1y. Form 8936, Part I I. Column: (g) Combine columns (e) and (f) with the credit from column (d) allowed after the passive activity limit. ",5,471 464.999 537 476.999,yes
topmostSubform[0].Page4[0].Pg4Table[0].Line1y[0].f4_1-8[0],/Tx,"Row: 1y. Form 8936, Part I I. Column: (h) Gross elective payment election (E P E) amount. ",5,543 464.999 609 476.999,yes
topmostSubform[0].Page4[0].Pg4Table[0].Line1y[0].f4_1-9[0],/Tx,"Row: 1y. Form 8936, Part I I. Column: (i) Amount of column (g) applied against tax in Part I I. ",5,615 464.999 681 476.999,yes
topmostSubform[0].Page4[0].Pg4Table[0].Line1y[0].f4_1-10[0],/Tx,"Row: 1y. Form 8936, Part I I. Column: (j) Net E P E amount. Enter the smaller of column (h) or column (g) minus column (i).",5,687 464.999 756 476.999,yes
topmostSubform[0].Page4[0].Pg4Table[0].Line1z[0].f4_1-11[0],/Tx,Row: 1z. Reserved. Column: (a) No. of items. ,5,125.4 446.999 141 458.999,yes
topmostSubform[0].Page4[0].Pg4Table[0].Line1z[0].f4_2[0],/Tx,Row: 1z. Reserved. Column: (b) Elective payment or transfer registration number. ,5,147 446.999 198.6 458.999,yes
topmostSubform[0].Page4[0].Pg4Table[0].Line1z[0].f4_3[0],/Tx,Row: 1z. Reserved. Column: (c) Pass-through or transferor credit entity E I N. ,5,204.6 446.999 249 458.999,yes
topmostSubform[0].Page4[0].Pg4Table[0].Line1z[0].f4_4[0],/Tx,"Row: 1z. Reserved. Column: (d) Credits subject to the passive activity limit, before application of the limit.",5,255 446.999 321 458.999,yes
topmostSubform[0].Page4[0].Pg4Table[0].Line1z[0].f4_5[0],/Tx,Row: 1z. Reserved. Column: (e) Credits not subject to the passive activity limits.,5,327 446.999 393 458.999,yes
topmostSubform[0].Page4[0].Pg4Table[0].Line1z[0].f4_6[0],/Tx,Row: 1z. Reserved. Column: (f)Credit transfer election amount (enter amounts transferred out as a negative amount). ,5,399 446.999 465 458.999,yes
topmostSubform[0].Page4[0].Pg4Table[0].Line1z[0].f4_7[0],/Tx,Row: 1z. Reserved. Column: (g) Combine columns (e) and (f) with the credit from column (d) allowed after the passive activity limit. ,5,471 446.999 537 458.999,yes
topmostSubform[0].Page4[0].Pg4Table[0].Line1z[0].f4_8[0],/Tx,Row: 1z. Reserved. Column: (h) Gross elective payment election (E P E) amount. ,5,543 446.999 609 458.999,yes
topmostSubform[0].Page4[0].Pg4Table[0].Line1z[0].f4_9[0],/Tx,Row: 1z. Reserved. Column: (i) Amount of column (g) applied against tax in Part I I. ,5,615 446.999 681 458.999,yes
topmostSubform[0].Page4[0].Pg4Table[0].Line1z[0].f4_10[0],/Tx,Row: 1z. Reserved. Column: (j) Net E P E amount. Enter the smaller of column (h) or column (g) minus column (i).,5,687 446.999 756 458.999,yes
topmostSubform[0].Page4[0].Pg4Table[0].Line1aa[0].f4_11[0],/Tx,"Row: 1a a. Form 8936, Part V. Column: (a) No. of items. ",5,125.4 428.999 141 440.999,yes
topmostSubform[0].Page4[0].Pg4Table[0].Line1aa[0].f4_12[0],/Tx,"Row: 1a a. Form 8936, Part V. Column: (b) Elective payment or transfer registration number. ",5,147 428.999 198.6 440.999,yes
topmostSubform[0].Page4[0].Pg4Table[0].Line1aa[0].f4_13[0],/Tx,"Row: 1a a. Form 8936, Part V. Column: (c) Pass-through or transferor credit entity E I N. ",5,204.6 428.999 249 440.999,yes
topmostSubform[0].Page4[0].Pg4Table[0].Line1aa[0].f4_14[0],/Tx,"Row: 1a a. Form 8936, Part V. Column: (d) Credits subject to the passive activity limit, before application of the limit.",5,255 428.999 321 440.999,yes
topmostSubform[0].Page4[0].Pg4Table[0].Line1aa[0].f4_15[0],/Tx,"Row: 1a a. Form 8936, Part V. Column: (e) Credits not subject to the passive activity limits.",5,327 428.999 393 440.999,yes
topmostSubform[0].Page4[0].Pg4Table[0].Line1aa[0].f4_16[0],/Tx,"Row: 1a a. Form 8936, Part V. Column: (f) Credit transfer election amount (enter amounts transferred out as a negative amount). ",5,399 428.999 465 440.999,yes
topmostSubform[0].Page4[0].Pg4Table[0].Line1aa[0].f4_17[0],/Tx,"Row: 1a a. Form 8936, Part V. Column: (g) Combine columns (e) and (f) with the credit from column (d) allowed after the passive activity limit. ",5,471 428.999 537 440.999,yes
topmostSubform[0].Page4[0].Pg4Table[0].Line1aa[0].f4_18[0],/Tx,"Row: 1a a. Form 8936, Part V. Column: (h) Gross elective payment election (E P E) amount. ",5,543 428.999 609 440.999,yes
topmostSubform[0].Page4[0].Pg4Table[0].Line1aa[0].f4_19[0],/Tx,"Row: 1a a. Form 8936, Part V. Column: (i) Amount of column (g) applied against tax in Part I I. ",5,615 428.999 681 440.999,yes
topmostSubform[0].Page4[0].Pg4Table[0].Line1aa[0].f4_20[0],/Tx,"Row: 1a a. Form 8936, Part V. Column: (j) Net E P E amount. Enter the smaller of column (h) or column (g) minus column (i).",5,687 428.999 756 440.999,yes
topmostSubform[0].Page4[0].Pg4Table[0].Line1bb[0].f4_21[0],/Tx,Row: 1b b. Form 8904. Column: (a) No. of items. ,5,125.4 410.999 141 422.999,yes
topmostSubform[0].Page4[0].Pg4Table[0].Line1bb[0].f4_22[0],/Tx,Row: 1b b. Form 8904. Column: (b) Elective payment or transfer registration number. ,5,147 410.999 198.6 422.999,yes
topmostSubform[0].Page4[0].Pg4Table[0].Line1bb[0].f4_23[0],/Tx,Row: 1b b. Form 8904. Column: (c) Pass-through or transferor credit entity E I N. ,5,204.6 410.999 249 422.999,yes
topmostSubform[0].Page4[0].Pg4Table[0].Line1bb[0].f4_24[0],/Tx,"Row: 1b b. Form 8904. Column: (d) Credits subject to the passive activity limit, before application of the limit.",5,255 410.999 321 422.999,yes
topmostSubform[0].Page4[0].Pg4Table[0].Line1bb[0].f4_25[0],/Tx,Row: 1b b. Form 8904. Column: (e) Credits not subject to the passive activity limits.,5,327 410.999 393 422.999,yes
topmostSubform[0].Page4[0].Pg4Table[0].Line1bb[0].f4_26[0],/Tx,Row: 1b b. Form 8904. Column: (f) Credit transfer election amount (enter amounts transferred out as a negative amount). ,5,399 410.999 465 422.999,yes
topmostSubform[0].Page4[0].Pg4Table[0].Line1bb[0].f4_27[0],/Tx,Row: 1b b. Form 8904. Column: (g) Combine columns (e) and (f) with the credit from column (d) allowed after the passive activity limit. ,5,471 410.999 537 422.999,yes
topmostSubform[0].Page4[0].Pg4Table[0].Line1bb[0].f4_28[0],/Tx,Row: 1b b. Form 8904. Column: (h) Gross elective payment election (E P E) amount. ,5,543 410.999 609 422.999,yes
topmostSubform[0].Page4[0].Pg4Table[0].Line1bb[0].f4_29[0],/Tx,Row: 1b b. Form 8904. Column: (i) Amount of column (g) applied against tax in Part I I. ,5,615 410.999 681 422.999,yes
topmostSubform[0].Page4[0].Pg4Table[0].Line1bb[0].f4_30[0],/Tx,Row: 1b b. Form 8904. Column: (j) Net E P E amount. Enter the smaller of column (h) or column (g) minus column (i).,5,687 410.999 756 422.999,yes
topmostSubform[0].Page4[0].Pg4Table[0].Line1cc[0].f4_31[0],/Tx,"Row: 1c c. Form 7213, Part I. Column: (a) No. of items. ",5,125.4 392.999 141 404.999,yes
topmostSubform[0].Page4[0].Pg4Table[0].Line1cc[0].f4_32[0],/Tx,"Row: 1c c. Form 7213, Part I. Column: (b) Elective payment or transfer registration number. ",5,147 392.999 198.6 404.999,yes
topmostSubform[0].Page4[0].Pg4Table[0].Line1cc[0].f4_33[0],/Tx,"Row: 1c c. Form 7213, Part I. Column: (c) Pass-through or transferor credit entity E I N. ",5,204.6 392.999 249 404.999,yes
topmostSubform[0].Page4[0].Pg4Table[0].Line1cc[0].f4_34[0],/Tx,"Row: 1c c. Form 7213, Part I. Column: (d) Credits subject to the passive activity limit, before application of the limit.",5,255 392.999 321 404.999,yes
topmostSubform[0].Page4[0].Pg4Table[0].Line1cc[0].f4_35[0],/Tx,"Row: 1c c. Form 7213, Part I. Column: (e) Credits not subject to the passive activity limits.",5,327 392.999 393 404.999,yes
topmostSubform[0].Page4[0].Pg4Table[0].Line1cc[0].f4_36[0],/Tx,"Row: 1c c. Form 7213, Part I. Column: (f) Credit transfer election amount (enter amounts transferred out as a negative amount). ",5,399 392.999 465 404.999,yes
topmostSubform[0].Page4[0].Pg4Table[0].Line1cc[0].f4_37[0],/Tx,"Row: 1c c. Form 7213, Part I. Column: (g) Combine columns (e) and (f) with the credit from column (d) allowed after the passive activity limit. ",5,471 392.999 537 404.999,yes
topmostSubform[0].Page4[0].Pg4Table[0].Line1cc[0].f4_38[0],/Tx,"Row: 1c c. Form 7213, Part I. Column: (h) Gross elective payment election (E P E) amount. ",5,543 392.999 609 404.999,yes
topmostSubform[0].Page4[0].Pg4Table[0].Line1cc[0].f4_39[0],/Tx,"Row: 1c c. Form 7213, Part I. Column: (i) Amount of column (g) applied against tax in Part I I. ",5,615 392.999 681 404.999,yes
topmostSubform[0].Page4[0].Pg4Table[0].Line1cc[0].f4_40[0],/Tx,"Row: 1c c. Form 7213, Part I. Column: (j) Net E P E amount. Enter the smaller of column (h) or column (g) minus column (i).",5,687 392.999 756 404.999,yes
topmostSubform[0].Page4[0].Pg4Table[0].Line1dd[0].f4_41[0],/Tx,"Row: 1d d. Form 8881, Part I I. Column: (a) No. of items. ",5,125.4 374.999 141 386.999,yes
topmostSubform[0].Page4[0].Pg4Table[0].Line1dd[0].f4_42[0],/Tx,"Row: 1d d. Form 8881, Part I I. Column: (b) Elective payment or transfer registration number. ",5,147 374.999 198.6 386.999,yes
topmostSubform[0].Page4[0].Pg4Table[0].Line1dd[0].f4_43[0],/Tx,"Row: 1d d. Form 8881, Part I I. Column: (c) Pass-through or transferor credit entity E I N. ",5,204.6 374.999 249 386.999,yes
topmostSubform[0].Page4[0].Pg4Table[0].Line1dd[0].f4_44[0],/Tx,"Row: 1d d. Form 8881, Part I I. Column: (d) Credits subject to the passive activity limit, before application of the limit.",5,255 374.999 321 386.999,yes
topmostSubform[0].Page4[0].Pg4Table[0].Line1dd[0].f4_45[0],/Tx,"Row: 1d d. Form 8881, Part I I. Column: (e) Credits not subject to the passive activity limits.",5,327 374.999 393 386.999,yes
topmostSubform[0].Page4[0].Pg4Table[0].Line1dd[0].f4_46[0],/Tx,"Row: 1d d. Form 8881, Part I I. Column: (f) Credit transfer election amount (enter amounts transferred out as a negative amount). ",5,399 374.999 465 386.999,yes
topmostSubform[0].Page4[0].Pg4Table[0].Line1dd[0].f4_47[0],/Tx,"Row: 1d d. Form 8881, Part I I. Column: (g) Combine columns (e) and (f) with the credit from column (d) allowed after the passive activity limit. ",5,471 374.999 537 386.999,yes
topmostSubform[0].Page4[0].Pg4Table[0].Line1dd[0].f4_48[0],/Tx,"Row: 1d d. Form 8881, Part I I. Column: (h) Gross elective payment election (E P E) amount. ",5,543 374.999 609 386.999,yes
topmostSubform[0].Page4[0].Pg4Table[0].Line1dd[0].f4_49[0],/Tx,"Row: 1d d. Form 8881, Part I I. Column: (i) Amount of column (g) applied against tax in Part I I. ",5,615 374.999 681 386.999,yes
topmostSubform[0].Page4[0].Pg4Table[0].Line1dd[0].f4_50[0],/Tx,"Row: 1d d. Form 8881, Part I I. Column: (j) Net E P E amount. Enter the smaller of column (h) or column (g) minus column (i).",5,687 374.999 756 386.999,yes
topmostSubform[0].Page4[0].Pg4Table[0].Line1ee[0].f4_51[0],/Tx,"Row: 1e e. Form 8881, Part I I I. Column: (a) No. of items.  ",5,125.4 356.999 141 368.999,yes
topmostSubform[0].Page4[0].Pg4Table[0].Line1ee[0].f4_52[0],/Tx,"Row: 1e e. Form 8881, Part I I I. Column: (b) Elective payment or transfer registration number. ",5,147 356.999 198.6 368.999,yes
topmostSubform[0].Page4[0].Pg4Table[0].Line1ee[0].f4_53[0],/Tx,"Row: 1e e. Form 8881, Part I I I. Column: (c) Pass-through or transferor credit entity E I N. ",5,204.6 356.999 249 368.999,yes
topmostSubform[0].Page4[0].Pg4Table[0].Line1ee[0].f4_54[0],/Tx,"Row: 1e e. Form 8881, Part I I I. Column: (d) Credits subject to the passive activity limit, before application of the limit.",5,255 356.999 321 368.999,yes
topmostSubform[0].Page4[0].Pg4Table[0].Line1ee[0].f4_55[0],/Tx,"Row: 1e e. Form 8881, Part I I I. Column: (e) Credits not subject to the passive activity limits.",5,327 356.999 393 368.999,yes
topmostSubform[0].Page4[0].Pg4Table[0].Line1ee[0].f4_56[0],/Tx,"Row: 1e e. Form 8881, Part I I I. Column: (f) Credit transfer election amount (enter amounts transferred out as a negative amount). ",5,399 356.999 465 368.999,yes
topmostSubform[0].Page4[0].Pg4Table[0].Line1ee[0].f4_57[0],/Tx,"Row: 1e e. Form 8881, Part I I I. Column: (g) Combine columns (e) and (f) with the credit from column (d) allowed after the passive activity limit. ",5,471 356.999 537 368.999,yes
topmostSubform[0].Page4[0].Pg4Table[0].Line1ee[0].f4_58[0],/Tx,"Row: 1e e. Form 8881, Part I I I. Column: (h) Gross elective payment election (E P E) amount. ",5,543 356.999 609 368.999,yes
topmostSubform[0].Page4[0].Pg4Table[0].Line1ee[0].f4_59[0],/Tx,"Row: 1e e. Form 8881, Part I I I. Column: (i) Amount of column (g) applied against tax in Part I I. ",5,615 356.999 681 368.999,yes
topmostSubform[0].Page4[0].Pg4Table[0].Line1ee[0].f4_60[0],/Tx,"Row: 1e e. Form 8881, Part I I I. Column: (j) Net E P E amount. Enter the smaller of column (h) or column (g) minus column (i).",5,687 356.999 756 368.999,yes
topmostSubform[0].Page4[0].Pg4Table[0].Line1ff[0].f4_61[0],/Tx,Row: 1f f. Reserved. Column: (a) No. of items. ,5,125.4 338.999 141 350.999,yes
topmostSubform[0].Page4[0].Pg4Table[0].Line1ff[0].f4_62[0],/Tx,Row: 1f f. Reserved. Column: (b) Elective payment or transfer registration number. ,5,147 338.999 198.6 350.999,yes
topmostSubform[0].Page4[0].Pg4Table[0].Line1ff[0].f4_63[0],/Tx,Row: 1f f. Reserved. Column: (c) Pass-through or transferor credit entity E I N. ,5,204.6 338.999 249 350.999,yes
topmostSubform[0].Page4[0].Pg4Table[0].Line1ff[0].f4_64[0],/Tx,"Row: 1f f. Reserved. Column: (d) Credits subject to the passive activity limit, before application of the limit.",5,255 338.999 321 350.999,yes
topmostSubform[0].Page4[0].Pg4Table[0].Line1ff[0].f4_65[0],/Tx,Row: 1f f. Reserved. Column: (e) Credits not subject to the passive activity limits.,5,327 338.999 393 350.999,yes
topmostSubform[0].Page4[0].Pg4Table[0].Line1ff[0].f4_66[0],/Tx,Row: 1f f. Reserved. Column: (f) Credit transfer election amount (enter amounts transferred out as a negative amount). ,5,399 338.999 465 350.999,yes
topmostSubform[0].Page4[0].Pg4Table[0].Line1ff[0].f4_67[0],/Tx,Row: 1f f. Reserved. Column: (g) Combine columns (e) and (f) with the credit from column (d) allowed after the passive activity limit. ,5,471 338.999 537 350.999,yes
topmostSubform[0].Page4[0].Pg4Table[0].Line1ff[0].f4_68[0],/Tx,Row: 1f f. Reserved. Column: (h) Gross elective payment election (E P E) amount. ,5,543 338.999 609 350.999,yes
topmostSubform[0].Page4[0].Pg4Table[0].Line1ff[0].f4_69[0],/Tx,Row: 1f f. Reserved. Column: (i) Amount of column (g) applied against tax in Part I I. ,5,615 338.999 681 350.999,yes
topmostSubform[0].Page4[0].Pg4Table[0].Line1ff[0].f4_70[0],/Tx,Row: 1f f. Reserved. Column: (j) Net E P E amount. Enter the smaller of column (h) or column (g) minus column (i).,5,687 338.999 756 350.999,yes
topmostSubform[0].Page4[0].Pg4Table[0].Line1gg[0].f4_71[0],/Tx,"Row: 1g g. Form 7211, Part I I. Column: (a) No. of items. ",5,125.4 320.999 141 332.999,yes
topmostSubform[0].Page4[0].Pg4Table[0].Line1gg[0].f4_72[0],/Tx,"Row: 1g g. Form 7211, Part I I. Column: (b) Elective payment or transfer registration number. ",5,147 320.999 198.6 332.999,yes
topmostSubform[0].Page4[0].Pg4Table[0].Line1gg[0].f4_73[0],/Tx,"Row: 1g g. Form 7211, Part I I. Column: (c) Pass-through or transferor credit entity E I N. ",5,204.6 320.999 249 332.999,yes
topmostSubform[0].Page4[0].Pg4Table[0].Line1gg[0].f4_74[0],/Tx,"Row: 1g g. Form 7211, Part I I. Column: (d) Credits subject to the passive activity limit, before application of the limit.",5,255 320.999 321 332.999,yes
topmostSubform[0].Page4[0].Pg4Table[0].Line1gg[0].f4_75[0],/Tx,"Row: 1g g. Form 7211, Part I I. Column: (e) Credits not subject to the passive activity limits.",5,327 320.999 393 332.999,yes
topmostSubform[0].Page4[0].Pg4Table[0].Line1gg[0].f4_76[0],/Tx,"Row: 1g g. Form 7211, Part I I. Column: (f) Credit transfer election amount (enter amounts transferred out as a negative amount). ",5,399 320.999 465 332.999,yes
topmostSubform[0].Page4[0].Pg4Table[0].Line1gg[0].f4_77[0],/Tx,"Row: 1g g. Form 7211, Part I I. Column: (g) Combine columns (e) and (f) with the credit from column (d) allowed after the passive activity limit. ",5,471 320.999 537 332.999,yes
topmostSubform[0].Page4[0].Pg4Table[0].Line1gg[0].f4_78[0],/Tx,"Row: 1g g. Form 7211, Part I I. Column: (h) Gross elective payment election (E P E) amount. ",5,543 320.999 609 332.999,yes
topmostSubform[0].Page4[0].Pg4Table[0].Line1gg[0].f4_79[0],/Tx,"Row: 1g g. Form 7211, Part I I. Column: (i) Amount of column (g) applied against tax in Part I I. ",5,615 320.999 681 332.999,yes
topmostSubform[0].Page4[0].Pg4Table[0].Line1gg[0].f4_80[0],/Tx,"Row: 1g g. Form 7211, Part I I. Column: (j) Net E P E amount. Enter the smaller of column (h) or column (g) minus column (i).",5,687 320.999 756 332.999,yes
topmostSubform[0].Page4[0].Pg4Table[0].Line1hh[0].f4_81[0],/Tx,Row: 1h h. Reserved. Column: (a) No. of items. ,5,125.4 302.999 141 314.999,yes
topmostSubform[0].Page4[0].Pg4Table[0].Line1hh[0].f4_82[0],/Tx,Row: 1h h. Reserved. Column: (b) Elective payment or transfer registration number. ,5,147 302.999 198.6 314.999,yes
topmostSubform[0].Page4[0].Pg4Table[0].Line1hh[0].f4_83[0],/Tx,Row: 1h h. Reserved. Column: (c) Pass-through or transferor credit entity E I N. ,5,204.6 302.999 249 314.999,yes
topmostSubform[0].Page4[0].Pg4Table[0].Line1hh[0].f4_84[0],/Tx,"Row: 1h h. Reserved. Column: (d) Credits subject to the passive activity limit, before application of the limit.",5,255 302.999 321 314.999,yes
topmostSubform[0].Page4[0].Pg4Table[0].Line1hh[0].f4_85[0],/Tx,Row: 1h h. Reserved. Column: (e) Credits not subject to the passive activity limits.,5,327 302.999 393 314.999,yes
topmostSubform[0].Page4[0].Pg4Table[0].Line1hh[0].f4_86[0],/Tx,Row: 1h h. Reserved. Column: (f) Credit transfer election amount (enter amounts transferred out as a negative amount). ,5,399 302.999 465 314.999,yes
topmostSubform[0].Page4[0].Pg4Table[0].Line1hh[0].f4_87[0],/Tx,Row: 1h h. Reserved. Column: (g) Combine columns (e) and (f) with the credit from column (d) allowed after the passive activity limit. ,5,471 302.999 537 314.999,yes
topmostSubform[0].Page4[0].Pg4Table[0].Line1hh[0].f4_88[0],/Tx,Row: 1h h. Reserved. Column: (h) Gross elective payment election (E P E) amount. ,5,543 302.999 609 314.999,yes
topmostSubform[0].Page4[0].Pg4Table[0].Line1hh[0].f4_89[0],/Tx,Row: 1h h. Reserved. Column: (i) Amount of column (g) applied against tax in Part I I. ,5,615 302.999 681 314.999,yes
topmostSubform[0].Page4[0].Pg4Table[0].Line1hh[0].f4_90[0],/Tx,Row: 1h h. Reserved. Column: (j) Net E P E amount. Enter the smaller of column (h) or column (g) minus column (i).,5,687 302.999 756 314.999,yes
topmostSubform[0].Page4[0].Pg4Table[0].Line1ii[0].f4_91[0],/Tx,Row: 1i i. Reserved. Column: (a) No. of items. ,5,125.4 284.999 141 296.999,yes
topmostSubform[0].Page4[0].Pg4Table[0].Line1ii[0].f4_92[0],/Tx,Row: 1i i. Reserved. Column: (b) Elective payment or transfer registration number. ,5,147 284.999 198.6 296.999,yes
topmostSubform[0].Page4[0].Pg4Table[0].Line1ii[0].f4_93[0],/Tx,Row: 1i i. Reserved. Column: (c) Pass-through or transferor credit entity E I N. ,5,204.6 284.999 249 296.999,yes
topmostSubform[0].Page4[0].Pg4Table[0].Line1ii[0].f4_94[0],/Tx,"Row: 1i i. Reserved. Column: (d) Credits subject to the passive activity limit, before application of the limit.",5,255 284.999 321 296.999,yes
topmostSubform[0].Page4[0].Pg4Table[0].Line1ii[0].f4_95[0],/Tx,Row: 1i i. Reserved. Column: (e) Credits not subject to the passive activity limits.,5,327 284.999 393 296.999,yes
topmostSubform[0].Page4[0].Pg4Table[0].Line1ii[0].f4_96[0],/Tx,Row: 1i i. Reserved. Column: (f) Credit transfer election amount (enter amounts transferred out as a negative amount). ,5,399 284.999 465 296.999,yes
topmostSubform[0].Page4[0].Pg4Table[0].Line1ii[0].f4_97[0],/Tx,Row: 1i i. Reserved. Column: (g) Combine columns (e) and (f) with the credit from column (d) allowed after the passive activity limit. ,5,471 284.999 537 296.999,yes
topmostSubform[0].Page4[0].Pg4Table[0].Line1ii[0].f4_98[0],/Tx,Row: 1i i. Reserved. Column: (h) Gross elective payment election (E P E) amount. ,5,543 284.999 609 296.999,yes
topmostSubform[0].Page4[0].Pg4Table[0].Line1ii[0].f4_99[0],/Tx,Row: 1i i. Reserved. Column: (i) Amount of column (g) applied against tax in Part I I. ,5,615 284.999 681 296.999,yes
topmostSubform[0].Page4[0].Pg4Table[0].Line1ii[0].f4_100[0],/Tx,Row: 1i i. Reserved. Column: (j) Net E P E amount. Enter the smaller of column (h) or column (g) minus column (i).,5,687 284.999 756 296.999,yes
topmostSubform[0].Page4[0].Pg4Table[0].Line1zz[0].f4_101[0],/Tx,Row: 1z z. Other credits. Column: (a) No. of items. ,5,125.4 266.999 141 278.999,yes
topmostSubform[0].Page4[0].Pg4Table[0].Line1zz[0].f4_102[0],/Tx,Row: 1z z. Other credits. Column: (b) Elective payment or transfer registration number. ,5,147 266.999 198.6 278.999,yes
topmostSubform[0].Page4[0].Pg4Table[0].Line1zz[0].f4_103[0],/Tx,Row: 1z z. Other credits. Column: (c) Pass-through or transferor credit entity E I N. ,5,204.6 266.999 249 278.999,yes
topmostSubform[0].Page4[0].Pg4Table[0].Line1zz[0].f4_104[0],/Tx,"Row: 1z z. Other credits. Column: (d) Credits subject to the passive activity limit, before application of the limit.",5,255 266.999 321 278.999,yes
topmostSubform[0].Page4[0].Pg4Table[0].Line1zz[0].f4_105[0],/Tx,Row: 1z z. Other credits. Column: (e) Credits not subject to the passive activity limits.,5,327 266.999 393 278.999,yes
topmostSubform[0].Page4[0].Pg4Table[0].Line1zz[0].f4_106[0],/Tx,Row: 1z z. Other credits. Column: (f) Credit transfer election amount (enter amounts transferred out as a negative amount). ,5,399 266.999 465 278.999,yes
topmostSubform[0].Page4[0].Pg4Table[0].Line1zz[0].f4_107[0],/Tx,Row: 1z z. Other credits. Column: (g) Combine columns (e) and (f) with the credit from column (d) allowed after the passive activity limit.  ,5,471 266.999 537 278.999,yes
topmostSubform[0].Page4[0].Pg4Table[0].Line1zz[0].f4_108[0],/Tx,Row: 1z z. Other credits. Column: (h) Gross elective payment election (E P E) amount. ,5,543 266.999 609 278.999,yes
topmostSubform[0].Page4[0].Pg4Table[0].Line1zz[0].f4_109[0],/Tx,Row: 1z z. Other credits. Column: (i) Amount of column (g) applied against tax in Part I I. ,5,615 266.999 681 278.999,yes
topmostSubform[0].Page4[0].Pg4Table[0].Line1zz[0].f4_110[0],/Tx,Row: 1z z. Other credits. Column: (j) Net E P E amount. Enter the smaller of column (h) or column (g) minus column (i).,5,687 266.999 756 278.999,yes
topmostSubform[0].Page4[0].Pg4Table[0].Line2[0].f4_111[0],/Tx,Row: 2. Add lines 1a–1z z. Column: (a) No. of items. ,5,125.4 248.999 141 260.999,yes
topmostSubform[0].Page4[0].Pg4Table[0].Line2[0].f4_112[0],/Tx,Row: 2. Add lines 1a–1z z. Column: (b) Elective payment or transfer registration number. ,5,147 248.999 198.6 260.999,yes
topmostSubform[0].Page4[0].Pg4Table[0].Line2[0].f4_113[0],/Tx,Row: 2. Add lines 1a–1z z. Column: (c) Pass-through or transferor credit entity E I N. ,5,204.6 248.999 249 260.999,yes
topmostSubform[0].Page4[0].Pg4Table[0].Line2[0].f4_114[0],/Tx,"Row: 2. Add lines 1a–1z z. Column: (d) Credits subject to the passive activity limit, before application of the limit.",5,255 248.999 321 260.999,yes
topmostSubform[0].Page4[0].Pg4Table[0].Line2[0].f4_115[0],/Tx,Row: 2. Add lines 1a–1z z. Column: (e) Credits not subject to the passive activity limits.,5,327 248.999 393 260.999,yes
topmostSubform[0].Page4[0].Pg4Table[0].Line2[0].f4_116[0],/Tx,Row: 2. Add lines 1a–1z z. Column: (f) Credit transfer election amount (enter amounts transferred out as a negative amount). ,5,399 248.999 465 260.999,yes
topmostSubform[0].Page4[0].Pg4Table[0].Line2[0].f4_117[0],/Tx,Row: 2. Add lines 1a–1z z. Column: (g) Combine columns (e) and (f) with the credit from column (d) allowed after the passive activity limit. ,5,471 248.999 537 260.999,yes
topmostSubform[0].Page4[0].Pg4Table[0].Line2[0].f4_118[0],/Tx,Row: 2. Add lines 1a–1z z. Column: (h) Gross elective payment election (E P E) amount. ,5,543 248.999 609 260.999,yes
topmostSubform[0].Page4[0].Pg4Table[0].Line2[0].f4_119[0],/Tx,Row: 2. Add lines 1a–1z z. Column: (i) Amount of column (g) applied against tax in Part I I. ,5,615 248.999 681 260.999,yes
topmostSubform[0].Page4[0].Pg4Table[0].Line2[0].f4_120[0],/Tx,Row: 2. Add lines 1a–1z z. Column: (j) Net E P E amount. Enter the smaller of column (h) or column (g) minus column (i).,5,687 248.999 756 260.999,yes
topmostSubform[0].Page4[0].Pg4Table[0].Line3[0].f4_121[0],/Tx,Row: 3. Form 8844. Column: (a) No. of items. ,5,125.4 230.999 141 242.999,yes
topmostSubform[0].Page4[0].Pg4Table[0].Line3[0].f4_122[0],/Tx,Row: 3. Form 8844. Column: (b) Elective payment or transfer registration number. ,5,147 230.999 198.6 242.999,yes
topmostSubform[0].Page4[0].Pg4Table[0].Line3[0].f4_123[0],/Tx,Row: 3. Form 8844. Column: (c) Pass-through or transferor credit entity E I N. ,5,204.6 230.999 249 242.999,yes
topmostSubform[0].Page4[0].Pg4Table[0].Line3[0].f4_124[0],/Tx,"Row: 3. Form 8844. Column: (d) Credits subject to  the passive activity limit, before application of the limit. ",5,255 230.999 321 242.999,yes
topmostSubform[0].Page4[0].Pg4Table[0].Line3[0].f4_125[0],/Tx,Row: 3. Form 8844. Column: (e) Credits not subject to the passive activity limits.,5,327 230.999 393 242.999,yes
topmostSubform[0].Page4[0].Pg4Table[0].Line3[0].f4_126[0],/Tx,Row: 3. Form 8844. Column: (f) Credit transfer election amount (enter amounts transferred out as a negative amount). ,5,399 230.999 465 242.999,yes
topmostSubform[0].Page4[0].Pg4Table[0].Line3[0].f4_127[0],/Tx,Row: 3. Form 8844. Column: (g) Combine columns (e) and (f) with the credit from column (d) allowed after the passive activity limit.,5,471 230.999 537 242.999,yes
topmostSubform[0].Page4[0].Pg4Table[0].Line3[0].f4_128[0],/Tx,Row: 3. Form 8844. Column: (h) Gross elective payment election (E P E) amount. ,5,543 230.999 609 242.999,yes
topmostSubform[0].Page4[0].Pg4Table[0].Line3[0].f4_129[0],/Tx,Row: 3. Form 8844. Column: (i) Amount of column (g) applied against tax in Part I I. ,5,615 230.999 681 242.999,yes
topmostSubform[0].Page4[0].Pg4Table[0].Line3[0].f4_130[0],/Tx,Row: 3. Form 8844. Column: (j) Net E P E amount. Enter the smaller of column (h) or column (g) minus column (i). ,5,687 230.999 756 242.999,yes
topmostSubform[0].Page4[0].Pg4Table[0].Line4a[0].f4_131[0],/Tx,"Row: 4. Specified credits: a. Form 3468, Part V I. Column: (a) No. of items. ",5,125.4 194.999 141 206.999,yes
topmostSubform[0].Page4[0].Pg4Table[0].Line4a[0].f4_132[0],/Tx,"Row: 4. Specified credits: a. Form 3468, Part V I. Column: (b) Elective payment or transfer registration number.",5,147 194.999 198.6 206.999,yes
topmostSubform[0].Page4[0].Pg4Table[0].Line4a[0].f4_133[0],/Tx,"Row: 4a. Form 3468, Part V I. Column: (c) Pass-through or transferor credit entity E I N. ",5,204.6 194.999 249 206.999,yes
topmostSubform[0].Page4[0].Pg4Table[0].Line4a[0].f4_134[0],/Tx,"Row: 4a. Form 3468, Part V I. Column: (d) Credits subject to  the passive activity limit, before application of the limit. ",5,255 194.999 321 206.999,yes
topmostSubform[0].Page4[0].Pg4Table[0].Line4a[0].f4_135[0],/Tx,"Row: 4a. Form 3468, Part V I. Column: (e) Credits not subject to the passive activity limits.",5,327 194.999 393 206.999,yes
topmostSubform[0].Page4[0].Pg4Table[0].Line4a[0].f4_136[0],/Tx,"Row: 4a. Form 3468, Part V I. Column: (f) Credit transfer election amount (enter amounts transferred out as a negative amount). ",5,399 194.999 465 206.999,yes
topmostSubform[0].Page4[0].Pg4Table[0].Line4a[0].f4_137[0],/Tx,"Row: 4a. Form 3468, Part V I. Column: (g) Combine columns (e) and (f) with the credit from column (d) allowed after the passive activity limit.",5,471 194.999 537 206.999,yes
topmostSubform[0].Page4[0].Pg4Table[0].Line4a[0].f4_138[0],/Tx,"Row: 4a. Form 3468, Part V I. Column: (h) Gross elective payment election (E P E) amount. ",5,543 194.999 609 206.999,yes
topmostSubform[0].Page4[0].Pg4Table[0].Line4a[0].f4_139[0],/Tx,"Row: 4a. Form 3468, Part V I. Column: (i) Amount of column (g) applied against tax in Part I I. ",5,615 194.999 681 206.999,yes
topmostSubform[0].Page4[0].Pg4Table[0].Line4a[0].f4_140[0],/Tx,"Row: 4a. Form 3468, Part V I. Column: (j) Net E P E amount. Enter the smaller of column (h) or column (g) minus column (i). ",5,687 194.999 756 206.999,yes
topmostSubform[0].Page4[0].Pg4Table[0].Line4b[0].f4_141[0],/Tx,Row: 4b. Form 5884. Column: (a) No. of items. ,5,125.4 176.999 141 188.999,yes
topmostSubform[0].Page4[0].Pg4Table[0].Line4b[0].f4_142[0],/Tx,Row: 4b. Form 5884. Column: (b) Elective payment or transfer registration number.,5,147 176.999 198.6 188.999,yes
topmostSubform[0].Page4[0].Pg4Table[0].Line4b[0].f4_143[0],/Tx,Row: 4b. Form 5884. Column: (c) Pass-through or transferor credit entity E I N. ,5,204.6 176.999 249 188.999,yes
topmostSubform[0].Page4[0].Pg4Table[0].Line4b[0].f4_144[0],/Tx,"Row: 4b. Form 5884. Column: (d) Credits subject to  the passive activity limit, before application of the limit. ",5,255 176.999 321 188.999,yes
topmostSubform[0].Page4[0].Pg4Table[0].Line4b[0].f4_145[0],/Tx,Row: 4b. Form 5884. Column: (e) Credits not subject to the passive activity limits.,5,327 176.999 393 188.999,yes
topmostSubform[0].Page4[0].Pg4Table[0].Line4b[0].f4_146[0],/Tx,Row: 4b. Form 5884. Column: (f) Credit transfer election amount (enter amounts transferred out as a negative amount). ,5,399 176.999 465 188.999,yes
topmostSubform[0].Page4[0].Pg4Table[0].Line4b[0].f4_147[0],/Tx,Row: 4b. Form 5884. Column: (g) Combine columns (e) and (f) with the credit from column (d) allowed after the passive activity limit.,5,471 176.999 537 188.999,yes
topmostSubform[0].Page4[0].Pg4Table[0].Line4b[0].f4_148[0],/Tx,Row: 4b. Form 5884. Column: (h) Gross elective payment election (E P E) amount. ,5,543 176.999 609 188.999,yes
topmostSubform[0].Page4[0].Pg4Table[0].Line4b[0].f4_149[0],/Tx,Row: 4b. Form 5884. Column: (i) Amount of column (g) applied against tax in Part I I. ,5,615 176.999 681 188.999,yes
topmostSubform[0].Page4[0].Pg4Table[0].Line4b[0].f4_150[0],/Tx,Row: 4b. Form 5884. Column: (j) Net E P E amount. Enter the smaller of column (h) or column (g) minus column (i). ,5,687 176.999 756 188.999,yes
topmostSubform[0].Page4[0].Pg4Table[0].Line4c[0].f4_151[0],/Tx,Row: 4c. Reserved. Column: (a) No. of items. ,5,125.4 158.999 141 170.999,yes
topmostSubform[0].Page4[0].Pg4Table[0].Line4c[0].f4_152[0],/Tx,Row: 4c. Reserved. Column: (b) Elective payment or transfer registration number.,5,147 158.999 198.6 170.999,yes
topmostSubform[0].Page4[0].Pg4Table[0].Line4c[0].f4_153[0],/Tx,Row: 4c. Reserved. Column: (c) Pass-through or transferor credit entity E I N. ,5,204.6 158.999 249 170.999,yes
topmostSubform[0].Page4[0].Pg4Table[0].Line4c[0].f4_154[0],/Tx,"Row: 4c. Reserved. Column: (d) Credits subject to the passive activity limit, before application of the limit. ",5,255 158.999 321 170.999,yes
topmostSubform[0].Page4[0].Pg4Table[0].Line4c[0].f4_155[0],/Tx,Row: 4c. Reserved. Column: (e) Credits not subject to the passive activity limits.,5,327 158.999 393 170.999,yes
topmostSubform[0].Page4[0].Pg4Table[0].Line4c[0].f4_156[0],/Tx,Row: 4c. Reserved. Column: (f) Credit transfer election amount (enter amounts transferred out as a negative amount). ,5,399 158.999 465 170.999,yes
topmostSubform[0].Page4[0].Pg4Table[0].Line4c[0].f4_157[0],/Tx,Row: 4c. Reserved. Column: (g) Combine columns (e) and (f) with the credit from column (d) allowed after the passive activity limit.,5,471 158.999 537 170.999,yes
topmostSubform[0].Page4[0].Pg4Table[0].Line4c[0].f4_158[0],/Tx,Row: 4c. Reserved. Column: (h) Gross elective payment election (E P E) amount. ,5,543 158.999 609 170.999,yes
topmostSubform[0].Page4[0].Pg4Table[0].Line4c[0].f4_159[0],/Tx,Row: 4c. Reserved. Column: (i) Amount of column (g) applied against tax in Part I I. ,5,615 158.999 681 170.999,yes
topmostSubform[0].Page4[0].Pg4Table[0].Line4c[0].f4_160[0],/Tx,Row: 4c. Reserved. Column: (j) Net E P E amount. Enter the smaller of column (h) or column (g) minus column (i). ,5,687 158.999 756 170.999,yes
topmostSubform[0].Page4[0].Pg4Table[0].Line4d[0].f4_161[0],/Tx,Row: 4d. Form 8586. Column: (a) No. of items. ,5,125.4 140.999 141 152.999,yes
topmostSubform[0].Page4[0].Pg4Table[0].Line4d[0].f4_162[0],/Tx,Row: 4d. Form 8586. Column: (b) Elective payment or transfer registration number.,5,147 140.999 198.6 152.999,yes
topmostSubform[0].Page4[0].Pg4Table[0].Line4d[0].f4_163[0],/Tx,Row: 4d. Form 8586. Column: (c) Pass-through or transferor credit entity E I N. ,5,204.6 140.999 249 152.999,yes
topmostSubform[0].Page4[0].Pg4Table[0].Line4d[0].f4_164[0],/Tx,"Row: 4d. Form 8586. Column: (d) Credits subject to  the passive activity limit, before application of the limit. ",5,255 140.999 321 152.999,yes
topmostSubform[0].Page4[0].Pg4Table[0].Line4d[0].f4_165[0],/Tx,Row: 4d. Form 8586. Column: (e) Credits not subject to the passive activity limits.,5,327 140.999 393 152.999,yes
topmostSubform[0].Page4[0].Pg4Table[0].Line4d[0].f4_166[0],/Tx,Row: 4d. Form 8586. Column: (f) Credit transfer election amount (enter amounts transferred out as a negative amount). ,5,399 140.999 465 152.999,yes
topmostSubform[0].Page4[0].Pg4Table[0].Line4d[0].f4_167[0],/Tx,Row: 4d. Form 8586. Column: (g) Combine columns (e) and (f) with the credit from column (d) allowed after the passive activity limit.,5,471 140.999 537 152.999,yes
topmostSubform[0].Page4[0].Pg4Table[0].Line4d[0].f4_168[0],/Tx,Row: 4d. Form 8586. Column: (h) Gross elective payment election (E P E) amount. ,5,543 140.999 609 152.999,yes
topmostSubform[0].Page4[0].Pg4Table[0].Line4d[0].f4_169[0],/Tx,Row: 4d. Form 8586. Column: (i) Amount of column (g) applied against tax in Part I I. ,5,615 140.999 681 152.999,yes
topmostSubform[0].Page4[0].Pg4Table[0].Line4d[0].f4_170[0],/Tx,Row: 4d. Form 8586. Column: (j) Net E P E amount. Enter the smaller of column (h) or column (g) minus column (i). ,5,687 140.999 756 152.999,yes
topmostSubform[0].Page4[0].Pg4Table[0].Line4e[0].f4_171[0],/Tx,"Row: 4e. Form 8835, Part I I. Column: (a) No. of items. ",5,125.4 122.999 141 134.999,yes
topmostSubform[0].Page4[0].Pg4Table[0].Line4e[0].f4_172[0],/Tx,"Row: 4e. Form 8835, Part I I. Column: (b) Elective payment or transfer registration number.",5,147 122.999 198.6 134.999,yes
topmostSubform[0].Page4[0].Pg4Table[0].Line4e[0].f4_173[0],/Tx,"Row: 4e. Form 8835, Part I I. Column: (c) Pass-through or transferor credit entity E I N. ",5,204.6 122.999 249 134.999,yes
topmostSubform[0].Page4[0].Pg4Table[0].Line4e[0].f4_174[0],/Tx,"Row: 4e. Form 8835, Part I I. Column: (d) Credits subject to  the passive activity limit, before application of the limit. ",5,255 122.999 321 134.999,yes
topmostSubform[0].Page4[0].Pg4Table[0].Line4e[0].f4_175[0],/Tx,"Row: 4e. Form 8835, Part I I. Column: (e) Credits not subject to the passive activity limits.",5,327 122.999 393 134.999,yes
topmostSubform[0].Page4[0].Pg4Table[0].Line4e[0].f4_176[0],/Tx,"Row: 4e. Form 8835, Part I I. Column: (f) Credit transfer election amount (enter amounts transferred out as a negative amount). ",5,399 122.999 465 134.999,yes
topmostSubform[0].Page4[0].Pg4Table[0].Line4e[0].f4_177[0],/Tx,"Row: 4e. Form 8835, Part I I. Column: (g) Combine columns (e) and (f) with the credit from column (d) allowed after the passive activity limit.",5,471 122.999 537 134.999,yes
topmostSubform[0].Page4[0].Pg4Table[0].Line4e[0].f4_178[0],/Tx,Row: 4e. Form 8835 Part I I. Column: (h) Gross elective payment election (E P E) amount. ,5,543 122.999 609 134.999,yes
topmostSubform[0].Page4[0].Pg4Table[0].Line4e[0].f4_179[0],/Tx,"Row: 4e. Form 8835, Part I I. Column: (i) Amount of column (g) applied against tax in Part I I. ",5,615 122.999 681 134.999,yes
topmostSubform[0].Page4[0].Pg4Table[0].Line4e[0].f4_180[0],/Tx,"Row: 4e. Form 8835, Part I I. Column: (j) Net E P E amount. Enter the smaller of column (h) or column (g) minus column (i). ",5,687 122.999 756 134.999,yes
topmostSubform[0].Page4[0].Pg4Table[0].Line4f[0].f4_181[0],/Tx,Row: 4f. Form 8846. Column: (a) No. of items. ,5,125.4 104.999 141 116.999,yes
topmostSubform[0].Page4[0].Pg4Table[0].Line4f[0].f4_182[0],/Tx,Row: 4f. Form 8846. Column: (b) Elective payment or transfer registration number.,5,147 104.999 198.6 116.999,yes
topmostSubform[0].Page4[0].Pg4Table[0].Line4f[0].f4_183[0],/Tx,Row: 4f. Form 8846. Column: (c) Pass-through or transferor credit entity E I N. ,5,204.6 104.999 249 116.999,yes
topmostSubform[0].Page4[0].Pg4Table[0].Line4f[0].f4_184[0],/Tx,"Row: 4f. Form 8846. Column: (d) Credits subject to  the passive activity limit, before application of the limit. ",5,255 104.999 321 116.999,yes
topmostSubform[0].Page4[0].Pg4Table[0].Line4f[0].f4_185[0],/Tx,Row: 4f. Form 8846. Column: (e) Credits not subject to the passive activity limits.,5,327 104.999 393 116.999,yes
topmostSubform[0].Page4[0].Pg4Table[0].Line4f[0].f4_186[0],/Tx,Row: 4f. Form 8846. Column: (f) Credit transfer election amount (enter amounts transferred out as a negative amount). ,5,399 104.999 465 116.999,yes
topmostSubform[0].Page4[0].Pg4Table[0].Line4f[0].f4_187[0],/Tx,Row: 4f. Form 8846. Column: (g) Combine columns (e) and (f) with the credit from column (d) allowed after the passive activity limit.,5,471 104.999 537 116.999,yes
topmostSubform[0].Page4[0].Pg4Table[0].Line4f[0].f4_188[0],/Tx,Row: 4f. Form 8846. Column: (h) Gross elective payment election (E P E) amount. ,5,543 104.999 609 116.999,yes
topmostSubform[0].Page4[0].Pg4Table[0].Line4f[0].f4_189[0],/Tx,Row: 4f. Form 8846. Column: (i) Amount of column (g) applied against tax in Part I I. ,5,615 104.999 681 116.999,yes
topmostSubform[0].Page4[0].Pg4Table[0].Line4f[0].f4_190[0],/Tx,Row: 4f. Form 8846. Column: (j) Net E P E amount. Enter the smaller of column (h) or column (g) minus column (i). ,5,687 104.999 756 116.999,yes
topmostSubform[0].Page4[0].Pg4Table[0].Line4g[0].f4_191[0],/Tx,Row: 4g. Form 8900. Column: (a) No. of items. ,5,125.4 86.999 141 98.999,yes
topmostSubform[0].Page4[0].Pg4Table[0].Line4g[0].f4_192[0],/Tx,Row: 4g. Form 8900. Column: (b) Elective payment or transfer registration number.,5,147 86.999 198.6 98.999,yes
topmostSubform[0].Page4[0].Pg4Table[0].Line4g[0].f4_193[0],/Tx,Row: 4g. Form 8900. Column: (c) Pass-through or transferor credit entity E I N. ,5,204.6 86.999 249 98.999,yes
topmostSubform[0].Page4[0].Pg4Table[0].Line4g[0].f4_194[0],/Tx,"Row: 4g. Form 8900. Column: (d) Credits subject to  the passive activity limit, before application of the limit. ",5,255 86.999 321 98.999,yes
topmostSubform[0].Page4[0].Pg4Table[0].Line4g[0].f4_195[0],/Tx,Row: 4g. Form 8900. Column: (e) Credits not subject to the passive activity limits.,5,327 86.999 393 98.999,yes
topmostSubform[0].Page4[0].Pg4Table[0].Line4g[0].f4_196[0],/Tx,Row: 4g. Form 8900. Column: (f) Credit transfer election amount (enter amounts transferred out as a negative amount). ,5,399 86.999 465 98.999,yes
topmostSubform[0].Page4[0].Pg4Table[0].Line4g[0].f4_197[0],/Tx,Row: 4g. Form 8900. Column: (g) Combine columns (e) and (f) with the credit from column (d) allowed after the passive activity limit.,5,471 86.999 537 98.999,yes
topmostSubform[0].Page4[0].Pg4Table[0].Line4g[0].f4_198[0],/Tx,Row: 4g. Form 8900. Column: (h) Gross elective payment election (E P E) amount. ,5,543 86.999 609 98.999,yes
topmostSubform[0].Page4[0].Pg4Table[0].Line4g[0].f4_199[0],/Tx,Row: 4g. Form 8900. Column: (i) Amount of column (g) applied against tax in Part I I. ,5,615 86.999 681 98.999,yes
topmostSubform[0].Page4[0].Pg4Table[0].Line4g[0].f4_200[0],/Tx,Row: 4g. Form 8900. Column: (j) Net E P E amount. Enter the smaller of column (h) or column (g) minus column (i). ,5,687 86.999 756 98.999,yes
topmostSubform[0].Page4[0].Pg4Table[0].Line4h[0].f4_201[0],/Tx,Row: 4h. Form 8941. Column: (a) No. of items. ,5,125.4 68.999 141 80.999,yes
topmostSubform[0].Page4[0].Pg4Table[0].Line4h[0].f4_202[0],/Tx,Row: 4h. Form 8941. Column: (b) Elective payment or transfer registration number.,5,147 68.999 198.6 80.999,yes
topmostSubform[0].Page4[0].Pg4Table[0].Line4h[0].f4_203[0],/Tx,Row: 4h. Form 8941. Column: (c) Pass-through or transferor credit entity E I N. ,5,204.6 68.999 249 80.999,yes
topmostSubform[0].Page4[0].Pg4Table[0].Line4h[0].f4_204[0],/Tx,"Row: 4h. Form 8941. Column: (d) Credits subject to  the passive activity limit, before application of the limit. ",5,255 68.999 321 80.999,yes
topmostSubform[0].Page4[0].Pg4Table[0].Line4h[0].f4_205[0],/Tx,Row: 4h. Form 8941. Column: (e) Credits not subject to the passive activity limits.,5,327 68.999 393 80.999,yes
topmostSubform[0].Page4[0].Pg4Table[0].Line4h[0].f4_206[0],/Tx,Row: 4h. Form 8941. Column: (f) Credit transfer election amount (enter amounts transferred out as a negative amount). ,5,399 68.999 465 80.999,yes
topmostSubform[0].Page4[0].Pg4Table[0].Line4h[0].f4_207[0],/Tx,Row: 4h. Form 8941. Column: (g) Combine columns (e) and (f) with the credit from column (d) allowed after the passive activity limit.,5,471 68.999 537 80.999,yes
topmostSubform[0].Page4[0].Pg4Table[0].Line4h[0].f4_208[0],/Tx,Row: 4h. Form 8941. Column: (h) Gross elective payment election (E P E) amount. ,5,543 68.999 609 80.999,yes
topmostSubform[0].Page4[0].Pg4Table[0].Line4h[0].f4_209[0],/Tx,Row: 4h. Form 8941. Column: (i) Amount of column (g) applied against tax in Part I I. ,5,615 68.999 681 80.999,yes
topmostSubform[0].Page4[0].Pg4Table[0].Line4h[0].f4_210[0],/Tx,Row: 4h. Form 8941. Column: (j) Net E P E amount. Enter the smaller of column (h) or column (g) minus column (i). ,5,687 68.999 756 80.999,yes
topmostSubform[0].Page4[0].Pg4Table[0].Line4i[0].f4_211[0],/Tx,Row: 4i. Form 6765 (E S B). Column: (a) No. of items. ,5,125.4 50.999 141 62.999,yes
topmostSubform[0].Page4[0].Pg4Table[0].Line4i[0].f4_212[0],/Tx,Row: 4i. Form 6765 (E S B). Column: (b) Elective payment or transfer registration number.,5,147 50.999 198.6 62.999,yes
topmostSubform[0].Page4[0].Pg4Table[0].Line4i[0].f4_213[0],/Tx,Row: 4i. Form 6765 (E S B). Column: (c) Pass-through or transferor credit entity E I N. ,5,204.6 50.999 249 62.999,yes
topmostSubform[0].Page4[0].Pg4Table[0].Line4i[0].f4_214[0],/Tx,"Row: 4i. Form 6765 (E S B). Column: (d) Credits subject to  the passive activity limit, before application of the limit. ",5,255 50.999 321 62.999,yes
topmostSubform[0].Page4[0].Pg4Table[0].Line4i[0].f4_215[0],/Tx,Row: 4i. Form 6765 (E S B). Column: (e) Credits not subject to the passive activity limits.,5,327 50.999 393 62.999,yes
topmostSubform[0].Page4[0].Pg4Table[0].Line4i[0].f4_216[0],/Tx,Row: 4i. Form 6765 (E S B). Column: (f) Credit transfer election amount (enter amounts transferred out as a negative amount). ,5,399 50.999 465 62.999,yes
topmostSubform[0].Page4[0].Pg4Table[0].Line4i[0].f4_217[0],/Tx,Row: 4i. Form 6765 (E S B). Column: (g) Combine columns (e) and (f) with the credit from column (d) allowed after the passive activity limit.,5,471 50.999 537 62.999,yes
topmostSubform[0].Page4[0].Pg4Table[0].Line4i[0].f4_218[0],/Tx,Row: 4i. Form 6765 (E S B). Column: (h) Gross elective payment election (E P E) amount. ,5,543 50.999 609 62.999,yes
topmostSubform[0].Page4[0].Pg4Table[0].Line4i[0].f4_219[0],/Tx,Row: 4i. Form 6765 (E S B). Column: (i) Amount of column (g) applied against tax in Part I I. ,5,615 50.999 681 62.999,yes
topmostSubform[0].Page4[0].Pg4Table[0].Line4i[0].f4_220[0],/Tx,Row: 4i. Form 6765 (E S B). Column: (j) Net E P E amount. Enter the smaller of column (h) or column (g) minus column (i). ,5,687 50.999 756 62.999,yes
topmostSubform[0].Page5[0].Pg5Table[0].Line4j[0].f5_1-1[0],/Tx,"Page 5. Part I I I. Current Year General Business Credits (G B Cs) (see instructions). If there is more than one number applicable for column (b) or (c) for a line in Part I I I, enter the number of such items in column (a), complete Part V, and see instructions for what to report on that line in Part I I I. (continued). Row: 4j. Form 8994. Column: (a) No. of items. ",6,125.4 464.999 141 476.999,yes
topmostSubform[0].Page5[0].Pg5Table[0].Line4j[0].f5_1-2[0],/Tx,Row: 4j. Form 8994. Column: (b) Elective payment or transfer registration number.,6,147 464.999 198.6 476.999,yes
topmostSubform[0].Page5[0].Pg5Table[0].Line4j[0].f5_1-3[0],/Tx,Row: 4j. Form 8994. Column: (c) Pass-through or transferor credit entity E I N. ,6,204.6 464.999 249 476.999,yes
topmostSubform[0].Page5[0].Pg5Table[0].Line4j[0].f5_1-4[0],/Tx,"Row: 4j. Form 8994. Column: (d) Credits subject to  the passive activity limit, before application of the limit. ",6,255 464.999 321 476.999,yes
topmostSubform[0].Page5[0].Pg5Table[0].Line4j[0].f5_1-5[0],/Tx,Row: 4j. Form 8994. Column: (e) Credits not subject to the passive activity limits.,6,327 464.999 393 476.999,yes
topmostSubform[0].Page5[0].Pg5Table[0].Line4j[0].f5_1-6[0],/Tx,Row: 4j. Form 8994. Column: (f) Credit transfer election amount (enter amounts transferred out as a negative amount). ,6,399 464.999 465 476.999,yes
topmostSubform[0].Page5[0].Pg5Table[0].Line4j[0].f5_1-7[0],/Tx,Row: 4j. Form 8994. Column: (g) Combine columns (e) and (f) with the credit from column (d) allowed after the passive activity limit.,6,471 464.999 537 476.999,yes
topmostSubform[0].Page5[0].Pg5Table[0].Line4j[0].f5_1-8[0],/Tx,Row: 4j. Form 8994. Column: (h) Gross elective payment election (E P E) amount. ,6,543 464.999 609 476.999,yes
topmostSubform[0].Page5[0].Pg5Table[0].Line4j[0].f5_1-9[0],/Tx,Row: 4j. Form 8994. Column: (i) Amount of column (g) applied against tax in Part I I. ,6,615 464.999 681 476.999,yes
topmostSubform[0].Page5[0].Pg5Table[0].Line4j[0].f5_1-10[0],/Tx,Row: 4j. Form 8994. Column: (j) Net E P E amount. Enter the smaller of column (h) or column (g) minus column (i). ,6,687 461.999 753 476.999,yes
topmostSubform[0].Page5[0].Pg5Table[0].Line4k[0].f5_1-11[0],/Tx,"Row: 4k. Form 3468, Part V I I. Column: (a) No. of items. ",6,125.4 446.999 141 458.999,yes
topmostSubform[0].Page5[0].Pg5Table[0].Line4k[0].f5_2[0],/Tx,"Row: 4k. Form 3468, Part V I I. Column: (b) Elective payment or transfer registration number.",6,147 446.999 198.6 458.999,yes
topmostSubform[0].Page5[0].Pg5Table[0].Line4k[0].f5_3[0],/Tx,"Row: 4k. Form 3468, Part V I I. Column: (c) Pass-through or transferor credit entity E I N. ",6,204.6 446.999 249 458.999,yes
topmostSubform[0].Page5[0].Pg5Table[0].Line4k[0].f5_4[0],/Tx,"Row: 4k. Form 3468, Part V I I. Column: (d) Credits subject to  the passive activity limit, before application of the limit. ",6,255 446.999 321 458.999,yes
topmostSubform[0].Page5[0].Pg5Table[0].Line4k[0].f5_5[0],/Tx,"Row: 4k. Form 3468, Part V I I. Column: (e) Credits not subject to the passive activity limits.",6,327 446.999 393 458.999,yes
topmostSubform[0].Page5[0].Pg5Table[0].Line4k[0].f5_6[0],/Tx,"Row: 4k. Form 3468, Part V I I. Column: (f) Credit transfer election amount (enter amounts transferred out as a negative amount). ",6,399 446.999 465 458.999,yes
topmostSubform[0].Page5[0].Pg5Table[0].Line4k[0].f5_7[0],/Tx,"Row: 4k. Form 3468, Part V I I. Column: (g) Combine columns (e) and (f) with the credit from column (d) allowed after the passive activity limit.",6,471 446.999 537 458.999,yes
topmostSubform[0].Page5[0].Pg5Table[0].Line4k[0].f5_8[0],/Tx,"Row: 4k. Form 3468, Part V I I. Column: (h) Gross elective payment election (E P E) amount. ",6,543 446.999 609 458.999,yes
topmostSubform[0].Page5[0].Pg5Table[0].Line4k[0].f5_9[0],/Tx,"Row: 4k. Form 3468, Part V I I. Column: (i) Amount of column (g) applied against tax in Part I I. ",6,615 446.999 681 458.999,yes
topmostSubform[0].Page5[0].Pg5Table[0].Line4k[0].f5_10[0],/Tx,"Row: 4k. Form 3468, Part V I I. Column: (j) Net E P E amount. Enter the smaller of column (h) or column (g) minus column (i). ",6,687 443.999 753 458.999,yes
topmostSubform[0].Page5[0].Pg5Table[0].Line4l[0].f5_11[0],/Tx,Row: 4l. Reserved. Column: (a) No. of items. ,6,125.4 428.999 141 440.999,yes
topmostSubform[0].Page5[0].Pg5Table[0].Line4l[0].f5_12[0],/Tx,Row: 4l. Reserved. Column: (b) Elective payment or transfer registration number.,6,147 428.999 198.6 440.999,yes
topmostSubform[0].Page5[0].Pg5Table[0].Line4l[0].f5_13[0],/Tx,Row: 4l. Reserved. Column: (c) Pass-through or transferor credit entity E I N. ,6,204.6 428.999 249 440.999,yes
topmostSubform[0].Page5[0].Pg5Table[0].Line4l[0].f5_14[0],/Tx,"Row: 4l. Reserved. Column: (d) Credits subject to  the passive activity limit, before application of the limit. ",6,255 428.999 321 440.999,yes
topmostSubform[0].Page5[0].Pg5Table[0].Line4l[0].f5_15[0],/Tx,Row: 4l. Reserved. Column: (e) Credits not subject to the passive activity limits.,6,327 428.999 393 440.999,yes
topmostSubform[0].Page5[0].Pg5Table[0].Line4l[0].f5_16[0],/Tx,Row: 4l. Reserved. Column: (f) Credit transfer election amount (enter amounts transferred out as a negative amount). ,6,399 428.999 465 440.999,yes
topmostSubform[0].Page5[0].Pg5Table[0].Line4l[0].f5_17[0],/Tx,Row: 4l. Reserved. Column: (g) Combine columns (e) and (f) with the credit from column (d) allowed after the passive activity limit.,6,471 428.999 537 440.999,yes
topmostSubform[0].Page5[0].Pg5Table[0].Line4l[0].f5_18[0],/Tx,Row: 4l. Reserved. Column: (h) Gross elective payment election (E P E) amount. ,6,543 428.999 609 440.999,yes
topmostSubform[0].Page5[0].Pg5Table[0].Line4l[0].f5_19[0],/Tx,Row: 4l. Reserved. Column: (i) Amount of column (g) applied against tax in Part I I. ,6,615 428.999 681 440.999,yes
topmostSubform[0].Page5[0].Pg5Table[0].Line4l[0].f5_20[0],/Tx,Row: 4l. Reserved. Column: (j) Net E P E amount. Enter the smaller of column (h) or column (g) minus column (i). ,6,687 425.999 753 440.999,yes
topmostSubform[0].Page5[0].Pg5Table[0].Line4m[0].f5_21[0],/Tx,Row: 4m. Reserved. Column: (a) No. of items. ,6,125.4 410.999 141 422.999,yes
topmostSubform[0].Page5[0].Pg5Table[0].Line4m[0].f5_22[0],/Tx,Row: 4m. Reserved. Column: (b) Elective payment or transfer registration number.,6,147 410.999 198.6 422.999,yes
topmostSubform[0].Page5[0].Pg5Table[0].Line4m[0].f5_23[0],/Tx,Row: 4m. Reserved. Column: (c) Pass-through or transferor credit entity E I N. ,6,204.6 410.999 249 422.999,yes
topmostSubform[0].Page5[0].Pg5Table[0].Line4m[0].f5_24[0],/Tx,"Row: 4m. Reserved. Column: (d) Credits subject to  the passive activity limit, before application of the limit. ",6,255 410.999 321 422.999,yes
topmostSubform[0].Page5[0].Pg5Table[0].Line4m[0].f5_25[0],/Tx,Row: 4m. Reserved. Column: (e) Credits not subject to the passive activity limits.,6,327 410.999 393 422.999,yes
topmostSubform[0].Page5[0].Pg5Table[0].Line4m[0].f5_26[0],/Tx,Row: 4m. Reserved. Column: (f) Credit transfer election amount (enter amounts transferred out as a negative amount). ,6,399 410.999 465 422.999,yes
topmostSubform[0].Page5[0].Pg5Table[0].Line4m[0].f5_27[0],/Tx,Row: 4m. Reserved. Column: (g) Combine columns (e) and (f) with the credit from column (d) allowed after the passive activity limit.,6,471 410.999 537 422.999,yes
topmostSubform[0].Page5[0].Pg5Table[0].Line4m[0].f5_28[0],/Tx,Row: 4m. Reserved. Column: (h) Gross elective payment election (E P E) amount. ,6,543 410.999 609 422.999,yes
topmostSubform[0].Page5[0].Pg5Table[0].Line4m[0].f5_29[0],/Tx,Row: 4m. Reserved. Column: (i) Amount of column (g) applied against tax in Part I I. ,6,615 410.999 681 422.999,yes
topmostSubform[0].Page5[0].Pg5Table[0].Line4m[0].f5_30[0],/Tx,Row: 4m. Reserved. Column: (j) Net E P E amount. Enter the smaller of column (h) or column (g) minus column (i). ,6,687 407.999 753 422.999,yes
topmostSubform[0].Page5[0].Pg5Table[0].Line4z[0].f5_31[0],/Tx,Row: 4z. Other specified credits. Column: (a) No. of items. ,6,125.4 386.998 141 398.999,yes
topmostSubform[0].Page5[0].Pg5Table[0].Line4z[0].f5_32[0],/Tx,Row: 4z. Other specified credits. Column: (b) Elective payment or transfer registration number.,6,147 386.998 198.6 398.999,yes
topmostSubform[0].Page5[0].Pg5Table[0].Line4z[0].f5_33[0],/Tx,Row: 4z. Other specified credits. Column: (c) Pass-through or transferor credit entity E I N. ,6,204.6 386.998 249 398.999,yes
topmostSubform[0].Page5[0].Pg5Table[0].Line4z[0].f5_34[0],/Tx,"Row: 4z. Other specified credits. Column: (d) Credits subject to  the passive activity limit, before application of the limit. ",6,255 386.998 321 398.999,yes
topmostSubform[0].Page5[0].Pg5Table[0].Line4z[0].f5_35[0],/Tx,Row: 4z. Other specified credits. Column: (e) Credits not subject to the passive activity limits.,6,327 386.998 393 398.999,yes
topmostSubform[0].Page5[0].Pg5Table[0].Line4z[0].f5_36[0],/Tx,Row: 4z. Other specified credits. Column: (f) Credit transfer election amount (enter amounts transferred out as a negative amount). ,6,399 386.998 465 398.999,yes
topmostSubform[0].Page5[0].Pg5Table[0].Line4z[0].f5_37[0],/Tx,Row: 4z. Other specified credits. Column: (g) Combine columns (e) and (f) with the credit from column (d) allowed after the passive activity limit.,6,471 386.998 537 398.999,yes
topmostSubform[0].Page5[0].Pg5Table[0].Line4z[0].f5_38[0],/Tx,Row: 4z. Other specified credits. Column: (h) Gross elective payment election (E P E) amount. ,6,543 386.998 609 398.999,yes
topmostSubform[0].Page5[0].Pg5Table[0].Line4z[0].f5_39[0],/Tx,Row: 4z. Other specified credits. Column: (i) Amount of column (g) applied against tax in Part I I. ,6,615 386.998 681 398.999,yes
topmostSubform[0].Page5[0].Pg5Table[0].Line4z[0].f5_40[0],/Tx,Row: 4z. Other specified credits. Column: (j) Net E P E amount. Enter the smaller of column (h) or column (g) minus column (i). ,6,687 386.998 756 398.999,yes
topmostSubform[0].Page5[0].Pg5Table[0].Line5[0].f5_41[0],/Tx,Row: 5. Add lines 4a–4z. Column: (a) No. of items. ,6,125.4 368.998 141 380.998,yes
topmostSubform[0].Page5[0].Pg5Table[0].Line5[0].f5_42[0],/Tx,Row: 5. Add lines 4a–4z. Column: (b) Elective payment or transfer registration number.,6,147 368.998 198.6 380.998,yes
topmostSubform[0].Page5[0].Pg5Table[0].Line5[0].f5_43[0],/Tx,Row: 5. Add lines 4a–4z. Column: (c) Pass-through or transferor credit entity E I N. ,6,204.6 368.998 249 380.998,yes
topmostSubform[0].Page5[0].Pg5Table[0].Line5[0].f5_44[0],/Tx,"Row: 5. Add lines 4a–4z. Column: (d) Credits subject to  the passive activity limit, before application of the limit. ",6,255 368.998 321 380.998,yes
topmostSubform[0].Page5[0].Pg5Table[0].Line5[0].f5_45[0],/Tx,Row: 5. Add lines 4a–4z. Column: (e) Credits not subject to the passive activity limits.,6,327 368.998 393 380.998,yes
topmostSubform[0].Page5[0].Pg5Table[0].Line5[0].f5_46[0],/Tx,Row: 5. Add lines 4a–4z. Column: (f) Credit transfer election amount (enter amounts transferred out as a negative amount). ,6,399 368.998 465 380.998,yes
topmostSubform[0].Page5[0].Pg5Table[0].Line5[0].f5_47[0],/Tx,Row: 5. Add lines 4a–4z. Column: (g) Combine columns (e) and (f) with the credit from column (d) allowed after the passive activity limit.,6,471 368.998 537 380.998,yes
topmostSubform[0].Page5[0].Pg5Table[0].Line5[0].f5_48[0],/Tx,Row: 5. Add lines 4a–4z. Column: (h) Gross elective payment election (E P E) amount. ,6,543 368.998 609 380.998,yes
topmostSubform[0].Page5[0].Pg5Table[0].Line5[0].f5_49[0],/Tx,Row: 5. Add lines 4a–4z. Column: (i) Amount of column (g) applied against tax in Part I I. ,6,615 368.998 681 380.998,yes
topmostSubform[0].Page5[0].Pg5Table[0].Line5[0].f5_50[0],/Tx,Row: 5. Add lines 4a–4z. Column: (j) Net E P E amount. Enter the smaller of column (h) or column (g) minus column (i). ,6,687 368.998 756 380.998,yes
topmostSubform[0].Page5[0].Pg5Table[0].Line6[0].f5_51[0],/Tx,"Row: 6. Add lines 2, 3, and 5. Column: (a) No. of items. ",6,125.4 344.997 141 356.998,yes
topmostSubform[0].Page5[0].Pg5Table[0].Line6[0].f5_52[0],/Tx,"Row: 6. Add lines 2, 3, and 5. Column: (b) Elective payment or transfer registration number.",6,147 344.997 198.6 356.998,yes
topmostSubform[0].Page5[0].Pg5Table[0].Line6[0].f5_53[0],/Tx,"Row: 6. Add lines 2, 3, and 5. Column: (c) Pass-through or transferor credit entity E I N. ",6,204.6 344.997 249 356.998,yes
topmostSubform[0].Page5[0].Pg5Table[0].Line6[0].f5_54[0],/Tx,"Row: 6. Add lines 2, 3, and 5. Column: (d) Credits subject to  the passive activity limit, before application of the limit. ",6,255 344.997 321 356.998,yes
topmostSubform[0].Page5[0].Pg5Table[0].Line6[0].f5_55[0],/Tx,"Row: 6. Add lines 2, 3, and 5. Column: (e) Credits not subject to the passive activity limits.",6,327 344.997 393 356.998,yes
topmostSubform[0].Page5[0].Pg5Table[0].Line6[0].f5_56[0],/Tx,"Row: 6. Add lines 2, 3, and 5. Column: (f) Credit transfer election amount (enter amounts transferred out as a negative amount). ",6,399 344.997 465 356.998,yes
topmostSubform[0].Page5[0].Pg5Table[0].Line6[0].f5_57[0],/Tx,"Row: 6. Add lines 2, 3, and 5. Column: (g) Combine columns (e) and (f) with the credit from column (d) allowed after the passive activity limit.",6,471 344.997 537 356.998,yes
topmostSubform[0].Page5[0].Pg5Table[0].Line6[0].f5_58[0],/Tx,"Row: 6. Add lines 2, 3, and 5. Column: (h) Gross elective payment election (E P E) amount. ",6,543 344.997 609 356.998,yes
topmostSubform[0].Page5[0].Pg5Table[0].Line6[0].f5_59[0],/Tx,"Row: 6. Add lines 2, 3, and 5. Column: (i) Amount of column (g) applied against tax in Part I I. ",6,615 344.997 681 356.998,yes
topmostSubform[0].Page5[0].Pg5Table[0].Line6[0].f5_60[0],/Tx,"Row: 6. Add lines 2, 3, and 5. Column: (j) Net E P E amount. Enter the smaller of column (h) or column (g) minus column (i). ",6,687 344.997 756 356.998,yes
topmostSubform[0].Page6[0].Pg6Table[0].Line1a[0].f6_1[0],/Tx,"Page 6. Part I V. Carryovers of General Business Credits (G B Cs) (see instructions). Row: 1a. Form 3468, Part I I. Column: (a) No. of items.",7,161.406 471 177.006 483,yes
topmostSubform[0].Page6[0].Pg6Table[0].Line1a[0].f6_2[0],/Tx,"Row: 1a. Form 3468, Part I I. Column: (b) Originating tax year.",7,183.006 471 227.406 483,yes
topmostSubform[0].Page6[0].Pg6Table[0].Line1a[0].f6_3[0],/Tx,"Row: 1a. Form 3468, Part I I. Column: (c) Pass-through entity E I N.",7,233.406 471 277.806 483,yes
topmostSubform[0].Page6[0].Pg6Table[0].Line1a[0].f6_4[0],/Tx,"Row: 1a. Form 3468, Part I I. Column: Carryover. Subject to the passive activity limits. (d) Before the passive activity limitations.",7,283.806 471 357.006 483,yes
topmostSubform[0].Page6[0].Pg6Table[0].Line1a[0].f6_5[0],/Tx,"Row: 1a. Form 3468, Part I I. Column: Carryover. Subject to the passive activity limits. (e) After the passive activity limitations.",7,363.006 471 436.206 483,yes
topmostSubform[0].Page6[0].Pg6Table[0].Line1a[0].f6_6[0],/Tx,"Row: 1a. Form 3468, Part I I. Column: Carryover. (f) Not subject to passive activity limits.",7,442.206 471 515.406 483,yes
topmostSubform[0].Page6[0].Pg6Table[0].Line1a[0].f6_7[0],/Tx,"Row: 1a. Form 3468, Part I I. Column: Carryover. (g) Amount of columns (e) and (f) applied against tax in Part I I.",7,521.406 471 594.606 483,yes
topmostSubform[0].Page6[0].Pg6Table[0].Line1a[0].f6_8[0],/Tx,"Row: 1a. Form 3468, Part I I. Column: (h)  Amount of columns (e) and (f) recaptured or otherwise adjusted.",7,600.606 471 673.806 483,yes
topmostSubform[0].Page6[0].Pg6Table[0].Line1a[0].f6_9[0],/Tx,"Row: 1a. Form 3468, Part I I. Column: (i) Carryforward to 2027. Subtract the sum of columns (g) and (h) from the sum of columns (e) and (f).",7,679.806 471 756.006 483,yes
topmostSubform[0].Page6[0].Pg6Table[0].Line1b[0].f6_10[0],/Tx,Row: 1b. Form 7207. Column: (a) No. of items.,7,161.406 453 177.006 465,yes
topmostSubform[0].Page6[0].Pg6Table[0].Line1b[0].f6_11[0],/Tx,Row: 1b. Form 7207. Column: (b) Originating tax year.,7,183.006 453 227.406 465,yes
topmostSubform[0].Page6[0].Pg6Table[0].Line1b[0].f6_12[0],/Tx,Row: 1b. Form 7207. Column: (c) Pass-through entity E I N.,7,233.406 453 277.806 465,yes
topmostSubform[0].Page6[0].Pg6Table[0].Line1b[0].f6_13[0],/Tx,Row: 1b. Form 7207. Column: Carryover. Subject to the passive activity limits. (d) Before the passive activity limitations.,7,283.806 453 357.006 465,yes
topmostSubform[0].Page6[0].Pg6Table[0].Line1b[0].f6_14[0],/Tx,Row: 1b. Form 7207. Column: Carryover. Subject to the passive activity limits. (e) After the passive activity limitations.,7,363.006 453 436.206 465,yes
topmostSubform[0].Page6[0].Pg6Table[0].Line1b[0].f6_15[0],/Tx,Row: 1b. Form 7207. Column: Carryover. (f) Not subject to passive activity limits.,7,442.206 453 515.406 465,yes
topmostSubform[0].Page6[0].Pg6Table[0].Line1b[0].f6_16[0],/Tx,Row: 1b. Form 7207. Column: Carryover. (g) Amount of columns (e) and (f) applied against tax in Part I I.,7,521.406 453 594.606 465,yes
topmostSubform[0].Page6[0].Pg6Table[0].Line1b[0].f6_17[0],/Tx,Row: 1b. Form 7207. Column: (h) Amount of columns (e) and (f) recaptured or otherwise adjusted.,7,600.606 453 673.806 465,yes
topmostSubform[0].Page6[0].Pg6Table[0].Line1b[0].f6_18[0],/Tx,Row: 1b. Form 7207. Column: (i) Carryforward to 2027. Subtract the sum of columns (g) and (h) from the sum of columns (e) and (f).,7,679.806 453 756.006 465,yes
topmostSubform[0].Page6[0].Pg6Table[0].Line1c[0].f6_19[0],/Tx,Row: 1c. Form 6765. Column: (a) No. of items.,7,161.406 435 177.006 447,yes
topmostSubform[0].Page6[0].Pg6Table[0].Line1c[0].f6_20[0],/Tx,Row: 1c. Form 6765. Column: (b) Originating tax year.,7,183.006 435 227.406 447,yes
topmostSubform[0].Page6[0].Pg6Table[0].Line1c[0].f6_21[0],/Tx,Row: 1c. Form 6765. Column: (c) Pass-through entity E I N.,7,233.406 435 277.806 447,yes
topmostSubform[0].Page6[0].Pg6Table[0].Line1c[0].f6_22[0],/Tx,Row: 1c. Form 6765. Column: Carryover. Subject to the passive activity limits. (d) Before the passive activity limitations.,7,283.806 435 357.006 447,yes
topmostSubform[0].Page6[0].Pg6Table[0].Line1c[0].f6_23[0],/Tx,Row: 1c. Form 6765. Column: Carryover. Subject to the passive activity limits. (e) After the passive activity limitations.,7,363.006 435 436.206 447,yes
topmostSubform[0].Page6[0].Pg6Table[0].Line1c[0].f6_24[0],/Tx,Row: 1c. Form 6765. Column: Carryover. (f) Not subject to passive activity limits.,7,442.206 435 515.406 447,yes
topmostSubform[0].Page6[0].Pg6Table[0].Line1c[0].f6_25[0],/Tx,Row: 1c. Form 6765. Column: Carryover. (g) Amount of columns (e) and (f) applied against tax in Part I I.,7,521.406 435 594.606 447,yes
topmostSubform[0].Page6[0].Pg6Table[0].Line1c[0].f6_26[0],/Tx,Row: 1c. Form 6765. Column: (h) Amount of columns (e) and (f) recaptured or otherwise adjusted.,7,600.606 435 673.806 447,yes
topmostSubform[0].Page6[0].Pg6Table[0].Line1c[0].f6_27[0],/Tx,Row: 1c. Form 6765. Column: (i) Carryforward to 2027. Subtract the sum of columns (g) and (h) from the sum of columns (e) and (f).,7,679.806 435 756.006 447,yes
topmostSubform[0].Page6[0].Pg6Table[0].Line1d[0].f6_28[0],/Tx,"Row: 1d. Form 3468, Part I I I. Column: (a) No. of items.",7,161.406 417 177.006 429,yes
topmostSubform[0].Page6[0].Pg6Table[0].Line1d[0].f6_29[0],/Tx,"Row: 1d. Form 3468, Part I I I. Column: (b) Originating tax year.",7,183.006 417 227.406 429,yes
topmostSubform[0].Page6[0].Pg6Table[0].Line1d[0].f6_30[0],/Tx,"Row: 1d. Form 3468, Part I I I. Column: (c) Pass-through entity E I N.",7,233.406 417 277.806 429,yes
topmostSubform[0].Page6[0].Pg6Table[0].Line1d[0].f6_31[0],/Tx,"Row: 1d. Form 3468, Part I I I. Column: Carryover. Subject to the passive activity limits. (d) Before the passive activity limitations.",7,283.806 417 357.006 429,yes
topmostSubform[0].Page6[0].Pg6Table[0].Line1d[0].f6_32[0],/Tx,"Row: 1d. Form 3468, Part I I I. Column: Carryover. Subject to the passive activity limits. (e) After the passive activity limitations.",7,363.006 417 436.206 429,yes
topmostSubform[0].Page6[0].Pg6Table[0].Line1d[0].f6_33[0],/Tx,"Row: 1d. Form 3468, Part I I I. Column: Carryover. (f) Not subject to passive activity limits.",7,442.206 417 515.406 429,yes
topmostSubform[0].Page6[0].Pg6Table[0].Line1d[0].f6_34[0],/Tx,"Row: 1d. Form 3468, Part I I I. Column: Carryover. (g) Amount of columns (e) and (f) applied against tax in Part I I.",7,521.406 417 594.606 429,yes
topmostSubform[0].Page6[0].Pg6Table[0].Line1d[0].f6_35[0],/Tx,"Row: 1d. Form 3468, Part I I I. Column: (h) Amount of columns (e) and (f) recaptured or otherwise adjusted.",7,600.606 417 673.806 429,yes
topmostSubform[0].Page6[0].Pg6Table[0].Line1d[0].f6_36[0],/Tx,"Row: 1d. Form 3468, Part I I I. Column: (i) Carryforward to 2027. Subtract the sum of columns (g) and (h) from the sum of columns (e) and (f).",7,679.806 417 756.006 429,yes
topmostSubform[0].Page6[0].Pg6Table[0].Line1e[0].f6_37[0],/Tx,Row: 1e. Form 8826. Column: (a) No. of items.,7,161.406 399 177.006 411,yes
topmostSubform[0].Page6[0].Pg6Table[0].Line1e[0].f6_38[0],/Tx,Row: 1e. Form 8826. Column: (b) Originating tax year.,7,183.006 399 227.406 411,yes
topmostSubform[0].Page6[0].Pg6Table[0].Line1e[0].f6_39[0],/Tx,Row: 1e. Form 8826. Column: (c) Pass-through entity E I N.,7,233.406 399 277.806 411,yes
topmostSubform[0].Page6[0].Pg6Table[0].Line1e[0].f6_40[0],/Tx,Row: 1e. Form 8826. Column: Carryover. Subject to the passive activity limits. (d) Before the passive activity limitations.,7,283.806 399 357.006 411,yes
topmostSubform[0].Page6[0].Pg6Table[0].Line1e[0].f6_41[0],/Tx,Row: 1e. Form 8826. Column: Carryover. Subject to the passive activity limits. (e) After the passive activity limitations.,7,363.006 399 436.206 411,yes
topmostSubform[0].Page6[0].Pg6Table[0].Line1e[0].f6_42[0],/Tx,Row: 1e. Form 8826. Column: Carryover. (f) Not subject to passive activity limits.,7,442.206 399 515.406 411,yes
topmostSubform[0].Page6[0].Pg6Table[0].Line1e[0].f6_43[0],/Tx,Row: 1e. Form 8826. Column: Carryover. (g) Amount of columns (e) and (f) applied against tax in Part I I.,7,521.406 399 594.606 411,yes
topmostSubform[0].Page6[0].Pg6Table[0].Line1e[0].f6_44[0],/Tx,Row: 1e. Form 8826. Column: (h) Amount of columns (e) and (f) recaptured or otherwise adjusted.,7,600.606 399 673.806 411,yes
topmostSubform[0].Page6[0].Pg6Table[0].Line1e[0].f6_45[0],/Tx,Row: 1e. Form 8826. Column: (i) Carryforward to 2027. Subtract the sum of columns (g) and (h) from the sum of columns (e) and (f).,7,679.806 399 756.006 411,yes
topmostSubform[0].Page6[0].Pg6Table[0].Line1f[0].f6_46[0],/Tx,"Row: 1f. Form 8835, Part I I. Column: (a) No. of items.",7,161.406 381 177.006 393,yes
topmostSubform[0].Page6[0].Pg6Table[0].Line1f[0].f6_47[0],/Tx,"Row: 1f. Form 8835, Part I I. Column: (b) Originating tax year.",7,183.006 381 227.406 393,yes
topmostSubform[0].Page6[0].Pg6Table[0].Line1f[0].f6_48[0],/Tx,"Row: 1f. Form 8835, Part I I. Column: (c) Pass-through entity E I N.",7,233.406 381 277.806 393,yes
topmostSubform[0].Page6[0].Pg6Table[0].Line1f[0].f6_49[0],/Tx,"Row: 1f. Form 8835, Part I I. Column: Carryover. Subject to the passive activity limits. (d) Before the passive activity limitations.",7,283.806 381 357.006 393,yes
topmostSubform[0].Page6[0].Pg6Table[0].Line1f[0].f6_50[0],/Tx,"Row: 1f. Form 8835, Part I I. Column: Carryover. Subject to the passive activity limits. (e) After the passive activity limitations.",7,363.006 381 436.206 393,yes
topmostSubform[0].Page6[0].Pg6Table[0].Line1f[0].f6_51[0],/Tx,"Row: 1f. Form 8835, Part I I. Column: Carryover. (f) Not subject to passive activity limits.",7,442.206 381 515.406 393,yes
topmostSubform[0].Page6[0].Pg6Table[0].Line1f[0].f6_52[0],/Tx,"Row: 1f. Form 8835, Part I I. Column: Carryover. (g) Amount of columns (e) and (f) applied against tax in Part I I.",7,521.406 381 594.606 393,yes
topmostSubform[0].Page6[0].Pg6Table[0].Line1f[0].f6_53[0],/Tx,"Row: 1f. Form 8835, Part I I. Column: (h) Amount of columns (e) and (f) recaptured or otherwise adjusted.",7,600.606 381 673.806 393,yes
topmostSubform[0].Page6[0].Pg6Table[0].Line1f[0].f6_54[0],/Tx,"Row: 1f. Form 8835, Part I I. Column: (i) Carryforward to 2027. Subtract the sum of columns (g) and (h) from the sum of columns (e) and (f).",7,679.806 381 756.006 393,yes
topmostSubform[0].Page6[0].Pg6Table[0].Line1g[0].f6_55[0],/Tx,Row: 1g. Form 7210. Column: (a) No. of items.,7,161.406 363 177.006 375,yes
topmostSubform[0].Page6[0].Pg6Table[0].Line1g[0].f6_56[0],/Tx,Row: 1g. Form 7210. Column: (b) Originating tax year.,7,183.006 363 227.406 375,yes
topmostSubform[0].Page6[0].Pg6Table[0].Line1g[0].f6_57[0],/Tx,Row: 1g. Form 7210. Column: (c) Pass-through entity E I N.,7,233.406 363 277.806 375,yes
topmostSubform[0].Page6[0].Pg6Table[0].Line1g[0].f6_58[0],/Tx,Row: 1g. Form 7210. Column: Carryover. Subject to the passive activity limits. (d) Before the passive activity limitations.,7,283.806 363 357.006 375,yes
topmostSubform[0].Page6[0].Pg6Table[0].Line1g[0].f6_59[0],/Tx,Row: 1g. Form 7210. Column: Carryover. Subject to the passive activity limits. (e) After the passive activity limitations.,7,363.006 363 436.206 375,yes
topmostSubform[0].Page6[0].Pg6Table[0].Line1g[0].f6_60[0],/Tx,Row: 1g. Form 7210. Column: (e) Carryover. (f) Not subject to passive activity limits.,7,442.206 363 515.406 375,yes
topmostSubform[0].Page6[0].Pg6Table[0].Line1g[0].f6_61[0],/Tx,Row: 1g. Form 7210. Column: Carryover. (g) Amount of columns (e) and (f) applied against tax in Part I I.,7,521.406 363 594.606 375,yes
topmostSubform[0].Page6[0].Pg6Table[0].Line1g[0].f6_62[0],/Tx,Row: 1g. Form 7210. Column: (h) Amount of columns (e) and (f) recaptured or otherwise adjusted.,7,600.606 363 673.806 375,yes
topmostSubform[0].Page6[0].Pg6Table[0].Line1g[0].f6_63[0],/Tx,Row: 1g. Form 7210. Column: (i) Carryforward to 2027. Subtract the sum of columns (g) and (h) from the sum of columns (e) and (f).,7,679.806 363 756.006 375,yes
topmostSubform[0].Page6[0].Pg6Table[0].Line1h[0].f6_64[0],/Tx,Row 1h: Form 8820. Column: (a) No. of items.,7,161.406 345 177.006 357,yes
topmostSubform[0].Page6[0].Pg6Table[0].Line1h[0].f6_65[0],/Tx,Row 1h: Form 8820. Column: (b) Originating tax year.,7,183.006 345 227.406 357,yes
topmostSubform[0].Page6[0].Pg6Table[0].Line1h[0].f6_66[0],/Tx,Row 1h: Form 8820. Column: (c) Pass-through entity E I N.,7,233.406 345 277.806 357,yes
topmostSubform[0].Page6[0].Pg6Table[0].Line1h[0].f6_67[0],/Tx,Row 1h: Form 8820. Column: Carryover. Subject to the passive activity limits. (d) Before the passive activity limitations.,7,283.806 345 357.006 357,yes
topmostSubform[0].Page6[0].Pg6Table[0].Line1h[0].f6_68[0],/Tx,Row 1h: Form 8820. Column: Carryover. Subject to the passive activity limits. (e) After the passive activity limitations.,7,363.006 345 436.206 357,yes
topmostSubform[0].Page6[0].Pg6Table[0].Line1h[0].f6_69[0],/Tx,Row 1h: Form 8820. Column: Carryover. (f) Not subject to passive activity limits.,7,442.206 345 515.406 357,yes
topmostSubform[0].Page6[0].Pg6Table[0].Line1h[0].f6_70[0],/Tx,Row 1h: Form 8820. Column: Carryover. (g) Amount of columns (e) and (f) applied against tax in Part I I.,7,521.406 345 594.606 357,yes
topmostSubform[0].Page6[0].Pg6Table[0].Line1h[0].f6_71[0],/Tx,Row 1h: Form 8820. Column: (h) Amount of columns (e) and (f) recaptured or otherwise adjusted.,7,600.606 345 673.806 357,yes
topmostSubform[0].Page6[0].Pg6Table[0].Line1h[0].f6_72[0],/Tx,Row 1h: Form 8820. Column: (i) Carryforward to 2027. Subtract the sum of columns (g) and (h) from the sum of columns (e) and (f).,7,679.806 345 756.006 357,yes
topmostSubform[0].Page6[0].Pg6Table[0].Line1i[0].f6_73[0],/Tx,Row: 1i. Form 8874. Column: (a) No. of items.,7,161.406 327 177.006 339,yes
topmostSubform[0].Page6[0].Pg6Table[0].Line1i[0].f6_74[0],/Tx,Row: 1i. Form 8874. Column: (b) Originating tax year.,7,183.006 327 227.406 339,yes
topmostSubform[0].Page6[0].Pg6Table[0].Line1i[0].f6_75[0],/Tx,Row: 1i. Form 8874. Column: (c) Pass-through entity E I N.,7,233.406 327 277.806 339,yes
topmostSubform[0].Page6[0].Pg6Table[0].Line1i[0].f6_76[0],/Tx,Row: 1i. Form 8874. Column: Carryover. Subject to the passive activity limits. (d) Before the passive activity limitations.,7,283.806 327 357.006 339,yes
topmostSubform[0].Page6[0].Pg6Table[0].Line1i[0].f6_77[0],/Tx,Row: 1i. Form 8874. Column: Carryover. Subject to the passive activity limits. (e) After the passive activity limitations.,7,363.006 327 436.206 339,yes
topmostSubform[0].Page6[0].Pg6Table[0].Line1i[0].f6_78[0],/Tx,Row: 1i. Form 8874. Column: Carryover. (f) Not subject to passive activity limits.,7,442.206 327 515.406 339,yes
topmostSubform[0].Page6[0].Pg6Table[0].Line1i[0].f6_79[0],/Tx,Row: 1i. Form 8874. Column: Carryover. (g) Amount of columns (e) and (f) applied against tax in Part I I.,7,521.406 327 594.606 339,yes
topmostSubform[0].Page6[0].Pg6Table[0].Line1i[0].f6_80[0],/Tx,Row: 1i. Form 8874. Column: (h) Amount of columns (e) and (f) recaptured or otherwise adjusted.,7,600.606 327 673.806 339,yes
topmostSubform[0].Page6[0].Pg6Table[0].Line1i[0].f6_81[0],/Tx,Row: 1i. Form 8874. Column: (i) Carryforward to 2027. Subtract the sum of columns (g) and (h) from the sum of columns (e) and (f).,7,679.806 327 756.006 339,yes
topmostSubform[0].Page6[0].Pg6Table[0].Line1j[0].f6_82[0],/Tx,"Row: 1j. Form 8881, Part I. Column: (a) No. of items.",7,161.406 309 177.006 321,yes
topmostSubform[0].Page6[0].Pg6Table[0].Line1j[0].f6_83[0],/Tx,"Row: 1j. Form 8881, Part I. Column: (b) Originating tax year.",7,183.006 309 227.406 321,yes
topmostSubform[0].Page6[0].Pg6Table[0].Line1j[0].f6_84[0],/Tx,"Row: 1j. Form 8881, Part I. Column: (c) Pass-through entity E I N.",7,233.406 309 277.806 321,yes
topmostSubform[0].Page6[0].Pg6Table[0].Line1j[0].f6_85[0],/Tx,"Row: 1j. Form 8881, Part I. Column: Carryover. Subject to the passive activity limits. (d) Before the passive activity limitations.",7,283.806 309 357.006 321,yes
topmostSubform[0].Page6[0].Pg6Table[0].Line1j[0].f6_86[0],/Tx,"Row: 1j. Form 8881, Part I. Column: Carryover. Subject to the passive activity limits. (e) After the passive activity limitations.",7,363.006 309 436.206 321,yes
topmostSubform[0].Page6[0].Pg6Table[0].Line1j[0].f6_87[0],/Tx,"Row: 1j. Form 8881, Part I. Column: Carryover. (f) Not subject to passive activity limits.",7,442.206 309 515.406 321,yes
topmostSubform[0].Page6[0].Pg6Table[0].Line1j[0].f6_88[0],/Tx,"Row: 1j. Form 8881, Part I. Column: Carryover. (g) Amount of columns (e) and (f) applied against tax in Part I I.",7,521.406 309 594.606 321,yes
topmostSubform[0].Page6[0].Pg6Table[0].Line1j[0].f6_89[0],/Tx,"Row: 1j. Form 8881, Part I. Column: (h) Amount of columns (e) and (f) recaptured or otherwise adjusted.",7,600.606 309 673.806 321,yes
topmostSubform[0].Page6[0].Pg6Table[0].Line1j[0].f6_90[0],/Tx,"Row: 1j. Form 8881, Part I. Column: (i) Carryforward to 2027. Subtract the sum of columns (g) and (h) from the sum of columns (e) and (f).",7,679.806 309 756.006 321,yes
topmostSubform[0].Page6[0].Pg6Table[0].Line1k[0].f6_91[0],/Tx,Row: 1k. Form 8882. Column: (a) No. of items.,7,161.406 291 177.006 303,yes
topmostSubform[0].Page6[0].Pg6Table[0].Line1k[0].f6_92[0],/Tx,Row: 1k. Form 8882. Column: (b) Originating tax year.,7,183.006 291 227.406 303,yes
topmostSubform[0].Page6[0].Pg6Table[0].Line1k[0].f6_93[0],/Tx,Row: 1k. Form 8882. Column: (c) Pass-through entity E I N.,7,233.406 291 277.806 303,yes
topmostSubform[0].Page6[0].Pg6Table[0].Line1k[0].f6_94[0],/Tx,Row: 1k. Form 8882. Column: Carryover. Subject to the passive activity limits. (d) Before the passive activity limitations.,7,283.806 291 357.006 303,yes
topmostSubform[0].Page6[0].Pg6Table[0].Line1k[0].f6_95[0],/Tx,Row: 1k. Form 8882. Column: Carryover. Subject to the passive activity limits. (e) After the passive activity limitations.,7,363.006 291 436.206 303,yes
topmostSubform[0].Page6[0].Pg6Table[0].Line1k[0].f6_96[0],/Tx,Row: 1k. Form 8882. Column: Carryover. (f) Not subject to passive activity limits.,7,442.206 291 515.406 303,yes
topmostSubform[0].Page6[0].Pg6Table[0].Line1k[0].f6_97[0],/Tx,Row: 1k. Form 8882. Column: Carryover. (g) Amount of columns (e) and (f) applied against tax in Part I I.,7,521.406 291 594.606 303,yes
topmostSubform[0].Page6[0].Pg6Table[0].Line1k[0].f6_98[0],/Tx,Row: 1k. Form 8882. Column: (h) Amount of columns (e) and (f) recaptured or otherwise adjusted.,7,600.606 291 673.806 303,yes
topmostSubform[0].Page6[0].Pg6Table[0].Line1k[0].f6_99[0],/Tx,Row: 1k. Form 8882. Column: (i) Carryforward to 2027. Subtract the sum of columns (g) and (h) from the sum of columns (e) and (f).,7,679.806 291 756.006 303,yes
topmostSubform[0].Page6[0].Pg6Table[0].Line1l[0].f6_100[0],/Tx,Row: 1l. Form 8864. Column: (a) No. of items.,7,161.406 273 177.006 285,yes
topmostSubform[0].Page6[0].Pg6Table[0].Line1l[0].f6_101[0],/Tx,Row: 1l. Form 8864. Column: (b) Originating tax year.,7,183.006 273 227.406 285,yes
topmostSubform[0].Page6[0].Pg6Table[0].Line1l[0].f6_102[0],/Tx,Row: 1l. Form 8864. Column: (c) Pass-through entity E I N.,7,233.406 273 277.806 285,yes
topmostSubform[0].Page6[0].Pg6Table[0].Line1l[0].f6_103[0],/Tx,Row: 1l. Form 8864. Column: Carryover. Subject to the passive activity limits. (d) Before the passive activity limitations.,7,283.806 273 357.006 285,yes
topmostSubform[0].Page6[0].Pg6Table[0].Line1l[0].f6_104[0],/Tx,Row: 1l. Form 8864. Column: Carryover. Subject to the passive activity limits. (e) After the passive activity limitations.,7,363.006 273 436.206 285,yes
topmostSubform[0].Page6[0].Pg6Table[0].Line1l[0].f6_105[0],/Tx,Row: 1l. Form 8864. Column: Carryover. (f) Not subject to passive activity limits.,7,442.206 273 515.406 285,yes
topmostSubform[0].Page6[0].Pg6Table[0].Line1l[0].f6_106[0],/Tx,Row: 1l. Form 8864. Column: Carryover. (g) Amount of columns (e) and (f) applied against tax in Part I I.,7,521.406 273 594.606 285,yes
topmostSubform[0].Page6[0].Pg6Table[0].Line1l[0].f6_107[0],/Tx,Row: 1l. Form 8864. Column: (h) Amount of columns (e) and (f) recaptured or otherwise adjusted.,7,600.606 273 673.806 285,yes
topmostSubform[0].Page6[0].Pg6Table[0].Line1l[0].f6_108[0],/Tx,Row: 1l. Form 8864. Column: (i) Carryforward to 2027. Subtract the sum of columns (g) and (h) from the sum of columns (e) and (f).,7,679.806 273 756.006 285,yes
topmostSubform[0].Page6[0].Pg6Table[0].Line1m[0].f6_109[0],/Tx,Row: 1m. Form 8896. Column: (a) No. of items.,7,161.406 255 177.006 267,yes
topmostSubform[0].Page6[0].Pg6Table[0].Line1m[0].f6_110[0],/Tx,Row: 1m. Form 8896. Column: (b) Originating tax year.,7,183.006 255 227.406 267,yes
topmostSubform[0].Page6[0].Pg6Table[0].Line1m[0].f6_111[0],/Tx,Row: 1m. Form 8896. Column: (c) Pass-through entity E I N.,7,233.406 255 277.806 267,yes
topmostSubform[0].Page6[0].Pg6Table[0].Line1m[0].f6_112[0],/Tx,Row: 1m. Form 8896. Column: Carryover. Subject to the passive activity limits. (d) Before the passive activity limitations.,7,283.806 255 357.006 267,yes
topmostSubform[0].Page6[0].Pg6Table[0].Line1m[0].f6_113[0],/Tx,Row: 1m. Form 8896. Column: Carryover. Subject to the passive activity limits. (e) After the passive activity limitations.,7,363.006 255 436.206 267,yes
topmostSubform[0].Page6[0].Pg6Table[0].Line1m[0].f6_114[0],/Tx,Row: 1m. Form 8896. Column: Carryover. (f) Not subject to passive activity limits.,7,442.206 255 515.406 267,yes
topmostSubform[0].Page6[0].Pg6Table[0].Line1m[0].f6_115[0],/Tx,Row: 1m. Form 8896. Column: Carryover. (g) Amount of columns (e) and (f) applied against tax in Part I I.,7,521.406 255 594.606 267,yes
topmostSubform[0].Page6[0].Pg6Table[0].Line1m[0].f6_116[0],/Tx,Row: 1m. Form 8896. Column: (h) Amount of columns (e) and (f) recaptured or otherwise adjusted.,7,600.606 255 673.806 267,yes
topmostSubform[0].Page6[0].Pg6Table[0].Line1m[0].f6_117[0],/Tx,Row: 1m. Form 8896. Column: (i) Carryforward to 2027. Subtract the sum of columns (g) and (h) from the sum of columns (e) and (f).,7,679.806 255 756.006 267,yes
topmostSubform[0].Page6[0].Pg6Table[0].Line1n[0].f6_118[0],/Tx,Row: 1n. Form 8906. Column: (a) No. of items.,7,161.406 237 177.006 249,yes
topmostSubform[0].Page6[0].Pg6Table[0].Line1n[0].f6_119[0],/Tx,Row: 1n. Form 8906. Column: (b) Originating tax year.,7,183.006 237 227.406 249,yes
topmostSubform[0].Page6[0].Pg6Table[0].Line1n[0].f6_120[0],/Tx,Row: 1n. Form 8906. Column: (c) Pass-through entity E I N.,7,233.406 237 277.806 249,yes
topmostSubform[0].Page6[0].Pg6Table[0].Line1n[0].f6_121[0],/Tx,Row: 1n. Form 8906. Column: Carryover. Subject to the passive activity limits. (d) Before the passive activity limitations.,7,283.806 237 357.006 249,yes
topmostSubform[0].Page6[0].Pg6Table[0].Line1n[0].f6_122[0],/Tx,Row: 1n. Form 8906. Column: Carryover. Subject to the passive activity limits. (e) After the passive activity limitations.,7,363.006 237 436.206 249,yes
topmostSubform[0].Page6[0].Pg6Table[0].Line1n[0].f6_123[0],/Tx,Row: 1n. Form 8906. Column: Carryover. (f) Not subject to passive activity limits.,7,442.206 237 515.406 249,yes
topmostSubform[0].Page6[0].Pg6Table[0].Line1n[0].f6_124[0],/Tx,Row: 1n. Form 8906. Column: Carryover. (g) Amount of columns (e) and (f) applied against tax in Part I I.,7,521.406 237 594.606 249,yes
topmostSubform[0].Page6[0].Pg6Table[0].Line1n[0].f6_125[0],/Tx,Row: 1n. Form 8906. Column: (h) Amount of columns (e) and (f) recaptured or otherwise adjusted.,7,600.606 237 673.806 249,yes
topmostSubform[0].Page6[0].Pg6Table[0].Line1n[0].f6_126[0],/Tx,Row: 1n. Form 8906. Column: (i) Carryforward to 2027. Subtract the sum of columns (g) and (h) from the sum of columns (e) and (f).,7,679.806 237 756.006 249,yes
topmostSubform[0].Page6[0].Pg6Table[0].Line1o[0].f6_127[0],/Tx,"Row: 1o. Form 3468, Part I V. Column: (a) No. of items.",7,161.406 219 177.006 231,yes
topmostSubform[0].Page6[0].Pg6Table[0].Line1o[0].f6_128[0],/Tx,"Row: 1o. Form 3468, Part I V. Column: (b) Originating tax year.",7,183.006 219 227.406 231,yes
topmostSubform[0].Page6[0].Pg6Table[0].Line1o[0].f6_129[0],/Tx,"Row: 1o. Form 3468, Part I V. Column: (c) Pass-through entity E I N.",7,233.406 219 277.806 231,yes
topmostSubform[0].Page6[0].Pg6Table[0].Line1o[0].f6_130[0],/Tx,"Row: 1o. Form 3468, Part I V. Column: Carryover. Subject to the passive activity limits. (d) Before the passive activity limitations.",7,283.806 219 357.006 231,yes
topmostSubform[0].Page6[0].Pg6Table[0].Line1o[0].f6_131[0],/Tx,"Row: 1o. Form 3468, Part I V. Column: Carryover. Subject to the passive activity limits. (e) After the passive activity limitations.",7,363.006 219 436.206 231,yes
topmostSubform[0].Page6[0].Pg6Table[0].Line1o[0].f6_132[0],/Tx,"Row: 1o. Form 3468, Part I V. Column: Carryover. (f) Not subject to passive activity limits.",7,442.206 219 515.406 231,yes
topmostSubform[0].Page6[0].Pg6Table[0].Line1o[0].f6_133[0],/Tx,"Row: 1o. Form 3468, Part I V. Column: Carryover. (g) Amount of columns (e) and (f) applied against tax in Part I I.",7,521.406 219 594.606 231,yes
topmostSubform[0].Page6[0].Pg6Table[0].Line1o[0].f6_134[0],/Tx,"Row: 1o. Form 3468, Part I V. Column: (h) Amount of columns (e) and (f) recaptured or otherwise adjusted.",7,600.606 219 673.806 231,yes
topmostSubform[0].Page6[0].Pg6Table[0].Line1o[0].f6_135[0],/Tx,"Row: 1o. Form 3468, Part I V. Column: (i) Carryforward to 2027. Subtract the sum of columns (g) and (h) from the sum of columns (e) and (f).",7,679.806 219 756.006 231,yes
topmostSubform[0].Page6[0].Pg6Table[0].Line1p[0].f6_136[0],/Tx,Row: 1p. Form 8908. Column: (a) No. of items.,7,161.406 201 177.006 213,yes
topmostSubform[0].Page6[0].Pg6Table[0].Line1p[0].f6_137[0],/Tx,Row: 1p. Form 8908. Column: (b) Originating tax year.,7,183.006 201 227.406 213,yes
topmostSubform[0].Page6[0].Pg6Table[0].Line1p[0].f6_138[0],/Tx,Row: 1p. Form 8908. Column: (c) Pass-through entity E I N.,7,233.406 201 277.806 213,yes
topmostSubform[0].Page6[0].Pg6Table[0].Line1p[0].f6_139[0],/Tx,Row: 1p. Form 8908. Column: Carryover. Subject to the passive activity limits. (d) Before the passive activity limitations.,7,283.806 201 357.006 213,yes
topmostSubform[0].Page6[0].Pg6Table[0].Line1p[0].f6_140[0],/Tx,Row: 1p. Form 8908. Column: Carryover. Subject to the passive activity limits. (e) After the passive activity limitations.,7,363.006 201 436.206 213,yes
topmostSubform[0].Page6[0].Pg6Table[0].Line1p[0].f6_141[0],/Tx,Row: 1p. Form 8908. Column: (e) Carryover. (f) Not subject to passive activity limits.,7,442.206 201 515.406 213,yes
topmostSubform[0].Page6[0].Pg6Table[0].Line1p[0].f6_142[0],/Tx,Row: 1p. Form 8908. Column: Carryover. (g) Amount of columns (e) and (f) applied against tax in Part I I.,7,521.406 201 594.606 213,yes
topmostSubform[0].Page6[0].Pg6Table[0].Line1p[0].f6_143[0],/Tx,Row: 1p. Form 8908. Column: (h) Amount of columns (e) and (f) recaptured or otherwise adjusted.,7,600.606 201 673.806 213,yes
topmostSubform[0].Page6[0].Pg6Table[0].Line1p[0].f6_144[0],/Tx,Row: 1p. Form 8908. Column: (i) Carryforward to 2027. Subtract the sum of columns (g) and (h) from the sum of columns (e) and (f).,7,679.806 201 756.006 213,yes
topmostSubform[0].Page6[0].Pg6Table[0].Line1q[0].f6_145[0],/Tx,"Row: 1q. Form 7218, Part I I. Column: (a) No. of items.",7,161.406 183 177.006 195,yes
topmostSubform[0].Page6[0].Pg6Table[0].Line1q[0].f6_146[0],/Tx,"Row: 1q. Form 7218, Part I I. Column: (b) Originating tax year.",7,183.006 183 227.406 195,yes
topmostSubform[0].Page6[0].Pg6Table[0].Line1q[0].f6_147[0],/Tx,"Row: 1q. Form 7218, Part I I. Column: (c) Pass-through entity E I N.",7,233.406 183 277.806 195,yes
topmostSubform[0].Page6[0].Pg6Table[0].Line1q[0].f6_148[0],/Tx,"Row: 1q. Form 7218, Part I I. Column: Carryover. Subject to the passive activity limits. (d) Before the passive activity limitations.",7,283.806 183 357.006 195,yes
topmostSubform[0].Page6[0].Pg6Table[0].Line1q[0].f6_149[0],/Tx,"Row: 1q. Form 7218, Part I I. Column: Carryover. Subject to the passive activity limits. (e) After the passive activity limitations.",7,363.006 183 436.206 195,yes
topmostSubform[0].Page6[0].Pg6Table[0].Line1q[0].f6_150[0],/Tx,"Row: 1q. Form 7218, Part I I. Column: (e) Carryover. (f) Not subject to passive activity limits.",7,442.206 183 515.406 195,yes
topmostSubform[0].Page6[0].Pg6Table[0].Line1q[0].f6_151[0],/Tx,"Row: 1q. Form 7218, Part I I. Column: Carryover. (g) Amount of columns (e) and (f) applied against tax in Part I I.",7,521.406 183 594.606 195,yes
topmostSubform[0].Page6[0].Pg6Table[0].Line1q[0].f6_152[0],/Tx,"Row: 1q. Form 7218, Part I I. Column: (h) Amount of columns (e) and (f) recaptured or otherwise adjusted.",7,600.606 183 673.806 195,yes
topmostSubform[0].Page6[0].Pg6Table[0].Line1q[0].f6_153[0],/Tx,"Row: 1q. Form 7218, Part I I. Column: (i) Carryforward to 2027. Subtract the sum of columns (g) and (h) from the sum of columns (e) and (f).",7,679.806 183 756.006 195,yes
topmostSubform[0].Page6[0].Pg6Table[0].Line1r[0].f6_154[0],/Tx,Row: 1r. Reserved. Column: (a) No. of items.,7,161.406 165 177.006 177,yes
topmostSubform[0].Page6[0].Pg6Table[0].Line1r[0].f6_155[0],/Tx,Row: 1r. Reserved. Column: (b) Originating tax year.,7,183.006 165 227.406 177,yes
topmostSubform[0].Page6[0].Pg6Table[0].Line1r[0].f6_156[0],/Tx,Row: 1r. Reserved. Column: (c) Pass-through entity E I N.,7,233.406 165 277.806 177,yes
topmostSubform[0].Page6[0].Pg6Table[0].Line1r[0].f6_157[0],/Tx,Row: 1r. Reserved. Column: Carryover. Subject to the passive activity limits. (d) Before the passive activity limitations.,7,283.806 165 357.006 177,yes
topmostSubform[0].Page6[0].Pg6Table[0].Line1r[0].f6_158[0],/Tx,Row: 1r. Reserved. Column: Carryover. Subject to the passive activity limits. (e) After the passive activity limitations.,7,363.006 165 436.206 177,yes
topmostSubform[0].Page6[0].Pg6Table[0].Line1r[0].f6_159[0],/Tx,Row: 1r. Reserved. Column: (e) Carryover. (f) Not subject to passive activity limits.,7,442.206 165 515.406 177,yes
topmostSubform[0].Page6[0].Pg6Table[0].Line1r[0].f6_160[0],/Tx,Row: 1r. Reserved. Column: Carryover. (g) Amount of columns (e) and (f) applied against tax in Part I I.,7,521.406 165 594.606 177,yes
topmostSubform[0].Page6[0].Pg6Table[0].Line1r[0].f6_161[0],/Tx,Row: 1r. Reserved. Column: (h) Amount of columns (e) and (f) recaptured or otherwise adjusted.,7,600.606 165 673.806 177,yes
topmostSubform[0].Page6[0].Pg6Table[0].Line1r[0].f6_162[0],/Tx,Row: 1r. Reserved. Column: (i) Carryforward to 2027. Subtract the sum of columns (g) and (h) from the sum of columns (e) and (f).,7,679.806 165 756.006 177,yes
topmostSubform[0].Page6[0].Pg6Table[0].Line1s[0].f6_163[0],/Tx,Row: 1s. Form 8911. Column: (a) No. of items.,7,161.406 147 177.006 159,yes
topmostSubform[0].Page6[0].Pg6Table[0].Line1s[0].f6_164[0],/Tx,Row: 1s. Form 8911. Column: (b) Originating tax year.,7,183.006 147 227.406 159,yes
topmostSubform[0].Page6[0].Pg6Table[0].Line1s[0].f6_165[0],/Tx,Row: 1s. Form 8911. Column: (c) Pass-through entity E I N.,7,233.406 147 277.806 159,yes
topmostSubform[0].Page6[0].Pg6Table[0].Line1s[0].f6_166[0],/Tx,Row: 1s. Form 8911. Column: Carryover. Subject to the passive activity limits. (d) Before the passive activity limitations.,7,283.806 147 357.006 159,yes
topmostSubform[0].Page6[0].Pg6Table[0].Line1s[0].f6_167[0],/Tx,Row: 1s. Form 8911. Column: Carryover. Subject to the passive activity limits. (e) After the passive activity limitations.,7,363.006 147 436.206 159,yes
topmostSubform[0].Page6[0].Pg6Table[0].Line1s[0].f6_168[0],/Tx,Row: 1s. Form 8911. Column: Carryover. (f) Not subject to passive activity limits.,7,442.206 147 515.406 159,yes
topmostSubform[0].Page6[0].Pg6Table[0].Line1s[0].f6_169[0],/Tx,Row: 1s. Form 8911. Column: Carryover. (g) Amount of columns (e) and (f) applied against tax in Part I I.,7,521.406 147 594.606 159,yes
topmostSubform[0].Page6[0].Pg6Table[0].Line1s[0].f6_170[0],/Tx,Row: 1s. Form 8911. Column: (h) Amount of columns (e) and (f) recaptured or otherwise adjusted.,7,600.606 147 673.806 159,yes
topmostSubform[0].Page6[0].Pg6Table[0].Line1s[0].f6_171[0],/Tx,Row: 1s. Form 8911. Column: (i) Carryforward to 2027. Subtract the sum of columns (g) and (h) from the sum of columns (e) and (f).,7,679.806 147 756.006 159,yes
topmostSubform[0].Page6[0].Pg6Table[0].Line1t[0].f6_172[0],/Tx,Row: 1t. Form 8830. Column: (a) No. of items.,7,161.406 129 177.006 141,yes
topmostSubform[0].Page6[0].Pg6Table[0].Line1t[0].f6_173[0],/Tx,Row: 1t. Form 8830. Column: (b) Originating tax year.,7,183.006 129 227.406 141,yes
topmostSubform[0].Page6[0].Pg6Table[0].Line1t[0].f6_174[0],/Tx,Row: 1t. Form 8830. Column: (c) Pass-through entity E I N.,7,233.406 129 277.806 141,yes
topmostSubform[0].Page6[0].Pg6Table[0].Line1t[0].f6_175[0],/Tx,Row: 1t. Form 8830. Column: Carryover. Subject to the passive activity limits. (d) Before the passive activity limitations.,7,283.806 129 357.006 141,yes
topmostSubform[0].Page6[0].Pg6Table[0].Line1t[0].f6_176[0],/Tx,Row: 1t. Form 8830. Column: Carryover. Subject to the passive activity limits. (e) After the passive activity limitations.,7,363.006 129 436.206 141,yes
topmostSubform[0].Page6[0].Pg6Table[0].Line1t[0].f6_177[0],/Tx,Row: 1t. Form 8830. Column: (e) Carryover. (f) Not subject to passive activity limits.,7,442.206 129 515.406 141,yes
topmostSubform[0].Page6[0].Pg6Table[0].Line1t[0].f6_178[0],/Tx,Row: 1t. Form 8830. Column: Carryover. (g) Amount of columns (e) and (f) applied against tax in Part I I.,7,521.406 129 594.606 141,yes
topmostSubform[0].Page6[0].Pg6Table[0].Line1t[0].f6_179[0],/Tx,Row: 1t. Form 8830. Column: (h) Amount of columns (e) and (f) recaptured or otherwise adjusted.,7,600.606 129 673.806 141,yes
topmostSubform[0].Page6[0].Pg6Table[0].Line1t[0].f6_180[0],/Tx,Row: 1t. Form 8830. Column: (i) Carryforward to 2027. Subtract the sum of columns (g) and (h) from the sum of columns (e) and (f).,7,679.806 129 756.006 141,yes
topmostSubform[0].Page6[0].Pg6Table[0].Line1u[0].f6_181[0],/Tx,"Row: 1u. Form 7213, Part I I. Column: (a) No. of items.",7,161.406 111 177.006 123,yes
topmostSubform[0].Page6[0].Pg6Table[0].Line1u[0].f6_182[0],/Tx,"Row: 1u. Form 7213, Part I I. Column: (b) Originating tax year.",7,183.006 111 227.406 123,yes
topmostSubform[0].Page6[0].Pg6Table[0].Line1u[0].f6_183[0],/Tx,"Row: 1u. Form 7213, Part I I. Column: (c) Pass-through entity E I N.",7,233.406 111 277.806 123,yes
topmostSubform[0].Page6[0].Pg6Table[0].Line1u[0].f6_184[0],/Tx,"Row: 1u. Form 7213, Part I I. Column: Carryover. Subject to the passive activity limits. (d) Before the passive activity limitations.",7,283.806 111 357.006 123,yes
topmostSubform[0].Page6[0].Pg6Table[0].Line1u[0].f6_185[0],/Tx,"Row: 1u. Form 7213, Part I I. Column: Carryover. Subject to the passive activity limits. (e) After the passive activity limitations.",7,363.006 111 436.206 123,yes
topmostSubform[0].Page6[0].Pg6Table[0].Line1u[0].f6_186[0],/Tx,"Row: 1u. Form 7213, Part I I. Column: Carryover. (f) Not subject to passive activity limits.",7,442.206 111 515.406 123,yes
topmostSubform[0].Page6[0].Pg6Table[0].Line1u[0].f6_187[0],/Tx,"Row: 1u. Form 7213, Part I I. Column: Carryover. (g) Amount of columns (e) and (f) applied against tax in Part I I.",7,521.406 111 594.606 123,yes
topmostSubform[0].Page6[0].Pg6Table[0].Line1u[0].f6_188[0],/Tx,"Row: 1u. Form 7213, Part I I. Column: (h) Amount of columns (e) and (f) recaptured or otherwise adjusted.",7,600.606 111 673.806 123,yes
topmostSubform[0].Page6[0].Pg6Table[0].Line1u[0].f6_189[0],/Tx,"Row: 1u. Form 7213, Part I I. Column: (i) Carryforward to 2027. Subtract the sum of columns (g) and (h) from the sum of columns (e) and (f).",7,679.806 111 756.006 123,yes
topmostSubform[0].Page6[0].Pg6Table[0].Line1v[0].f6_190[0],/Tx,"Row: 1v. Form 3468, Part V. Column: (a) No. of items.",7,161.406 93 177.006 105,yes
topmostSubform[0].Page6[0].Pg6Table[0].Line1v[0].f6_191[0],/Tx,"Row: 1v. Form 3468, Part V. Column: (b) Originating tax year.",7,183.006 93 227.406 105,yes
topmostSubform[0].Page6[0].Pg6Table[0].Line1v[0].f6_192[0],/Tx,"Row: 1v. Form 3468, Part V. Column: (c) Pass-through entity E I N.",7,233.406 93 277.806 105,yes
topmostSubform[0].Page6[0].Pg6Table[0].Line1v[0].f6_193[0],/Tx,"Row: 1v. Form 3468, Part V. Column: Carryover. Subject to the passive activity limits. (d) Before the passive activity limitations.",7,283.806 93 357.006 105,yes
topmostSubform[0].Page6[0].Pg6Table[0].Line1v[0].f6_194[0],/Tx,"Row: 1v. Form 3468, Part V. Column: Carryover. Subject to the passive activity limits. (e) After the passive activity limitations.",7,363.006 93 436.206 105,yes
topmostSubform[0].Page6[0].Pg6Table[0].Line1v[0].f6_195[0],/Tx,"Row: 1v. Form 3468, Part V. Column: Carryover. (f) Not subject to passive activity limits.",7,442.206 93 515.406 105,yes
topmostSubform[0].Page6[0].Pg6Table[0].Line1v[0].f6_196[0],/Tx,"Row: 1v. Form 3468, Part V. Column: Carryover. (g) Amount of columns (e) and (f) applied against tax in Part I I.",7,521.406 93 594.606 105,yes
topmostSubform[0].Page6[0].Pg6Table[0].Line1v[0].f6_197[0],/Tx,"Row: 1v. Form 3468, Part V. Column: (h) Amount of columns (e) and (f) recaptured or otherwise adjusted.",7,600.606 93 673.806 105,yes
topmostSubform[0].Page6[0].Pg6Table[0].Line1v[0].f6_198[0],/Tx,"Row: 1v. Form 3468, Part V. Column: (i) Carryforward to 2027. Subtract the sum of columns (g) and (h) from the sum of columns (e) and (f).",7,679.806 93 756.006 105,yes
topmostSubform[0].Page6[0].Pg6Table[0].Line1w[0].f6_199[0],/Tx,Row: 1w. Form 8932. Column: (a) No. of items.,7,161.406 75 177.006 87,yes
topmostSubform[0].Page6[0].Pg6Table[0].Line1w[0].f6_200[0],/Tx,Row: 1w. Form 8932. Column: (b) Originating tax year.,7,183.006 75 227.406 87,yes
topmostSubform[0].Page6[0].Pg6Table[0].Line1w[0].f6_201[0],/Tx,Row: 1w. Form 8932. Column: (c) Pass-through entity E I N.,7,233.406 75 277.806 87,yes
topmostSubform[0].Page6[0].Pg6Table[0].Line1w[0].f6_202[0],/Tx,Row: 1w. Form 8932. Column: Carryover. Subject to the passive activity limits. (d) Before the passive activity limitations.,7,283.806 75 357.006 87,yes
topmostSubform[0].Page6[0].Pg6Table[0].Line1w[0].f6_203[0],/Tx,Row: 1w. Form 8932. Column: Carryover. Subject to the passive activity limits. (e) After the passive activity limitations.,7,363.006 75 436.206 87,yes
topmostSubform[0].Page6[0].Pg6Table[0].Line1w[0].f6_204[0],/Tx,Row: 1w. Form 8932. Column: Carryover. (f) Not subject to passive activity limits.,7,442.206 75 515.406 87,yes
topmostSubform[0].Page6[0].Pg6Table[0].Line1w[0].f6_205[0],/Tx,Row: 1w. Form 8932. Column: Carryover. (g) Amount of columns (e) and (f) applied against tax in Part I I.,7,521.406 75 594.606 87,yes
topmostSubform[0].Page6[0].Pg6Table[0].Line1w[0].f6_206[0],/Tx,Row: 1w. Form 8932. Column: (h) Amount of columns (e) and (f) recaptured or otherwise adjusted.,7,600.606 75 673.806 87,yes
topmostSubform[0].Page6[0].Pg6Table[0].Line1w[0].f6_207[0],/Tx,Row: 1w. Form 8932. Column: (i) Carryforward to 2027. Subtract the sum of columns (g) and (h) from the sum of columns (e) and (f).,7,679.806 75 756.006 87,yes
topmostSubform[0].Page6[0].Pg6Table[0].Line1x[0].f6_208[0],/Tx,Row: 1x. Form 8933. Column: (a) No. of items.,7,161.406 57 177.006 69,yes
topmostSubform[0].Page6[0].Pg6Table[0].Line1x[0].f6_209[0],/Tx,Row: 1x. Form 8933. Column: (b) Originating tax year.,7,183.006 57 227.406 69,yes
topmostSubform[0].Page6[0].Pg6Table[0].Line1x[0].f6_210[0],/Tx,Row: 1x. Form 8933. Column: (c) Pass-through entity E I N.,7,233.406 57 277.806 69,yes
topmostSubform[0].Page6[0].Pg6Table[0].Line1x[0].f6_211[0],/Tx,Row: 1x. Form 8933. Column: Carryover. Subject to the passive activity limits. (d) Before the passive activity limitations.,7,283.806 57 357.006 69,yes
topmostSubform[0].Page6[0].Pg6Table[0].Line1x[0].f6_212[0],/Tx,Row: 1x. Form 8933. Column: Carryover. Subject to the passive activity limits. (e) After the passive activity limitations.,7,363.006 57 436.206 69,yes
topmostSubform[0].Page6[0].Pg6Table[0].Line1x[0].f6_213[0],/Tx,Row: 1x. Form 8933. Column: Carryover. (f) Not subject to passive activity limits.,7,442.206 57 515.406 69,yes
topmostSubform[0].Page6[0].Pg6Table[0].Line1x[0].f6_214[0],/Tx,Row: 1x. Form 8933. Column: Carryover. (g) Amount of columns (e) and (f) applied against tax in Part I I.,7,521.406 57 594.606 69,yes
topmostSubform[0].Page6[0].Pg6Table[0].Line1x[0].f6_215[0],/Tx,Row: 1x. Form 8933. Column: (h) Amount of columns (e) and (f) recaptured or otherwise adjusted.,7,600.606 57 673.806 69,yes
topmostSubform[0].Page6[0].Pg6Table[0].Line1x[0].f6_216[0],/Tx,Row: 1x. Form 8933. Column: (i) Carryforward to 2027. Subtract the sum of columns (g) and (h) from the sum of columns (e) and (f).,7,679.806 57 756.006 69,yes
topmostSubform[0].Page7[0].Pg7Table[0].Line1y[0].f7_1[0],/Tx,"Page 7. Part I V. Carryovers of General Business Credits (G B Cs) (see instructions) (continued). Row: 1y. Form 8936, Part I I. Column: (a) No. of items.",8,161.4 471 177 483,yes
topmostSubform[0].Page7[0].Pg7Table[0].Line1y[0].f7_2[0],/Tx,"Row: 1y. Form 8936, Part I I. Column: (b) Originating tax year.",8,183 471 227.4 483,yes
topmostSubform[0].Page7[0].Pg7Table[0].Line1y[0].f7_3[0],/Tx,"Row: 1y. Form 8936, Part I I. Column: (c) Pass-through entity E I N.",8,233.4 471 277.8 483,yes
topmostSubform[0].Page7[0].Pg7Table[0].Line1y[0].f7_4[0],/Tx,"Row: 1y. Form 8936, Part I I. Column: Carryover. Subject to the passive activity limits. (d) Before the passive activity limitations.",8,283.8 471 357 483,yes
topmostSubform[0].Page7[0].Pg7Table[0].Line1y[0].f7_5[0],/Tx,"Row: 1y. Form 8936, Part I I. Column: Carryover. Subject to the passive activity limits. (e) After the passive activity limitations.",8,363 471 436.2 483,yes
topmostSubform[0].Page7[0].Pg7Table[0].Line1y[0].f7_6[0],/Tx,"Row: 1y. Form 8936, Part I I. Column: Carryover. (f) Not subject to passive activity limits.",8,442.2 471 515.4 483,yes
topmostSubform[0].Page7[0].Pg7Table[0].Line1y[0].f7_7[0],/Tx,"Row: 1y. Form 8936, Part I I. Column: Carryover. (g) Amount of columns (e) and (f) applied against tax in Part I I.",8,521.4 471 594.6 483,yes
topmostSubform[0].Page7[0].Pg7Table[0].Line1y[0].f7_8[0],/Tx,"Row: 1y. Form 8936, Part I I. Column: (h) Amount of columns (e) and (f) recaptured or otherwise adjusted.",8,600.6 471 673.8 483,yes
topmostSubform[0].Page7[0].Pg7Table[0].Line1y[0].f7_9[0],/Tx,"Row: 1y. Form 8936, Part I I. Column: (i) Carryforward to 2027. Subtract the sum of columns (g) and (h) from the sum of columns (e) and (f).",8,679.8 471 756 483,yes
topmostSubform[0].Page7[0].Pg7Table[0].Line1z[0].f7_10[0],/Tx,Row: 1z. Reserved. Column: (a) No. of items.,8,161.4 453 177 465,yes
topmostSubform[0].Page7[0].Pg7Table[0].Line1z[0].f7_11[0],/Tx,Row: 1z. Reserved. Column: (b) (b) Originating tax year.,8,183 453 227.4 465,yes
topmostSubform[0].Page7[0].Pg7Table[0].Line1z[0].f7_12[0],/Tx,Row: 1z. Reserved. Column: (c) Pass-through entity E I N.,8,233.4 453 277.8 465,yes
topmostSubform[0].Page7[0].Pg7Table[0].Line1z[0].f7_13[0],/Tx,Row: 1z. Reserved. Column: Carryover. Subject to the passive activity limits. (d) Before the passive activity limitations.,8,283.8 453 357 465,yes
topmostSubform[0].Page7[0].Pg7Table[0].Line1z[0].f7_14[0],/Tx,Row: 1z. Reserved. Column: Carryover. Subject to the passive activity limits. (e) After the passive activity limitations.,8,363 453 436.2 465,yes
topmostSubform[0].Page7[0].Pg7Table[0].Line1z[0].f7_15[0],/Tx,Row: 1z. Reserved. Column: Carryover. (f) Not subject to passive activity limits.,8,442.2 453 515.4 465,yes
topmostSubform[0].Page7[0].Pg7Table[0].Line1z[0].f7_16[0],/Tx,Row: 1z. Reserved. Column: Carryover. (g) Amount of columns (e) and (f) applied against tax in Part I I.,8,521.4 453 594.6 465,yes
topmostSubform[0].Page7[0].Pg7Table[0].Line1z[0].f7_17[0],/Tx,Row: 1z. Reserved. Column: (h) Amount of columns (e) and (f) recaptured or otherwise adjusted.,8,600.6 453 673.8 465,yes
topmostSubform[0].Page7[0].Pg7Table[0].Line1z[0].f7_18[0],/Tx,Row: 1z. Reserved. Column: (i) Carryforward to 2027. Subtract the sum of columns (g) and (h) from the sum of columns (e) and (f).,8,679.8 453 756 465,yes
topmostSubform[0].Page7[0].Pg7Table[0].Line1aa[0].f7_19[0],/Tx,"Row: 1a a. Form 8936, Part V. Column: (a) No. of items.",8,161.4 435 177 447,yes
topmostSubform[0].Page7[0].Pg7Table[0].Line1aa[0].f7_20[0],/Tx,"Row: 1a a. Form 8936, Part V. Column: (b) Originating tax year.",8,183 435 227.4 447,yes
topmostSubform[0].Page7[0].Pg7Table[0].Line1aa[0].f7_21[0],/Tx,"Row: 1a a. Form 8936, Part V. Column: (c) Pass-through entity E I N.",8,233.4 435 277.8 447,yes
topmostSubform[0].Page7[0].Pg7Table[0].Line1aa[0].f7_22[0],/Tx,"Row: 1a a. Form 8936, Part V. Column: Carryover. Subject to the passive activity limits. (d) Before the passive activity limitations.",8,283.8 435 357 447,yes
topmostSubform[0].Page7[0].Pg7Table[0].Line1aa[0].f7_23[0],/Tx,"Row: 1a a. Form 8936, Part V. Column: Carryover. Subject to the passive activity limits. (e) After the passive activity limitations.",8,363 435 436.2 447,yes
topmostSubform[0].Page7[0].Pg7Table[0].Line1aa[0].f7_24[0],/Tx,"Row: 1a a. Form 8936, Part V. Column: Carryover. (f) Not subject to passive activity limits.",8,442.2 435 515.4 447,yes
topmostSubform[0].Page7[0].Pg7Table[0].Line1aa[0].f7_25[0],/Tx,"Row: 1a a. Form 8936, Part V. Column: Carryover. (g) Amount of columns (e) and (f) applied against tax in Part I I.",8,521.4 435 594.6 447,yes
topmostSubform[0].Page7[0].Pg7Table[0].Line1aa[0].f7_26[0],/Tx,"Row: 1a a. Form 8936, Part V. Column: (h) Amount of columns (e) and (f) recaptured or otherwise adjusted.",8,600.6 435 673.8 447,yes
topmostSubform[0].Page7[0].Pg7Table[0].Line1aa[0].f7_27[0],/Tx,"Row: 1a a. Form 8936, Part V. Column: (i) Carryforward to 2027. Subtract the sum of columns (g) and (h) from the sum of columns (e) and (f).",8,679.8 435 756 447,yes
topmostSubform[0].Page7[0].Pg7Table[0].Line1bb[0].f7_28[0],/Tx,Row: 1b b. Form 8904. Column: (a) No. of items.,8,161.4 417 177 429,yes
topmostSubform[0].Page7[0].Pg7Table[0].Line1bb[0].f7_29[0],/Tx,Row: 1b b. Form 8904. Column: (b) (b) Originating tax year.,8,183 417 227.4 429,yes
topmostSubform[0].Page7[0].Pg7Table[0].Line1bb[0].f7_30[0],/Tx,Row: 1b b. Form 8904. Column: (c) Pass-through entity E I N.,8,233.4 417 277.8 429,yes
topmostSubform[0].Page7[0].Pg7Table[0].Line1bb[0].f7_31[0],/Tx,Row: 1b b. Form 8904. Column: Carryover. Subject to the passive activity limits. (d) Before the passive activity limitations.,8,283.8 417 357 429,yes
topmostSubform[0].Page7[0].Pg7Table[0].Line1bb[0].f7_32[0],/Tx,Row: 1b b. Form 8904. Column: Carryover. Subject to the passive activity limits. (e) After the passive activity limitations.,8,363 417 436.2 429,yes
topmostSubform[0].Page7[0].Pg7Table[0].Line1bb[0].f7_33[0],/Tx,Row: 1b b. Form 8904. Column: Carryover. (f) Not subject to passive activity limits.,8,442.2 417 515.4 429,yes
topmostSubform[0].Page7[0].Pg7Table[0].Line1bb[0].f7_34[0],/Tx,Row: 1b b. Form 8904. Column: Carryover. (g) Amount of columns (e) and (f) applied against tax in Part I I.,8,521.4 417 594.6 429,yes
topmostSubform[0].Page7[0].Pg7Table[0].Line1bb[0].f7_35[0],/Tx,Row: 1b b. Form 8904. Column: (h) Amount of columns (e) and (f) recaptured or otherwise adjusted.,8,600.6 417 673.8 429,yes
topmostSubform[0].Page7[0].Pg7Table[0].Line1bb[0].f7_36[0],/Tx,Row: 1b b. Form 8904.Column: (i) Carryforward to 2027. Subtract the sum of columns (g) and (h) from the sum of columns (e) and (f).,8,679.8 417 756 429,yes
topmostSubform[0].Page7[0].Pg7Table[0].Line1cc[0].f7_37[0],/Tx,"Row: 1c c. Form 7213, Part I. Column: (a) No. of items.",8,161.4 399 177 411,yes
topmostSubform[0].Page7[0].Pg7Table[0].Line1cc[0].f7_38[0],/Tx,"Row: 1c c. Form 7213, Part I. Column: (b) Originating tax year.",8,183 399 227.4 411,yes
topmostSubform[0].Page7[0].Pg7Table[0].Line1cc[0].f7_39[0],/Tx,"Row: 1c c. Form 7213, Part I. Column: (c) Pass-through entity E I N.",8,233.4 399 277.8 411,yes
topmostSubform[0].Page7[0].Pg7Table[0].Line1cc[0].f7_40[0],/Tx,"Row: 1c c. Form 7213, Part I. Column: Carryover. Subject to the passive activity limits. (d) Before the passive activity limitations.",8,283.8 399 357 411,yes
topmostSubform[0].Page7[0].Pg7Table[0].Line1cc[0].f7_41[0],/Tx,"Row: 1c c. Form 7213, Part I. Column: Carryover. Subject to the passive activity limits. (e) After the passive activity limitations.",8,363 399 436.2 411,yes
topmostSubform[0].Page7[0].Pg7Table[0].Line1cc[0].f7_42[0],/Tx,"Row: 1c c. Form 7213, Part I. Column: Carryover. (f) Not subject to passive activity limits.",8,442.2 399 515.4 411,yes
topmostSubform[0].Page7[0].Pg7Table[0].Line1cc[0].f7_43[0],/Tx,"Row: 1c c. Form 7213, Part I. Column: Carryover. (g) Amount of columns (e) and (f) applied against tax in Part I I.",8,521.4 399 594.6 411,yes
topmostSubform[0].Page7[0].Pg7Table[0].Line1cc[0].f7_44[0],/Tx,f7_44,8,600.6 399 673.8 411,yes
topmostSubform[0].Page7[0].Pg7Table[0].Line1cc[0].f7_45[0],/Tx,"Row: 1c c. Form 7213, Part I. Column: (i) Carryforward to 2027. Subtract the sum of columns (g) and (h) from the sum of columns (e) and (f).",8,679.8 399 756 411,yes
topmostSubform[0].Page7[0].Pg7Table[0].Line1dd[0].f7_46[0],/Tx,"Row: 1d d. Form 8881, Part I I. Column: (a) No. of items.",8,161.4 381 177 393,yes
topmostSubform[0].Page7[0].Pg7Table[0].Line1dd[0].f7_47[0],/Tx,"Row: 1d d. Form 8881, Part I I. Column: (b) Originating tax year.",8,183 381 227.4 393,yes
topmostSubform[0].Page7[0].Pg7Table[0].Line1dd[0].f7_48[0],/Tx,"Row: 1d d. Form 8881, Part I I. Column: (c) Pass-through entity E I N.",8,233.4 381 277.8 393,yes
topmostSubform[0].Page7[0].Pg7Table[0].Line1dd[0].f7_49[0],/Tx,"Row: 1d d. Form 8881, Part I I. Column: Carryover. Subject to the passive activity limits. (d) Before the passive activity limitations.",8,283.8 381 357 393,yes
topmostSubform[0].Page7[0].Pg7Table[0].Line1dd[0].f7_50[0],/Tx,"Row: 1d d. Form 8881, Part I I. Column: Carryover. Subject to the passive activity limits. (e) After the passive activity limitations.",8,363 381 436.2 393,yes
topmostSubform[0].Page7[0].Pg7Table[0].Line1dd[0].f7_51[0],/Tx,"Row: 1d d. Form 8881, Part I I. Column: Carryover. (f) Not subject to passive activity limits.",8,442.2 381 515.4 393,yes
topmostSubform[0].Page7[0].Pg7Table[0].Line1dd[0].f7_52[0],/Tx,"Row: 1d d. Form 8881, Part I I. Column: Carryover. (g) Amount of columns (e) and (f) applied against tax in Part I I.",8,521.4 381 594.6 393,yes
topmostSubform[0].Page7[0].Pg7Table[0].Line1dd[0].f7_53[0],/Tx,"Row: 1d d. Form 8881, Part I I. Column: (h) Amount of columns (e) and (f) recaptured or otherwise adjusted.",8,600.6 381 673.8 393,yes
topmostSubform[0].Page7[0].Pg7Table[0].Line1dd[0].f7_54[0],/Tx,"Row: 1d d. Form 8881, Part I I. Column: (i) Carryforward to 2027. Subtract the sum of columns (g) and (h) from the sum of columns (e) and (f).",8,679.8 381 756 393,yes
topmostSubform[0].Page7[0].Pg7Table[0].Line1ee[0].f7_55[0],/Tx,"Row: 1e e. Form 8881, Part I I I. Column: (a) No. of items.",8,161.4 363 177 375,yes
topmostSubform[0].Page7[0].Pg7Table[0].Line1ee[0].f7_56[0],/Tx,"Row: 1e e. Form 8881, Part I I I. Column: (b) Originating tax year.",8,183 363 227.4 375,yes
topmostSubform[0].Page7[0].Pg7Table[0].Line1ee[0].f7_57[0],/Tx,"Row: 1e e. Form 8881, Part I I I. Column: (c) Pass-through entity E I N.",8,233.4 363 277.8 375,yes
topmostSubform[0].Page7[0].Pg7Table[0].Line1ee[0].f7_58[0],/Tx,"Row: 1e e. Form 8881, Part I I I. Column: Carryover. Subject to the passive activity limits. (d) Before the passive activity limitations.",8,283.8 363 357 375,yes
topmostSubform[0].Page7[0].Pg7Table[0].Line1ee[0].f7_59[0],/Tx,"Row: 1e e. Form 8881, Part I I I. Column: Carryover. Subject to the passive activity limits. (e) After the passive activity limitations.",8,363 363 436.2 375,yes
topmostSubform[0].Page7[0].Pg7Table[0].Line1ee[0].f7_60[0],/Tx,"Row: 1e e. Form 8881, Part I I I. Column: Carryover. (f) Not subject to passive activity limits.",8,442.2 363 515.4 375,yes
topmostSubform[0].Page7[0].Pg7Table[0].Line1ee[0].f7_61[0],/Tx,"Row: 1e e. Form 8881, Part I I I. Column: Carryover. (g) Amount of columns (e) and (f) applied against tax in Part I I.",8,521.4 363 594.6 375,yes
topmostSubform[0].Page7[0].Pg7Table[0].Line1ee[0].f7_62[0],/Tx,"Row: 1e e. Form 8881, Part I I I. Column: (h) Amount of columns (e) and (f) recaptured or otherwise adjusted.",8,600.6 363 673.8 375,yes
topmostSubform[0].Page7[0].Pg7Table[0].Line1ee[0].f7_63[0],/Tx,"Row: 1e e. Form 8881, Part I I I. Column: (i) Carryforward to 2027. Subtract the sum of columns (g) and (h) from the sum of columns (e) and (f).",8,679.8 363 756 375,yes
topmostSubform[0].Page7[0].Pg7Table[0].Line1ff[0].f7_64[0],/Tx,Row: 1f f. Form 8864 (S A F). Column: (a) No. of items.,8,161.4 345 177 357,yes
topmostSubform[0].Page7[0].Pg7Table[0].Line1ff[0].f7_65[0],/Tx,Row: 1f f. Form 8864 (S A F). Column: (b) Originating tax year.,8,183 345 227.4 357,yes
topmostSubform[0].Page7[0].Pg7Table[0].Line1ff[0].f7_66[0],/Tx,Row: 1f f. Form 8864 (S A F). Column: (c) Pass-through entity E I N.,8,233.4 345 277.8 357,yes
topmostSubform[0].Page7[0].Pg7Table[0].Line1ff[0].f7_67[0],/Tx,Row: 1f f. Form 8864 (S A F). Column: Carryover. Subject to the passive activity limits. (d) Before the passive activity limitations.,8,283.8 345 357 357,yes
topmostSubform[0].Page7[0].Pg7Table[0].Line1ff[0].f7_68[0],/Tx,Row: 1f f. Form 8864 (S A F). Column: Carryover. Subject to the passive activity limits. (e) After the passive activity limitations.,8,363 345 436.2 357,yes
topmostSubform[0].Page7[0].Pg7Table[0].Line1ff[0].f7_69[0],/Tx,Row: 1f f. Form 8864 (S A F). Column: Carryover. (f) Not subject to passive activity limits.,8,442.2 345 515.4 357,yes
topmostSubform[0].Page7[0].Pg7Table[0].Line1ff[0].f7_70[0],/Tx,Row: 1f f. Form 8864 (S A F). Column: Carryover. (g) Amount of columns (e) and (f) applied against tax in Part I I.,8,521.4 345 594.6 357,yes
topmostSubform[0].Page7[0].Pg7Table[0].Line1ff[0].f7_71[0],/Tx,Row: 1f f. Form 8864 (S A F). Column: (h) Amount of columns (e) and (f) recaptured or otherwise adjusted.,8,600.6 345 673.8 357,yes
topmostSubform[0].Page7[0].Pg7Table[0].Line1ff[0].f7_72[0],/Tx,Row: 1f f. Form 8864 (S A F). Column: (i) Carryforward to 2027. Subtract the sum of columns (g) and (h) from the sum of columns (e) and (f).,8,679.8 345 756 357,yes
topmostSubform[0].Page7[0].Pg7Table[0].Line1gg[0].f7_73[0],/Tx,"Row: 1g g. Form 7211, Part I I. Column: (a) No. of items.",8,161.4 327 177 339,yes
topmostSubform[0].Page7[0].Pg7Table[0].Line1gg[0].f7_74[0],/Tx,"Row: 1g g. Form 7211, Part I I. Column: (b) Originating tax year.",8,183 327 227.4 339,yes
topmostSubform[0].Page7[0].Pg7Table[0].Line1gg[0].f7_75[0],/Tx,"Row: 1g g. Form 7211, Part I I. Column: (c) Pass-through entity E I N.",8,233.4 327 277.8 339,yes
topmostSubform[0].Page7[0].Pg7Table[0].Line1gg[0].f7_76[0],/Tx,"Row: 1g g. Form 7211, Part I I. Column: Carryover. Subject to the passive activity limits. (d) Before the passive activity limitations.",8,283.8 327 357 339,yes
topmostSubform[0].Page7[0].Pg7Table[0].Line1gg[0].f7_77[0],/Tx,"Row: 1g g. Form 7211, Part I I. Column: Carryover. Subject to the passive activity limits. (e) After the passive activity limitations.",8,363 327 436.2 339,yes
topmostSubform[0].Page7[0].Pg7Table[0].Line1gg[0].f7_78[0],/Tx,"Row: 1g g. Form 7211, Part I I. Column: Carryover. (f) Not subject to passive activity limits.",8,442.2 327 515.4 339,yes
topmostSubform[0].Page7[0].Pg7Table[0].Line1gg[0].f7_79[0],/Tx,"Row: 1g g. Form 7211, Part I I. Column: Carryover. (g) Amount of columns (e) and (f) applied against tax in Part I I.",8,521.4 327 594.6 339,yes
topmostSubform[0].Page7[0].Pg7Table[0].Line1gg[0].f7_80[0],/Tx,"Row: 1g g. Form 7211, Part I I. Column: (h) Amount of columns (e) and (f) recaptured or otherwise adjusted.",8,600.6 327 673.8 339,yes
topmostSubform[0].Page7[0].Pg7Table[0].Line1gg[0].f7_81[0],/Tx,"Row: 1g g. Form 7211, Part I I. Column: (i) Carryforward to 2027. Subtract the sum of columns (g) and (h) from the sum of columns (e) and (f).",8,679.8 327 756 339,yes
topmostSubform[0].Page7[0].Pg7Table[0].Line1hh[0].f7_82[0],/Tx,Row: 1h h. Reserved. Column: (a) No. of items.,8,161.4 309 177 321,yes
topmostSubform[0].Page7[0].Pg7Table[0].Line1hh[0].f7_83[0],/Tx,Row: 1h h. Reserved. Column: (b) Originating tax year.,8,183 309 227.4 321,yes
topmostSubform[0].Page7[0].Pg7Table[0].Line1hh[0].f7_84[0],/Tx,Row: 1h h. Reserved. Column: (c) Pass-through entity E I N.,8,233.4 309 277.8 321,yes
topmostSubform[0].Page7[0].Pg7Table[0].Line1hh[0].f7_85[0],/Tx,Row: 1h h. Reserved. Column: Carryover. Subject to the passive activity limits. (d) Before the passive activity limitations.,8,283.8 309 357 321,yes
topmostSubform[0].Page7[0].Pg7Table[0].Line1hh[0].f7_86[0],/Tx,Row: 1h h. Reserved. Column: Carryover. Subject to the passive activity limits. (e) After the passive activity limitations.,8,363 309 436.2 321,yes
topmostSubform[0].Page7[0].Pg7Table[0].Line1hh[0].f7_87[0],/Tx,Row: 1h h. Reserved. Column: Carryover. (f) Not subject to passive activity limits.,8,442.2 309 515.4 321,yes
topmostSubform[0].Page7[0].Pg7Table[0].Line1hh[0].f7_88[0],/Tx,Row: 1h h. Reserved. Column: Carryover. (g) Amount of columns (e) and (f) applied against tax in Part I I.,8,521.4 309 594.6 321,yes
topmostSubform[0].Page7[0].Pg7Table[0].Line1hh[0].f7_89[0],/Tx,Row: 1h h. Reserved. Column: (h) Amount of columns (e) and (f) recaptured or otherwise adjusted.,8,600.6 309 673.8 321,yes
topmostSubform[0].Page7[0].Pg7Table[0].Line1hh[0].f7_90[0],/Tx,Row: 1h h. Reserved. Column: (i) Carryforward to 2027. Subtract the sum of columns (g) and (h) from the sum of columns (e) and (f).,8,679.8 309 756 321,yes
topmostSubform[0].Page7[0].Pg7Table[0].Line1ii[0].f7_91[0],/Tx,Row: 1i i. Reserved. Column: (a) No. of items.,8,161.4 291 177 303,yes
topmostSubform[0].Page7[0].Pg7Table[0].Line1ii[0].f7_92[0],/Tx,Row: 1i i. Reserved. Column: (b) Originating tax year.,8,183 291 227.4 303,yes
topmostSubform[0].Page7[0].Pg7Table[0].Line1ii[0].f7_93[0],/Tx,Row: 1i i. Reserved. Column: (c) Pass-through entity E I N.,8,233.4 291 277.8 303,yes
topmostSubform[0].Page7[0].Pg7Table[0].Line1ii[0].f7_94[0],/Tx,Row: 1i i. Reserved. Column: Carryover. Subject to the passive activity limits. (d) Before the passive activity limitations.,8,283.8 291 357 303,yes
topmostSubform[0].Page7[0].Pg7Table[0].Line1ii[0].f7_95[0],/Tx,Row: 1i i. Reserved. Column: Carryover. Subject to the passive activity limits. (e) After the passive activity limitations.,8,363 291 436.2 303,yes
topmostSubform[0].Page7[0].Pg7Table[0].Line1ii[0].f7_96[0],/Tx,Row: 1i i. Reserved. Column: Carryover. (f) Not subject to passive activity limits.,8,442.2 291 515.4 303,yes
topmostSubform[0].Page7[0].Pg7Table[0].Line1ii[0].f7_97[0],/Tx,Row: 1i i. Reserved. Column: Carryover. (g) Amount of columns (e) and (f) applied against tax in Part I I.,8,521.4 291 594.6 303,yes
topmostSubform[0].Page7[0].Pg7Table[0].Line1ii[0].f7_98[0],/Tx,Row: 1i i. Reserved. Column: (h) Amount of columns (e) and (f) recaptured or otherwise adjusted.,8,600.6 291 673.8 303,yes
topmostSubform[0].Page7[0].Pg7Table[0].Line1ii[0].f7_99[0],/Tx,Row: 1i i. Reserved. Column: (i) Carryforward to 2027. Subtract the sum of columns (g) and (h) from the sum of columns (e) and (f).,8,679.8 291 756 303,yes
topmostSubform[0].Page7[0].Pg7Table[0].Line1jj[0].f7_100[0],/Tx,Row: 1j j. Reserved. Column: (a) No. of items.,8,161.4 273 177 285,yes
topmostSubform[0].Page7[0].Pg7Table[0].Line1jj[0].f7_101[0],/Tx,Row: 1j j. Reserved. Column: (b) Originating tax year.,8,183 273 227.4 285,yes
topmostSubform[0].Page7[0].Pg7Table[0].Line1jj[0].f7_102[0],/Tx,Row: 1j j. Reserved. Column: (c) Pass-through entity E I N.,8,233.4 273 277.8 285,yes
topmostSubform[0].Page7[0].Pg7Table[0].Line1jj[0].f7_103[0],/Tx,Row: 1j j. Reserved. Column: Carryover. Subject to the passive activity limits. (d) Before the passive activity limitations.,8,283.8 273 357 285,yes
topmostSubform[0].Page7[0].Pg7Table[0].Line1jj[0].f7_104[0],/Tx,Row: 1j j. Reserved. Column: Carryover. Subject to the passive activity limits. (e) After the passive activity limitations.,8,363 273 436.2 285,yes
topmostSubform[0].Page7[0].Pg7Table[0].Line1jj[0].f7_105[0],/Tx,Row: 1j j. Reserved. Column: Carryover. (f) Not subject to passive activity limits.,8,442.2 273 515.4 285,yes
topmostSubform[0].Page7[0].Pg7Table[0].Line1jj[0].f7_106[0],/Tx,Row: 1j j. Reserved. Column: Carryover. (g) Amount of columns (e) and (f) applied against tax in Part I I.,8,521.4 273 594.6 285,yes
topmostSubform[0].Page7[0].Pg7Table[0].Line1jj[0].f7_107[0],/Tx,Row: 1j j. Reserved. Column: (h) Amount of columns (e) and (f) recaptured or otherwise adjusted.,8,600.6 273 673.8 285,yes
topmostSubform[0].Page7[0].Pg7Table[0].Line1jj[0].f7_108[0],/Tx,Row: 1j j. Reserved. Column: (i) Carryforward to 2027. Subtract the sum of columns (g) and (h) from the sum of columns (e) and (f).,8,679.8 273 756 285,yes
topmostSubform[0].Page7[0].Pg7Table[0].Line1zz[0].f7_109[0],/Tx,Row: 1z z. Other. Column: (a) No. of items.,8,161.4 255 177 267,yes
topmostSubform[0].Page7[0].Pg7Table[0].Line1zz[0].f7_110[0],/Tx,Row: 1z z. Other. Column: (b) Originating tax year.,8,183 255 227.4 267,yes
topmostSubform[0].Page7[0].Pg7Table[0].Line1zz[0].f7_111[0],/Tx,Row: 1z z. Other. Column: (c) Pass-through entity E I N.,8,233.4 255 277.8 267,yes
topmostSubform[0].Page7[0].Pg7Table[0].Line1zz[0].f7_112[0],/Tx,Row: 1z z. Other. Column: Carryover. Subject to the passive activity limits. (d) Before the passive activity limitations.,8,283.8 255 357 267,yes
topmostSubform[0].Page7[0].Pg7Table[0].Line1zz[0].f7_113[0],/Tx,Row: 1z z. Other. Column: Carryover. Subject to the passive activity limits. (e) After the passive activity limitations.,8,363 255 436.2 267,yes
topmostSubform[0].Page7[0].Pg7Table[0].Line1zz[0].f7_114[0],/Tx,Row: 1z z. Other. Column: Carryover. (f) Not subject to passive activity limits.,8,442.2 255 515.4 267,yes
topmostSubform[0].Page7[0].Pg7Table[0].Line1zz[0].f7_115[0],/Tx,Row: 1z z. Other. Column: Carryover. (g) Amount of columns (e) and (f) applied against tax in Part I I.,8,521.4 255 594.6 267,yes
topmostSubform[0].Page7[0].Pg7Table[0].Line1zz[0].f7_116[0],/Tx,Row: 1z z. Other. Column: (h) Amount of columns (e) and (f) recaptured or otherwise adjusted.,8,600.6 255 673.8 267,yes
topmostSubform[0].Page7[0].Pg7Table[0].Line1zz[0].f7_117[0],/Tx,Row: 1z z. Other. Column: (i) Carryforward to 2027. Subtract the sum of columns (g) and (h) from the sum of columns (e) and (f).,8,679.8 255 756 267,yes
topmostSubform[0].Page7[0].Pg7Table[0].Line2a[0].f7_118[0],/Tx,Row: 2a. Form 5884-A. Column: (a) No. of items.,8,161.4 237 177 249,yes
topmostSubform[0].Page7[0].Pg7Table[0].Line2a[0].f7_119[0],/Tx,Row: 2a. Form 5884-A. Column: (b) Originating tax year.,8,183 237 227.4 249,yes
topmostSubform[0].Page7[0].Pg7Table[0].Line2a[0].f7_120[0],/Tx,Row: 2a. Form 5884-A. Column: (c) Pass-through entity E I N.,8,233.4 237 277.8 249,yes
topmostSubform[0].Page7[0].Pg7Table[0].Line2a[0].f7_121[0],/Tx,Row: 2a. Form 5884-A. Column: Carryover. Subject to the passive activity limits. (d) Before the passive activity limitations.,8,283.8 237 357 249,yes
topmostSubform[0].Page7[0].Pg7Table[0].Line2a[0].f7_122[0],/Tx,Row: 2a. Form 5884-A. Column: Carryover. Subject to the passive activity limits. (e) After the passive activity limitations.,8,363 237 436.2 249,yes
topmostSubform[0].Page7[0].Pg7Table[0].Line2a[0].f7_123[0],/Tx,Row: 2a. Form 5884-A. Column: Carryover. (f) Not subject to passive activity limits.,8,442.2 237 515.4 249,yes
topmostSubform[0].Page7[0].Pg7Table[0].Line2a[0].f7_124[0],/Tx,Row: 2a. Form 5884-A. Column: Carryover. (g) Amount of columns (e) and (f) applied against tax in Part I I.,8,521.4 237 594.6 249,yes
topmostSubform[0].Page7[0].Pg7Table[0].Line2a[0].f7_125[0],/Tx,Row: 2a. Form 5884-A. Column: (h) Amount of columns (e) and (f) recaptured or otherwise adjusted.,8,600.6 237 673.8 249,yes
topmostSubform[0].Page7[0].Pg7Table[0].Line2a[0].f7_126[0],/Tx,Row: 2a. Form 5884-A. Column: (i) Carryforward to 2027. Subtract the sum of columns (g) and (h) from the sum of columns (e) and (f).,8,679.8 237 756 249,yes
topmostSubform[0].Page7[0].Pg7Table[0].Line2b[0].f7_127[0],/Tx,Row: 2b. Form 8586 (pre-2008). Column: (a) No. of items.,8,161.4 219 177 231,yes
topmostSubform[0].Page7[0].Pg7Table[0].Line2b[0].f7_128[0],/Tx,Row: 2b. Form 8586 (pre-2008). Column: (b) Originating tax year.,8,183 219 227.4 231,yes
topmostSubform[0].Page7[0].Pg7Table[0].Line2b[0].f7_129[0],/Tx,Row: 2b. Form 8586 (pre-2008). Column: (c) Pass-through entity E I N.,8,233.4 219 277.8 231,yes
topmostSubform[0].Page7[0].Pg7Table[0].Line2b[0].f7_130[0],/Tx,Row: 2b. Form 8586 (pre-2008). Column: Carryover. Subject to the passive activity limits. (d) Before the passive activity limitations.,8,283.8 219 357 231,yes
topmostSubform[0].Page7[0].Pg7Table[0].Line2b[0].f7_131[0],/Tx,Row: 2b. Form 8586 (pre-2008). Column: Carryover. Subject to the passive activity limits. (e) After the passive activity limitations.,8,363 219 436.2 231,yes
topmostSubform[0].Page7[0].Pg7Table[0].Line2b[0].f7_132[0],/Tx,Row: 2b. Form 8586 (pre-2008). Column: Carryover. (f) Not subject to passive activity limits.,8,442.2 219 515.4 231,yes
topmostSubform[0].Page7[0].Pg7Table[0].Line2b[0].f7_133[0],/Tx,Row: 2b. Form 8586 (pre-2008). Column: Carryover. (g) Amount of columns (e) and (f) applied against tax in Part I I.,8,521.4 219 594.6 231,yes
topmostSubform[0].Page7[0].Pg7Table[0].Line2b[0].f7_134[0],/Tx,Row: 2b. Form 8586 (pre-2008). Column: (h) Amount of columns (e) and (f) recaptured or otherwise adjusted.,8,600.6 219 673.8 231,yes
topmostSubform[0].Page7[0].Pg7Table[0].Line2b[0].f7_135[0],/Tx,Row: 2b. Form 8586 (pre-2008). Column: (i) Carryforward to 2027. Subtract the sum of columns (g) and (h) from the sum of columns (e) and (f).,8,679.8 219 756 231,yes
topmostSubform[0].Page7[0].Pg7Table[0].Line2c[0].f7_136[0],/Tx,Row: 2c. Form 8845. Column: (a) No. of items.,8,161.4 201 177 213,yes
topmostSubform[0].Page7[0].Pg7Table[0].Line2c[0].f7_137[0],/Tx,Row: 2c. Form 8845. Column: (b) Originating tax year.,8,183 201 227.4 213,yes
topmostSubform[0].Page7[0].Pg7Table[0].Line2c[0].f7_138[0],/Tx,Row: 2c. Form 8845. Column: (c) Pass-through entity E I N.,8,233.4 201 277.8 213,yes
topmostSubform[0].Page7[0].Pg7Table[0].Line2c[0].f7_139[0],/Tx,Row: 2c. Form 8845. Column: Carryover. Subject to the passive activity limits. (d) Before the passive activity limitations.,8,283.8 201 357 213,yes
topmostSubform[0].Page7[0].Pg7Table[0].Line2c[0].f7_140[0],/Tx,Row: 2c. Form 8845. Column: Carryover. Subject to the passive activity limits. (e) After the passive activity limitations.,8,363 201 436.2 213,yes
topmostSubform[0].Page7[0].Pg7Table[0].Line2c[0].f7_141[0],/Tx,Row: 2c. Form 8845. Column: Carryover. (f) Not subject to passive activity limits.,8,442.2 201 515.4 213,yes
topmostSubform[0].Page7[0].Pg7Table[0].Line2c[0].f7_142[0],/Tx,Row: 2c. Form 8845. Column: Carryover. (g) Amount of columns (e) and (f) applied against tax in Part I I.,8,521.4 201 594.6 213,yes
topmostSubform[0].Page7[0].Pg7Table[0].Line2c[0].f7_143[0],/Tx,Row: 2c. Form 8845. Column: (h) Amount of columns (e) and (f) recaptured or otherwise adjusted.,8,600.6 201 673.8 213,yes
topmostSubform[0].Page7[0].Pg7Table[0].Line2c[0].f7_144[0],/Tx,Row: 2c. Form 8845. Column: (i) Carryforward to 2027. Subtract the sum of columns (g) and (h) from the sum of columns (e) and (f).,8,679.8 201 756 213,yes
topmostSubform[0].Page7[0].Pg7Table[0].Line2d[0].f7_145[0],/Tx,Row: 2d. Form 8907. Column: (a) No. of items.,8,161.4 183 177 195,yes
topmostSubform[0].Page7[0].Pg7Table[0].Line2d[0].f7_146[0],/Tx,Row: 2d. Form 8907. Column: (b) Originating tax year.,8,183 183 227.4 195,yes
topmostSubform[0].Page7[0].Pg7Table[0].Line2d[0].f7_147[0],/Tx,Row: 2d. Form 8907. Column: (c) Pass-through entity E I N.,8,233.4 183 277.8 195,yes
topmostSubform[0].Page7[0].Pg7Table[0].Line2d[0].f7_148[0],/Tx,Row: 2d. Form 8907. Column: Carryover. Subject to the passive activity limits. (d) Before the passive activity limitations.,8,283.8 183 357 195,yes
topmostSubform[0].Page7[0].Pg7Table[0].Line2d[0].f7_149[0],/Tx,Row: 2d. Form 8907. Column: Carryover. Subject to the passive activity limits. (e) After the passive activity limitations.,8,363 183 436.2 195,yes
topmostSubform[0].Page7[0].Pg7Table[0].Line2d[0].f7_150[0],/Tx,Row: 2d. Form 8907. Column: Carryover. (f) Not subject to passive activity limits.,8,442.2 183 515.4 195,yes
topmostSubform[0].Page7[0].Pg7Table[0].Line2d[0].f7_151[0],/Tx,Row: 2d. Form 8907. Column: Carryover. (g) Amount of columns (e) and (f) applied against tax in Part I I.,8,521.4 183 594.6 195,yes
topmostSubform[0].Page7[0].Pg7Table[0].Line2d[0].f7_152[0],/Tx,Row: 2d. Form 8907. Column: (h) Amount of columns (e) and (f) recaptured or otherwise adjusted.,8,600.6 183 673.8 195,yes
topmostSubform[0].Page7[0].Pg7Table[0].Line2d[0].f7_153[0],/Tx,Row: 2d. Form 8907. Column: (i) Carryforward to 2027. Subtract the sum of columns (g) and (h) from the sum of columns (e) and (f).,8,679.8 183 756 195,yes
topmostSubform[0].Page7[0].Pg7Table[0].Line2e[0].f7_154[0],/Tx,Row: 2e. Form 8909. Column: (a) No. of items.,8,161.4 165 177 177,yes
topmostSubform[0].Page7[0].Pg7Table[0].Line2e[0].f7_155[0],/Tx,Row: 2e. Form 8909. Column: (b) Originating tax year.,8,183 165 227.4 177,yes
topmostSubform[0].Page7[0].Pg7Table[0].Line2e[0].f7_156[0],/Tx,Row: 2e. Form 8909. Column: (c) Pass-through entity E I N.,8,233.4 165 277.8 177,yes
topmostSubform[0].Page7[0].Pg7Table[0].Line2e[0].f7_157[0],/Tx,Row: 2e. Form 8909. Column: Carryover. Subject to the passive activity limits. (d) Before the passive activity limitations.,8,283.8 165 357 177,yes
topmostSubform[0].Page7[0].Pg7Table[0].Line2e[0].f7_158[0],/Tx,Row: 2e. Form 8909. Column: Carryover. Subject to the passive activity limits. (e) After the passive activity limitations.,8,363 165 436.2 177,yes
topmostSubform[0].Page7[0].Pg7Table[0].Line2e[0].f7_159[0],/Tx,Row: 2e. Form 8909. Column: Carryover. (f) Not subject to passive activity limits.,8,442.2 165 515.4 177,yes
topmostSubform[0].Page7[0].Pg7Table[0].Line2e[0].f7_160[0],/Tx,Row: 2e. Form 8909. Column: Carryover. (g) Amount of columns (e) and (f) applied against tax in Part I I.,8,521.4 165 594.6 177,yes
topmostSubform[0].Page7[0].Pg7Table[0].Line2e[0].f7_161[0],/Tx,Row: 2e. Form 8909. Column: (h) Amount of columns (e) and (f) recaptured or otherwise adjusted.,8,600.6 165 673.8 177,yes
topmostSubform[0].Page7[0].Pg7Table[0].Line2e[0].f7_162[0],/Tx,Row: 2e. Form 8909. Column: (i) Carryforward to 2027. Subtract the sum of columns (g) and (h) from the sum of columns (e) and (f).,8,679.8 165 756 177,yes
topmostSubform[0].Page7[0].Pg7Table[0].Line2f[0].f7_163[0],/Tx,Row: 2f. Form 8923. Column: (a) No. of items.,8,161.4 147 177 159,yes
topmostSubform[0].Page7[0].Pg7Table[0].Line2f[0].f7_164[0],/Tx,Row: 2f. Form 8923. Column: (b) Originating tax year.,8,183 147 227.4 159,yes
topmostSubform[0].Page7[0].Pg7Table[0].Line2f[0].f7_165[0],/Tx,Row: 2f. Form 8923. Column: (c) Pass-through entity E I N.,8,233.4 147 277.8 159,yes
topmostSubform[0].Page7[0].Pg7Table[0].Line2f[0].f7_166[0],/Tx,Row: 2f. Form 8923. Column: Carryover. Subject to the passive activity limits. (d) Before the passive activity limitations.,8,283.8 147 357 159,yes
topmostSubform[0].Page7[0].Pg7Table[0].Line2f[0].f7_167[0],/Tx,Row: 2f. Form 8923. Column: Carryover. Subject to the passive activity limits. (e) After the passive activity limitations.,8,363 147 436.2 159,yes
topmostSubform[0].Page7[0].Pg7Table[0].Line2f[0].f7_168[0],/Tx,Row: 2f. Form 8923. Column: (e) Carryover. (f) Not subject to passive activity limits.,8,442.2 147 515.4 159,yes
topmostSubform[0].Page7[0].Pg7Table[0].Line2f[0].f7_169[0],/Tx,Row: 2f. Form 8923. Column: Carryover. (g) Amount of columns (e) and (f) applied against tax in Part I I.,8,521.4 147 594.6 159,yes
topmostSubform[0].Page7[0].Pg7Table[0].Line2f[0].f7_170[0],/Tx,Row: 2f. Form 8923. Column: (h) Amount of columns (e) and (f) recaptured or otherwise adjusted.,8,600.6 147 673.8 159,yes
topmostSubform[0].Page7[0].Pg7Table[0].Line2f[0].f7_171[0],/Tx,Row: 2f. Form 8923. Column: (i) Carryforward to 2027. Subtract the sum of columns (g) and (h) from the sum of columns (e) and (f).,8,679.8 147 756 159,yes
topmostSubform[0].Page7[0].Pg7Table[0].Line2g[0].f7_172[0],/Tx,Row: 2g. Form 8834. Column: (a) No. of items.,8,161.4 129 177 141,yes
topmostSubform[0].Page7[0].Pg7Table[0].Line2g[0].f7_173[0],/Tx,Row: 2g. Form 8834. Column: (b) Originating tax year.,8,183 129 227.4 141,yes
topmostSubform[0].Page7[0].Pg7Table[0].Line2g[0].f7_174[0],/Tx,Row: 2g. Form 8834. Column: (c) Pass-through entity E I N.,8,233.4 129 277.8 141,yes
topmostSubform[0].Page7[0].Pg7Table[0].Line2g[0].f7_175[0],/Tx,Row: 2g. Form 8834. Column: Carryover. Subject to the passive activity limits. (d) Before the passive activity limitations.,8,283.8 129 357 141,yes
topmostSubform[0].Page7[0].Pg7Table[0].Line2g[0].f7_176[0],/Tx,Row: 2g. Form 8834. Column: Carryover. Subject to the passive activity limits. (e) After the passive activity limitations.,8,363 129 436.2 141,yes
topmostSubform[0].Page7[0].Pg7Table[0].Line2g[0].f7_177[0],/Tx,Row: 2g. Form 8834. Column: Carryover. (f) Not subject to passive activity limits.,8,442.2 129 515.4 141,yes
topmostSubform[0].Page7[0].Pg7Table[0].Line2g[0].f7_178[0],/Tx,Row: 2g. Form 8834. Column: Carryover. (g) Amount of columns (e) and (f) applied against tax in Part I I.,8,521.4 129 594.6 141,yes
topmostSubform[0].Page7[0].Pg7Table[0].Line2g[0].f7_179[0],/Tx,Row: 2g. Form 8834. Column: (h) Amount of columns (e) and (f) recaptured or otherwise adjusted.,8,600.6 129 673.8 141,yes
topmostSubform[0].Page7[0].Pg7Table[0].Line2g[0].f7_180[0],/Tx,Row: 2g. Form 8834. Column: (i) Carryforward to 2027. Subtract the sum of columns (g) and (h) from the sum of columns (e) and (f).,8,679.8 129 756 141,yes
topmostSubform[0].Page7[0].Pg7Table[0].Line2h[0].f7_181[0],/Tx,Row: 2h. Form 8931. Column: (a) No. of items.,8,161.4 111 177 123,yes
topmostSubform[0].Page7[0].Pg7Table[0].Line2h[0].f7_182[0],/Tx,Row: 2h. Form 8931. Column: (b) Originating tax year.,8,183 111 227.4 123,yes
topmostSubform[0].Page7[0].Pg7Table[0].Line2h[0].f7_183[0],/Tx,Row: 2h. Form 8931. Column: (c) Pass-through entity E I N.,8,233.4 111 277.8 123,yes
topmostSubform[0].Page7[0].Pg7Table[0].Line2h[0].f7_184[0],/Tx,Row: 2h. Form 8931. Column: Carryover. Subject to the passive activity limits. (d) Before the passive activity limitations.,8,283.8 111 357 123,yes
topmostSubform[0].Page7[0].Pg7Table[0].Line2h[0].f7_185[0],/Tx,Row: 2h. Form 8931. Column: Carryover. Subject to the passive activity limits. (e) After the passive activity limitations.,8,363 111 436.2 123,yes
topmostSubform[0].Page7[0].Pg7Table[0].Line2h[0].f7_186[0],/Tx,Row: 2h. Form 8931. Column: Carryover. (f) Not subject to passive activity limits.,8,442.2 111 515.4 123,yes
topmostSubform[0].Page7[0].Pg7Table[0].Line2h[0].f7_187[0],/Tx,Row: 2h. Form 8931. Column: Carryover. (g) Amount of columns (e) and (f) applied against tax in Part I I.,8,521.4 111 594.6 123,yes
topmostSubform[0].Page7[0].Pg7Table[0].Line2h[0].f7_188[0],/Tx,Row: 2h. Form 8931. Column: (h) Amount of columns (e) and (f) recaptured or otherwise adjusted.,8,600.6 111 673.8 123,yes
topmostSubform[0].Page7[0].Pg7Table[0].Line2h[0].f7_189[0],/Tx,Row: 2h. Form 8931. Column: (i) Carryforward to 2027. Subtract the sum of columns (g) and (h) from the sum of columns (e) and (f).,8,679.8 111 756 123,yes
topmostSubform[0].Page7[0].Pg7Table[0].Line2i[0].f7_190[0],/Tx,Row: 2i. Form 1065-B. Column: (a) No. of items.,8,161.4 93 177 105,yes
topmostSubform[0].Page7[0].Pg7Table[0].Line2i[0].f7_191[0],/Tx,Row: 2i. Form 1065-B. Column: (b) Originating tax year.,8,183 93 227.4 105,yes
topmostSubform[0].Page7[0].Pg7Table[0].Line2i[0].f7_192[0],/Tx,Row: 2i. Form 1065-B. Column: (c) Pass-through entity E I N.,8,233.4 93 277.8 105,yes
topmostSubform[0].Page7[0].Pg7Table[0].Line2i[0].f7_193[0],/Tx,Row: 2i. Form 1065-B. Column: Carryover. Subject to the passive activity limits. (d) Before the passive activity limitations.,8,283.8 93 357 105,yes
topmostSubform[0].Page7[0].Pg7Table[0].Line2i[0].f7_194[0],/Tx,Row: 2i. Form 1065-B. Column: Carryover. Subject to the passive activity limits. (e) After the passive activity limitations.,8,363 93 436.2 105,yes
topmostSubform[0].Page7[0].Pg7Table[0].Line2i[0].f7_195[0],/Tx,Row: 2i. Form 1065-B. Column: Carryover. (f) Not subject to passive activity limits.,8,442.2 93 515.4 105,yes
topmostSubform[0].Page7[0].Pg7Table[0].Line2i[0].f7_196[0],/Tx,Row: 2i. Form 1065-B. Column: Carryover. (g) Amount of columns (e) and (f) applied against tax in Part I I.,8,521.4 93 594.6 105,yes
topmostSubform[0].Page7[0].Pg7Table[0].Line2i[0].f7_197[0],/Tx,Row: 2i. Form 1065-B. Column: (h) Amount of columns (e) and (f) recaptured or otherwise adjusted.,8,600.6 93 673.8 105,yes
topmostSubform[0].Page7[0].Pg7Table[0].Line2i[0].f7_198[0],/Tx,Row: 2i. Form 1065-B. Column: (i) Carryforward to 2027. Subtract the sum of columns (g) and (h) from the sum of columns (e) and (f).,8,679.8 93 756 105,yes
topmostSubform[0].Page7[0].Pg7Table[0].Line2j[0].f7_199[0],/Tx,Row: 2j. Form 5884 (pre-2007). Column: (a) No. of items.,8,161.4 75 177 87,yes
topmostSubform[0].Page7[0].Pg7Table[0].Line2j[0].f7_200[0],/Tx,Row: 2j. Form 5884 (pre-2007). Column: (b) Originating tax year.,8,183 75 227.4 87,yes
topmostSubform[0].Page7[0].Pg7Table[0].Line2j[0].f7_201[0],/Tx,Row: 2j. Form 5884 (pre-2007). Column: (c) Pass-through entity E I N.,8,233.4 75 277.8 87,yes
topmostSubform[0].Page7[0].Pg7Table[0].Line2j[0].f7_202[0],/Tx,Row: 2j. Form 5884 (pre-2007). Column: Carryover. Subject to the passive activity limits. (d) Before the passive activity limitations.,8,283.8 75 357 87,yes
topmostSubform[0].Page7[0].Pg7Table[0].Line2j[0].f7_203[0],/Tx,Row: 2j. Form 5884 (pre-2007). Column: Carryover. Subject to the passive activity limits. (e) After the passive activity limitations.,8,363 75 436.2 87,yes
topmostSubform[0].Page7[0].Pg7Table[0].Line2j[0].f7_204[0],/Tx,Row: 2j. Form 5884 (pre-2007). Column: Carryover. (f) Not subject to passive activity limits.,8,442.2 75 515.4 87,yes
topmostSubform[0].Page7[0].Pg7Table[0].Line2j[0].f7_205[0],/Tx,Row: 2j. Form 5884 (pre-2007). Column: Carryover. (g) Amount of columns (e) and (f) applied against tax in Part I I.,8,521.4 75 594.6 87,yes
topmostSubform[0].Page7[0].Pg7Table[0].Line2j[0].f7_206[0],/Tx,Row: 2j. Form 5884 (pre-2007). Column: (h) Amount of columns (e) and (f) recaptured or otherwise adjusted.,8,600.6 75 673.8 87,yes
topmostSubform[0].Page7[0].Pg7Table[0].Line2j[0].f7_207[0],/Tx,Row: 2j. Form 5884 (pre-2007). Column: (i) Carryforward to 2027. Subtract the sum of columns (g) and (h) from the sum of columns (e) and (f).,8,679.8 75 756 87,yes
topmostSubform[0].Page7[0].Pg7Table[0].Line2k[0].f7_208[0],/Tx,Row: 2k. Reserved. Column: (a) No. of items.,8,161.4 57 177 69,yes
topmostSubform[0].Page7[0].Pg7Table[0].Line2k[0].f7_209[0],/Tx,Row: 2k. Reserved. Column: (b) Originating tax year.,8,183 57 227.4 69,yes
topmostSubform[0].Page7[0].Pg7Table[0].Line2k[0].f7_210[0],/Tx,Row: 2k. Reserved. Column: (c) Pass-through entity E I N.,8,233.4 57 277.8 69,yes
topmostSubform[0].Page7[0].Pg7Table[0].Line2k[0].f7_211[0],/Tx,Row: 2k. Reserved. Column: Carryover. Subject to the passive activity limits. (d) Before the passive activity limitations.,8,283.8 57 357 69,yes
topmostSubform[0].Page7[0].Pg7Table[0].Line2k[0].f7_212[0],/Tx,Row: 2k. Reserved. Column: Carryover. Subject to the passive activity limits. (e) After the passive activity limitations.,8,363 57 436.2 69,yes
topmostSubform[0].Page7[0].Pg7Table[0].Line2k[0].f7_213[0],/Tx,Row: 2k. Reserved. Column: Carryover. (f) Not subject to passive activity limits.,8,442.2 57 515.4 69,yes
topmostSubform[0].Page7[0].Pg7Table[0].Line2k[0].f7_214[0],/Tx,Row: 2k. Reserved. Column: Carryover. (g) Amount of columns (e) and (f) applied against tax in Part I I.,8,521.4 57 594.6 69,yes
topmostSubform[0].Page7[0].Pg7Table[0].Line2k[0].f7_215[0],/Tx,Row: 2k. Reserved. Column: (h) Amount of columns (e) and (f) recaptured or otherwise adjusted.,8,600.6 57 673.8 69,yes
topmostSubform[0].Page7[0].Pg7Table[0].Line2k[0].f7_216[0],/Tx,Row: 2k. Reserved. Column: (i) Carryforward to 2027. Subtract the sum of columns (g) and (h) from the sum of columns (e) and (f).,8,679.8 57 756 69,yes
topmostSubform[0].Page8[0].Pg8Table[0].Line2l[0].f8_1[0],/Tx,Page 8. Part I V. Carryovers of General Business Credits (G B Cs) (see instructions) (continued). Row: 2l. Form 8846 (pre-2007). Column: (a) No. of items.,9,161.4 470.399 177 482.399,yes
topmostSubform[0].Page8[0].Pg8Table[0].Line2l[0].f8_2[0],/Tx,Row: 2l. Form 8846 (pre-2007). Column: (b) Originating tax year.,9,183 470.399 227.4 482.399,yes
topmostSubform[0].Page8[0].Pg8Table[0].Line2l[0].f8_3[0],/Tx,Row: 2l. Form 8846 (pre-2007). Column: (c) Pass-through entity E I N.,9,233.4 470.399 277.8 482.399,yes
topmostSubform[0].Page8[0].Pg8Table[0].Line2l[0].f8_4[0],/Tx,Row: 2l. Form 8846 (pre-2007). Column: Carryover. Subject to the passive activity limits. (d) Before the passive activity limitations.,9,283.8 470.399 357 482.399,yes
topmostSubform[0].Page8[0].Pg8Table[0].Line2l[0].f8_5[0],/Tx,Row: 2l. Form 8846 (pre-2007). Column: Carryover. Subject to the passive activity limits. (e) After the passive activity limitations.,9,363 470.399 436.2 482.399,yes
topmostSubform[0].Page8[0].Pg8Table[0].Line2l[0].f8_6[0],/Tx,Row: 2l. Form 8846 (pre-2007). Column: Carryover. (f) Not subject to passive activity limits.,9,442.2 470.399 515.4 482.399,yes
topmostSubform[0].Page8[0].Pg8Table[0].Line2l[0].f8_7[0],/Tx,Row: 2l. Form 8846 (pre-2007). Column: Carryover. (g) Amount of columns (e) and (f) applied against tax in Part I I.,9,521.4 470.399 594.6 482.399,yes
topmostSubform[0].Page8[0].Pg8Table[0].Line2l[0].f8_8[0],/Tx,Row: 2l. Form 8846 (pre-2007). Column: (h) Amount of columns (e) and (f) recaptured or otherwise adjusted.,9,600.6 470.399 673.8 482.399,yes
topmostSubform[0].Page8[0].Pg8Table[0].Line2l[0].f8_9[0],/Tx,Row: 2l. Form 8846 (pre-2007). Column: (i) Carryforward to 2027. Subtract the sum of columns (g) and (h) from the sum of columns (e) and (f).,9,679.8 470.399 756 482.399,yes
topmostSubform[0].Page8[0].Pg8Table[0].Line2m[0].f8_10[0],/Tx,Row: 2m. Form 8900 (pre-2008). Column: (a) No. of items.,9,161.4 452.399 177 464.399,yes
topmostSubform[0].Page8[0].Pg8Table[0].Line2m[0].f8_11[0],/Tx,Row: 2m. Form 8900 (pre-2008). Column: (b) Originating tax year.,9,183 452.399 227.4 464.399,yes
topmostSubform[0].Page8[0].Pg8Table[0].Line2m[0].f8_12[0],/Tx,Row: 2m. Form 8900 (pre-2008). Column: (c) Pass-through entity E I N.,9,233.4 452.399 277.8 464.399,yes
topmostSubform[0].Page8[0].Pg8Table[0].Line2m[0].f8_13[0],/Tx,Row: 2m. Form 8900 (pre-2008). Column: Carryover. Subject to the passive activity limits. (d) Before the passive activity limitations.,9,283.8 452.399 357 464.399,yes
topmostSubform[0].Page8[0].Pg8Table[0].Line2m[0].f8_14[0],/Tx,Row: 2m. Form 8900 (pre-2008). Column: Carryover. Subject to the passive activity limits. (e) After the passive activity limitations.,9,363 452.399 436.2 464.399,yes
topmostSubform[0].Page8[0].Pg8Table[0].Line2m[0].f8_15[0],/Tx,Row: 2m. Form 8900 (pre-2008). Column: Carryover. (f) Not subject to passive activity limits.,9,442.2 452.399 515.4 464.399,yes
topmostSubform[0].Page8[0].Pg8Table[0].Line2m[0].f8_16[0],/Tx,Row: 2m. Form 8900 (pre-2008). Column: Carryover. (g) Amount of columns (e) and (f) applied against tax in Part I I.,9,521.4 452.399 594.6 464.399,yes
topmostSubform[0].Page8[0].Pg8Table[0].Line2m[0].f8_17[0],/Tx,Row: 2m. Form 8900 (pre-2008). Column: (h) Amount of columns (e) and (f) recaptured or otherwise adjusted.,9,600.6 452.399 673.8 464.399,yes
topmostSubform[0].Page8[0].Pg8Table[0].Line2m[0].f8_18[0],/Tx,Row: 2m. Form 8900 (pre-2008). Column: (i) Carryforward to 2027. Subtract the sum of columns (g) and (h) from the sum of columns (e) and (f).,9,679.8 452.399 756 464.399,yes
topmostSubform[0].Page8[0].Pg8Table[0].Line2n[0].f8_19[0],/Tx,Row: 2n. Reserved. Column: (a) No. of items.,9,161.4 434.399 177 446.399,yes
topmostSubform[0].Page8[0].Pg8Table[0].Line2n[0].f8_20[0],/Tx,Row: 2n. Reserved. Column: (b) Originating tax year.,9,183 434.399 227.4 446.399,yes
topmostSubform[0].Page8[0].Pg8Table[0].Line2n[0].f8_21[0],/Tx,Row: 2n. Reserved. Column: (c) Pass-through entity E I N.,9,233.4 434.399 277.8 446.399,yes
topmostSubform[0].Page8[0].Pg8Table[0].Line2n[0].f8_22[0],/Tx,Row: 2n. Reserved. Column: Carryover. Subject to the passive activity limits. (d) Before the passive activity limitations.,9,283.8 434.399 357 446.399,yes
topmostSubform[0].Page8[0].Pg8Table[0].Line2n[0].f8_23[0],/Tx,Row: 2n. Reserved. Column: Carryover. Subject to the passive activity limits. (e) After the passive activity limitations.,9,363 434.399 436.2 446.399,yes
topmostSubform[0].Page8[0].Pg8Table[0].Line2n[0].f8_24[0],/Tx,Row: 2n. Reserved. Column: Carryover. (f) Not subject to passive activity limits.,9,442.2 434.399 515.4 446.399,yes
topmostSubform[0].Page8[0].Pg8Table[0].Line2n[0].f8_25[0],/Tx,Row: 2n. Reserved. Column: Carryover. (g) Amount of columns (e) and (f) applied against tax in Part I I.,9,521.4 434.399 594.6 446.399,yes
topmostSubform[0].Page8[0].Pg8Table[0].Line2n[0].f8_26[0],/Tx,Row: 2n. Reserved. Column: (h) Amount of columns (e) and (f) recaptured or otherwise adjusted.,9,600.6 434.399 673.8 446.399,yes
topmostSubform[0].Page8[0].Pg8Table[0].Line2n[0].f8_27[0],/Tx,Row: 2n. Reserved. Column: (i) Carryforward to 2027. Subtract the sum of columns (g) and (h) from the sum of columns (e) and (f).,9,679.8 434.399 756 446.399,yes
topmostSubform[0].Page8[0].Pg8Table[0].Line2o[0].f8_28[0],/Tx,"Row: 2o. Form 5884-A, Section A. Column: (a) No. of items.",9,161.4 416.399 177 428.399,yes
topmostSubform[0].Page8[0].Pg8Table[0].Line2o[0].f8_29[0],/Tx,"Row: 2o. Form 5884-A, Section A. Column: (b) Originating tax year.",9,183 416.399 227.4 428.399,yes
topmostSubform[0].Page8[0].Pg8Table[0].Line2o[0].f8_30[0],/Tx,"Row: 2o. Form 5884-A, Section A. Column: (c) Pass-through entity E I N.",9,233.4 416.399 277.8 428.399,yes
topmostSubform[0].Page8[0].Pg8Table[0].Line2o[0].f8_31[0],/Tx,"Row: 2o. Form 5884-A, Section A. Column: Carryover. Subject to the passive activity limits. (d) Before the passive activity limitations.",9,283.8 416.399 357 428.399,yes
topmostSubform[0].Page8[0].Pg8Table[0].Line2o[0].f8_32[0],/Tx,"Row: 2o. Form 5884-A, Section A. Column: Carryover. Subject to the passive activity limits. (e) After the passive activity limitations.",9,363 416.399 436.2 428.399,yes
topmostSubform[0].Page8[0].Pg8Table[0].Line2o[0].f8_33[0],/Tx,"Row: 2o. Form 5884-A, Section A. Column: Carryover. (f) Not subject to passive activity limits.",9,442.2 416.399 515.4 428.399,yes
topmostSubform[0].Page8[0].Pg8Table[0].Line2o[0].f8_34[0],/Tx,"Row: 2o. Form 5884-A, Section A. Column: Carryover. (g) Amount of columns (e) and (f) applied against tax in Part I I.",9,521.4 416.399 594.6 428.399,yes
topmostSubform[0].Page8[0].Pg8Table[0].Line2o[0].f8_35[0],/Tx,"Row: 2o. Form 5884-A, Section A. Column: (h) Amount of columns (e) and (f) recaptured or otherwise adjusted.",9,600.6 416.399 673.8 428.399,yes
topmostSubform[0].Page8[0].Pg8Table[0].Line2o[0].f8_36[0],/Tx,"Row: 2o. Form 5884-A, Section A. Column: (i) Carryforward to 2027. Subtract the sum of columns (g) and (h) from the sum of columns (e) and (f).",9,679.8 416.399 756 428.399,yes
topmostSubform[0].Page8[0].Pg8Table[0].Line2p[0].f8_37[0],/Tx,"Row: 2p. Form 5884-A, Section B. Column: (a) No. of items.",9,161.4 398.399 177 410.399,yes
topmostSubform[0].Page8[0].Pg8Table[0].Line2p[0].f8_38[0],/Tx,"Row: 2p. Form 5884-A, Section B. Column: (b) Originating tax year.",9,183 398.399 227.4 410.399,yes
topmostSubform[0].Page8[0].Pg8Table[0].Line2p[0].f8_39[0],/Tx,"Row: 2p. Form 5884-A, Section B. Column: (c) Pass-through entity E I N.",9,233.4 398.399 277.8 410.399,yes
topmostSubform[0].Page8[0].Pg8Table[0].Line2p[0].f8_40[0],/Tx,"Row: 2p. Form 5884-A, Section B. Column: Carryover. Subject to the passive activity limits. (d) Before the passive activity limitations.",9,283.8 398.399 357 410.399,yes
topmostSubform[0].Page8[0].Pg8Table[0].Line2p[0].f8_41[0],/Tx,"Row: 2p. Form 5884-A, Section B. Column: Carryover. Subject to the passive activity limits. (e) After the passive activity limitations.",9,363 398.399 436.2 410.399,yes
topmostSubform[0].Page8[0].Pg8Table[0].Line2p[0].f8_42[0],/Tx,"Row: 2p. Form 5884-A, Section B. Column: Carryover. (f) Not subject to passive activity limits.",9,442.2 398.399 515.4 410.399,yes
topmostSubform[0].Page8[0].Pg8Table[0].Line2p[0].f8_43[0],/Tx,"Row: 2p. Form 5884-A, Section B. Column: Carryover. (g) Amount of columns (e) and (f) applied against tax in Part I I.",9,521.4 398.399 594.6 410.399,yes
topmostSubform[0].Page8[0].Pg8Table[0].Line2p[0].f8_44[0],/Tx,"Row: 2p. Form 5884-A, Section B. Column: (h) Amount of columns (e) and (f) recaptured or otherwise adjusted.",9,600.6 398.399 673.8 410.399,yes
topmostSubform[0].Page8[0].Pg8Table[0].Line2p[0].f8_45[0],/Tx,"Row: 2p. Form 5884-A, Section B. Column: (i) Carryforward to 2027. Subtract the sum of columns (g) and (h) from the sum of columns (e) and (f).",9,679.8 398.399 756 410.399,yes
topmostSubform[0].Page8[0].Pg8Table[0].Line2q[0].f8_46[0],/Tx,"Row: 2q. Form 5884-A, Section A. Column: (a) No. of items.",9,161.4 380.399 177 392.399,yes
topmostSubform[0].Page8[0].Pg8Table[0].Line2q[0].f8_47[0],/Tx,"Row: 2q. Form 5884-A, Section A. Column: (b) Originating tax year.",9,183 380.399 227.4 392.399,yes
topmostSubform[0].Page8[0].Pg8Table[0].Line2q[0].f8_48[0],/Tx,"Row: 2q. Form 5884-A, Section A. Column: (c) Pass-through entity E I N.",9,233.4 380.399 277.8 392.399,yes
topmostSubform[0].Page8[0].Pg8Table[0].Line2q[0].f8_49[0],/Tx,"Row: 2q. Form 5884-A, Section A. Column: Carryover. Subject to the passive activity limits. (d) Before the passive activity limitations.",9,283.8 380.399 357 392.399,yes
topmostSubform[0].Page8[0].Pg8Table[0].Line2q[0].f8_50[0],/Tx,"Row: 2q. Form 5884-A, Section A. Column: Carryover. Subject to the passive activity limits. (e) After the passive activity limitations.",9,363 380.399 436.2 392.399,yes
topmostSubform[0].Page8[0].Pg8Table[0].Line2q[0].f8_51[0],/Tx,"Row: 2q. Form 5884-A, Section A. Column: Carryover. (f) Not subject to passive activity limits.",9,442.2 380.399 515.4 392.399,yes
topmostSubform[0].Page8[0].Pg8Table[0].Line2q[0].f8_52[0],/Tx,"Row: 2q. Form 5884-A, Section A. Column: Carryover. (g) Amount of columns (e) and (f) applied against tax in Part I I.",9,521.4 380.399 594.6 392.399,yes
topmostSubform[0].Page8[0].Pg8Table[0].Line2q[0].f8_53[0],/Tx,"Row: 2q. Form 5884-A, Section A. Column: (h) Amount of columns (e) and (f) recaptured or otherwise adjusted.",9,600.6 380.399 673.8 392.399,yes
topmostSubform[0].Page8[0].Pg8Table[0].Line2q[0].f8_54[0],/Tx,"Row: 2q. Form 5884-A, Section A. Column: (i) Carryforward to 2027. Subtract the sum of columns (g) and (h) from the sum of columns (e) and (f).",9,679.8 380.399 756 392.399,yes
topmostSubform[0].Page8[0].Pg8Table[0].Line2r[0].f8_55[0],/Tx,"Row: 2r. Form 5884-A, Section B. Column: (a) No. of items.",9,161.4 362.399 177 374.399,yes
topmostSubform[0].Page8[0].Pg8Table[0].Line2r[0].f8_56[0],/Tx,"Row: 2r. Form 5884-A, Section B. Column: (b) Originating tax year.",9,183 362.399 227.4 374.399,yes
topmostSubform[0].Page8[0].Pg8Table[0].Line2r[0].f8_57[0],/Tx,"Row: 2r. Form 5884-A, Section B. Column: (c) Pass-through entity E I N.",9,233.4 362.399 277.8 374.399,yes
topmostSubform[0].Page8[0].Pg8Table[0].Line2r[0].f8_58[0],/Tx,"Row: 2r. Form 5884-A, Section B. Column: Carryover. Subject to the passive activity limits. (d) Before the passive activity limitations.",9,283.8 362.399 357 374.399,yes
topmostSubform[0].Page8[0].Pg8Table[0].Line2r[0].f8_59[0],/Tx,"Row: 2r. Form 5884-A, Section B. Column: Carryover. Subject to the passive activity limits. (e) After the passive activity limitations.",9,363 362.399 436.2 374.399,yes
topmostSubform[0].Page8[0].Pg8Table[0].Line2r[0].f8_60[0],/Tx,"Row: 2r. Form 5884-A, Section B. Column: Carryover. (f) Not subject to passive activity limits.",9,442.2 362.399 515.4 374.399,yes
topmostSubform[0].Page8[0].Pg8Table[0].Line2r[0].f8_61[0],/Tx,"Row: 2r. Form 5884-A, Section B. Column: Carryover. (g) Amount of columns (e) and (f) applied against tax in Part I I.",9,521.4 362.399 594.6 374.399,yes
topmostSubform[0].Page8[0].Pg8Table[0].Line2r[0].f8_62[0],/Tx,"Row: 2r. Form 5884-A, Section B. Column: (h) Amount of columns (e) and (f) recaptured or otherwise adjusted.",9,600.6 362.399 673.8 374.399,yes
topmostSubform[0].Page8[0].Pg8Table[0].Line2r[0].f8_63[0],/Tx,"Row: 2r. Form 5884-A, Section B. Column: (i) Carryforward to 2027. Subtract the sum of columns (g) and (h) from the sum of columns (e) and (f).",9,679.8 362.399 756 374.399,yes
topmostSubform[0].Page8[0].Pg8Table[0].Line2s[0].f8_64[0],/Tx,Row: 2s. Form 5884-B. Column: (a) No. of items.,9,161.4 344.399 177 356.399,yes
topmostSubform[0].Page8[0].Pg8Table[0].Line2s[0].f8_65[0],/Tx,Row: 2s. Form 5884-B. Column: (b) Originating tax year.,9,183 344.399 227.4 356.399,yes
topmostSubform[0].Page8[0].Pg8Table[0].Line2s[0].f8_66[0],/Tx,Row: 2s. Form 5884-B. Column: (c) Pass-through entity E I N.,9,233.4 344.399 277.8 356.399,yes
topmostSubform[0].Page8[0].Pg8Table[0].Line2s[0].f8_67[0],/Tx,Row: 2s. Form 5884-B. Column: Carryover. Subject to the passive activity limits. (d) Before the passive activity limitations.,9,283.8 344.399 357 356.399,yes
topmostSubform[0].Page8[0].Pg8Table[0].Line2s[0].f8_68[0],/Tx,Row: 2s. Form 5884-B. Column: Carryover. Subject to the passive activity limits. (e) After the passive activity limitations.,9,363 344.399 436.2 356.399,yes
topmostSubform[0].Page8[0].Pg8Table[0].Line2s[0].f8_69[0],/Tx,Row: 2s. Form 5884-B. Column: Carryover. (f) Not subject to passive activity limits.,9,442.2 344.399 515.4 356.399,yes
topmostSubform[0].Page8[0].Pg8Table[0].Line2s[0].f8_70[0],/Tx,Row: 2s. Form 5884-B. Column: Carryover. (g) Amount of columns (e) and (f) applied against tax in Part I I.,9,521.4 344.399 594.6 356.399,yes
topmostSubform[0].Page8[0].Pg8Table[0].Line2s[0].f8_71[0],/Tx,Row: 2s. Form 5884-B. Column: (h) Amount of columns (e) and (f) recaptured or otherwise adjusted.,9,600.6 344.399 673.8 356.399,yes
topmostSubform[0].Page8[0].Pg8Table[0].Line2s[0].f8_72[0],/Tx,Row: 2s. Form 5884-B. Column: (i) Carryforward to 2027. Subtract the sum of columns (g) and (h) from the sum of columns (e) and (f).,9,679.8 344.399 756 356.399,yes
topmostSubform[0].Page8[0].Pg8Table[0].Line2t[0].f8_73[0],/Tx,Row: 2t. Form 8847. Column: (a) No. of items.,9,161.4 326.399 177 338.399,yes
topmostSubform[0].Page8[0].Pg8Table[0].Line2t[0].f8_74[0],/Tx,Row: 2t. Form 8847. Column: (b) Originating tax year.,9,183 326.399 227.4 338.399,yes
topmostSubform[0].Page8[0].Pg8Table[0].Line2t[0].f8_75[0],/Tx,Row: 2t. Form 8847. Column: (c) Pass-through entity E I N.,9,233.4 326.399 277.8 338.399,yes
topmostSubform[0].Page8[0].Pg8Table[0].Line2t[0].f8_76[0],/Tx,Row: 2t. Form 8847. Column: Carryover. Subject to the passive activity limits. (d) Before the passive activity limitations.,9,283.8 326.399 357 338.399,yes
topmostSubform[0].Page8[0].Pg8Table[0].Line2t[0].f8_77[0],/Tx,Row: 2t. Form 8847. Column: Carryover. Subject to the passive activity limits. (e) After the passive activity limitations.,9,363 326.399 436.2 338.399,yes
topmostSubform[0].Page8[0].Pg8Table[0].Line2t[0].f8_78[0],/Tx,Row: 2t. Form 8847. Column: Carryover. (f) Not subject to passive activity limits.,9,442.2 326.399 515.4 338.399,yes
topmostSubform[0].Page8[0].Pg8Table[0].Line2t[0].f8_79[0],/Tx,Row: 2t. Form 8847. Column: Carryover. (g) Amount of columns (e) and (f) applied against tax in Part I I.,9,521.4 326.399 594.6 338.399,yes
topmostSubform[0].Page8[0].Pg8Table[0].Line2t[0].f8_80[0],/Tx,Row: 2t. Form 8847. Column: (h) Amount of columns (e) and (f) recaptured or otherwise adjusted.,9,600.6 326.399 673.8 338.399,yes
topmostSubform[0].Page8[0].Pg8Table[0].Line2t[0].f8_81[0],/Tx,Row: 2t. Form 8847. Column: (i) Carryforward to 2027. Subtract the sum of columns (g) and (h) from the sum of columns (e) and (f).,9,679.8 326.399 756 338.399,yes
topmostSubform[0].Page8[0].Pg8Table[0].Line2u[0].f8_82[0],/Tx,Row: 2u. Form 8861. Column: (a) No. of items.,9,161.4 308.399 177 320.399,yes
topmostSubform[0].Page8[0].Pg8Table[0].Line2u[0].f8_83[0],/Tx,Row: 2u. Form 8861. Column: (b) Originating tax year.,9,183 308.399 227.4 320.399,yes
topmostSubform[0].Page8[0].Pg8Table[0].Line2u[0].f8_84[0],/Tx,Row: 2u. Form 8861. Column: (c) Pass-through entity E I N.,9,233.4 308.399 277.8 320.399,yes
topmostSubform[0].Page8[0].Pg8Table[0].Line2u[0].f8_85[0],/Tx,Row: 2u. Form 8861. Column: Carryover. Subject to the passive activity limits. (d) Before the passive activity limitations.,9,283.8 308.399 357 320.399,yes
topmostSubform[0].Page8[0].Pg8Table[0].Line2u[0].f8_86[0],/Tx,Row: 2u. Form 8861. Column: Carryover. Subject to the passive activity limits. (e) After the passive activity limitations.,9,363 308.399 436.2 320.399,yes
topmostSubform[0].Page8[0].Pg8Table[0].Line2u[0].f8_87[0],/Tx,Row: 2u. Form 8861. Column: Carryover. (f) Not subject to passive activity limits.,9,442.2 308.399 515.4 320.399,yes
topmostSubform[0].Page8[0].Pg8Table[0].Line2u[0].f8_88[0],/Tx,Row: 2u. Form 8861. Column: Carryover. (g) Amount of columns (e) and (f) applied against tax in Part I I.,9,521.4 308.399 594.6 320.399,yes
topmostSubform[0].Page8[0].Pg8Table[0].Line2u[0].f8_89[0],/Tx,Row: 2u. Form 8861. Column: (h) Amount of columns (e) and (f) recaptured or otherwise adjusted.,9,600.6 308.399 673.8 320.399,yes
topmostSubform[0].Page8[0].Pg8Table[0].Line2u[0].f8_90[0],/Tx,Row: 2u. Form 8861. Column: (i) Carryforward to 2027. Subtract the sum of columns (g) and (h) from the sum of columns (e) and (f).,9,679.8 308.399 756 320.399,yes
topmostSubform[0].Page8[0].Pg8Table[0].Line2v[0].f8_91[0],/Tx,Row: 2v. Reserved. Column: (a) No. of items.,9,161.4 290.399 177 302.399,yes
topmostSubform[0].Page8[0].Pg8Table[0].Line2v[0].f8_92[0],/Tx,Row: 2v. Reserved. Column: (b) Originating tax year.,9,183 290.399 227.4 302.399,yes
topmostSubform[0].Page8[0].Pg8Table[0].Line2v[0].f8_93[0],/Tx,Row: 2v. Reserved. Column: (c) Pass-through entity E I N.,9,233.4 290.399 277.8 302.399,yes
topmostSubform[0].Page8[0].Pg8Table[0].Line2v[0].f8_94[0],/Tx,Row: 2v. Reserved. Column: Carryover. Subject to the passive activity limits. (d) Before the passive activity limitations.,9,283.8 290.399 357 302.399,yes
topmostSubform[0].Page8[0].Pg8Table[0].Line2v[0].f8_95[0],/Tx,Row: 2v. Reserved. Column: Carryover. Subject to the passive activity limits. (e) After the passive activity limitations.,9,363 290.399 436.2 302.399,yes
topmostSubform[0].Page8[0].Pg8Table[0].Line2v[0].f8_96[0],/Tx,Row: 2v. Reserved. Column: Carryover. (f) Not subject to passive activity limits.,9,442.2 290.399 515.4 302.399,yes
topmostSubform[0].Page8[0].Pg8Table[0].Line2v[0].f8_97[0],/Tx,Row: 2v. Reserved. Column: Carryover. (g) Amount of columns (e) and (f) applied against tax in Part I I.,9,521.4 290.399 594.6 302.399,yes
topmostSubform[0].Page8[0].Pg8Table[0].Line2v[0].f8_98[0],/Tx,Row: 2v. Reserved. Column: (h) Amount of columns (e) and (f) recaptured or otherwise adjusted.,9,600.6 290.399 673.8 302.399,yes
topmostSubform[0].Page8[0].Pg8Table[0].Line2v[0].f8_99[0],/Tx,Row: 2v. Reserved. Column: (i) Carryforward to 2027. Subtract the sum of columns (g) and (h) from the sum of columns (e) and (f).,9,679.8 290.399 756 302.399,yes
topmostSubform[0].Page8[0].Pg8Table[0].Line2w[0].f8_100[0],/Tx,Row: 2w. Form 8942. Column: (a) No. of items.,9,161.4 272.399 177 284.399,yes
topmostSubform[0].Page8[0].Pg8Table[0].Line2w[0].f8_101[0],/Tx,Row: 2w. Form 8942. Column: (b) Originating tax year.,9,183 272.399 227.4 284.399,yes
topmostSubform[0].Page8[0].Pg8Table[0].Line2w[0].f8_102[0],/Tx,Row: 2w. Form 8942. Column: (c) Pass-through entity E I N.,9,233.4 272.399 277.8 284.399,yes
topmostSubform[0].Page8[0].Pg8Table[0].Line2w[0].f8_103[0],/Tx,Row: 2w. Form 8942. Column: Carryover. Subject to the passive activity limits. (d) Before the passive activity limitations.,9,283.8 272.399 357 284.399,yes
topmostSubform[0].Page8[0].Pg8Table[0].Line2w[0].f8_104[0],/Tx,Row: 2w. Form 8942. Column: Carryover. Subject to the passive activity limits. (e) After the passive activity limitations.,9,363 272.399 436.2 284.399,yes
topmostSubform[0].Page8[0].Pg8Table[0].Line2w[0].f8_105[0],/Tx,Row: 2w. Form 8942. Column: Carryover. (f) Not subject to passive activity limits.,9,442.2 272.399 515.4 284.399,yes
topmostSubform[0].Page8[0].Pg8Table[0].Line2w[0].f8_106[0],/Tx,Row: 2w. Form 8942. Column: Carryover. (g) Amount of columns (e) and (f) applied against tax in Part I I.,9,521.4 272.399 594.6 284.399,yes
topmostSubform[0].Page8[0].Pg8Table[0].Line2w[0].f8_107[0],/Tx,Row: 2w. Form 8942. Column: (h) Amount of columns (e) and (f) recaptured or otherwise adjusted or otherwise adjusted.,9,600.6 272.399 673.8 284.399,yes
topmostSubform[0].Page8[0].Pg8Table[0].Line2w[0].f8_108[0],/Tx,Row: 2w. Form 8942. Column: (i) Carryforward to 2027. Subtract the sum of columns (g) and (h) from the sum of columns (e) and (f).,9,679.8 272.399 756 284.399,yes
topmostSubform[0].Page8[0].Pg8Table[0].Line2x[0].f8_109[0],/Tx,Row: 2x. Form 8910. Column: (a) No. of items.,9,161.4 254.399 177 266.399,yes
topmostSubform[0].Page8[0].Pg8Table[0].Line2x[0].f8_110[0],/Tx,Row: 2x. Form 8910. Column: (b) Originating tax year.,9,183 254.399 227.4 266.399,yes
topmostSubform[0].Page8[0].Pg8Table[0].Line2x[0].f8_111[0],/Tx,Row: 2x. Form 8910. Column: (c) Pass-through entity E I N.,9,233.4 254.399 277.8 266.399,yes
topmostSubform[0].Page8[0].Pg8Table[0].Line2x[0].f8_112[0],/Tx,Row: 2x. Form 8910. Column: Carryover. Subject to the passive activity limits. (d) Before the passive activity limitations.,9,283.8 254.399 357 266.399,yes
topmostSubform[0].Page8[0].Pg8Table[0].Line2x[0].f8_113[0],/Tx,Row: 2x. Form 8910. Column: Carryover. Subject to the passive activity limits. (e) After the passive activity limitations.,9,363 254.399 436.2 266.399,yes
topmostSubform[0].Page8[0].Pg8Table[0].Line2x[0].f8_114[0],/Tx,Row: 2x. Form 8910. Column: Carryover. (f) Not subject to passive activity limits.,9,442.2 254.399 515.4 266.399,yes
topmostSubform[0].Page8[0].Pg8Table[0].Line2x[0].f8_115[0],/Tx,Row: 2x. Form 8910. Column: Carryover. (g) Amount of columns (e) and (f) applied against tax in Part I I.,9,521.4 254.399 594.6 266.399,yes
topmostSubform[0].Page8[0].Pg8Table[0].Line2x[0].f8_116[0],/Tx,Row: 2x. Form 8910. Column: (h) Amount of columns (e) and (f) recaptured or otherwise adjusted.,9,600.6 254.399 673.8 266.399,yes
topmostSubform[0].Page8[0].Pg8Table[0].Line2x[0].f8_117[0],/Tx,Row: 2x. Form 8910. Column: (i) Carryforward to 2027. Subtract the sum of columns (g) and (h) from the sum of columns (e) and (f).,9,679.8 254.399 756 266.399,yes
topmostSubform[0].Page8[0].Pg8Table[0].Line2y[0].f8_118[0],/Tx,Row: 2y. Reserved. Column: (a) No. of items.,9,161.4 236.399 177 248.399,yes
topmostSubform[0].Page8[0].Pg8Table[0].Line2y[0].f8_119[0],/Tx,Row: 2y. Reserved. Column: (b) Originating tax year.,9,183 236.399 227.4 248.399,yes
topmostSubform[0].Page8[0].Pg8Table[0].Line2y[0].f8_120[0],/Tx,Row: 2y. Reserved. Column: (c) Pass-through entity E I N.,9,233.4 236.399 277.8 248.399,yes
topmostSubform[0].Page8[0].Pg8Table[0].Line2y[0].f8_121[0],/Tx,Row: 2y. Reserved. Column: Carryover. Subject to the passive activity limits. (d) Before the passive activity limitations.,9,283.8 236.399 357 248.399,yes
topmostSubform[0].Page8[0].Pg8Table[0].Line2y[0].f8_122[0],/Tx,Row: 2y. Reserved. Column: Carryover. Subject to the passive activity limits. (e) After the passive activity limitations.,9,363 236.399 436.2 248.399,yes
topmostSubform[0].Page8[0].Pg8Table[0].Line2y[0].f8_123[0],/Tx,Row: 2y. Reserved. Column: Carryover. (f) Not subject to passive activity limits.,9,442.2 236.399 515.4 248.399,yes
topmostSubform[0].Page8[0].Pg8Table[0].Line2y[0].f8_124[0],/Tx,Row: 2y. Reserved. Column: Carryover. (g) Amount of columns (e) and (f) applied against tax in Part I I.,9,521.4 236.399 594.6 248.399,yes
topmostSubform[0].Page8[0].Pg8Table[0].Line2y[0].f8_125[0],/Tx,Row: 2y. Reserved. Column: (h) Amount of columns (e) and (f) recaptured or otherwise adjusted.,9,600.6 236.399 673.8 248.399,yes
topmostSubform[0].Page8[0].Pg8Table[0].Line2y[0].f8_126[0],/Tx,Row: 2y. Reserved. Column: (i) Carryforward to 2027. Subtract the sum of columns (g) and (h) from the sum of columns (e) and (f).,9,679.8 236.399 756 248.399,yes
topmostSubform[0].Page8[0].Pg8Table[0].Line2z[0].f8_127[0],/Tx,Row: 2z. Reserved. Column: (a) No. of items.,9,161.4 218.399 177 230.399,yes
topmostSubform[0].Page8[0].Pg8Table[0].Line2z[0].f8_128[0],/Tx,Row: 2z. Reserved. Column: (b) Originating tax year.,9,183 218.399 227.4 230.399,yes
topmostSubform[0].Page8[0].Pg8Table[0].Line2z[0].f8_129[0],/Tx,Row: 2z. Reserved. Column: (c) Pass-through entity E I N.,9,233.4 218.399 277.8 230.399,yes
topmostSubform[0].Page8[0].Pg8Table[0].Line2z[0].f8_130[0],/Tx,Row: 2z. Reserved. Column: Carryover. Subject to the passive activity limits. (d) Before the passive activity limitations.,9,283.8 218.399 357 230.399,yes
topmostSubform[0].Page8[0].Pg8Table[0].Line2z[0].f8_131[0],/Tx,Row: 2z. Reserved. Column: Carryover. Subject to the passive activity limits. (e) After the passive activity limitations.,9,363 218.399 436.2 230.399,yes
topmostSubform[0].Page8[0].Pg8Table[0].Line2z[0].f8_132[0],/Tx,Row: 2z. Reserved. Column: Carryover. Subject to the passive activity limits. (e) After the passive activity limitations.,9,442.2 218.399 515.4 230.399,yes
topmostSubform[0].Page8[0].Pg8Table[0].Line2z[0].f8_133[0],/Tx,Row: 2z. Reserved. Column: Carryover. (g) Amount of columns (e) and (f) applied against tax in Part I I.,9,521.4 218.399 594.6 230.399,yes
topmostSubform[0].Page8[0].Pg8Table[0].Line2z[0].f8_134[0],/Tx,Row: 2z. Reserved. Column: (h) Amount of columns (e) and (f) recaptured or otherwise adjusted.,9,600.6 218.399 673.8 230.399,yes
topmostSubform[0].Page8[0].Pg8Table[0].Line2z[0].f8_135[0],/Tx,Row: 2z. Reserved. Column: (i) Carryforward to 2027. Subtract the sum of columns (g) and (h) from the sum of columns (e) and (f).,9,679.8 218.399 756 230.399,yes
topmostSubform[0].Page8[0].Pg8Table[0].Line2zz[0].f8_136[0],/Tx,Row: 2z z. Other credits (see inst.). Column: (a) No. of items.,9,161.4 200.399 177 212.399,yes
topmostSubform[0].Page8[0].Pg8Table[0].Line2zz[0].f8_137[0],/Tx,Row: 2z z. Other credits (see inst.). Column: (b) Originating tax year.,9,183 200.399 227.4 212.399,yes
topmostSubform[0].Page8[0].Pg8Table[0].Line2zz[0].f8_138[0],/Tx,Row: 2z z. Other credits (see inst.). Column: (c) Pass-through entity E I N.,9,233.4 200.399 277.8 212.399,yes
topmostSubform[0].Page8[0].Pg8Table[0].Line2zz[0].f8_139[0],/Tx,Row: 2z z. Other credits (see inst.). Column: Carryover. Subject to the passive activity limits. (d) Before the passive activity limitations.,9,283.8 200.399 357 212.399,yes
topmostSubform[0].Page8[0].Pg8Table[0].Line2zz[0].f8_140[0],/Tx,Row: 2z z. Other credits (see inst.). Column: Carryover. Subject to the passive activity limits. (e) After the passive activity limitations.,9,363 200.399 436.2 212.399,yes
topmostSubform[0].Page8[0].Pg8Table[0].Line2zz[0].f8_141[0],/Tx,Row: 2z z. Other credits (see inst.). Column: Carryover. (f) Not subject to passive activity limits.,9,442.2 200.399 515.4 212.399,yes
topmostSubform[0].Page8[0].Pg8Table[0].Line2zz[0].f8_142[0],/Tx,Row: 2z z. Other credits (see inst.). Column: Carryover. (g) Amount of columns (e) and (f) applied against tax in Part I I.,9,521.4 200.399 594.6 212.399,yes
topmostSubform[0].Page8[0].Pg8Table[0].Line2zz[0].f8_143[0],/Tx,Row: 2z z. Other credits (see inst.). Column: (h) Amount of columns (e) and (f) recaptured or otherwise adjusted.,9,600.6 200.399 673.8 212.399,yes
topmostSubform[0].Page8[0].Pg8Table[0].Line2zz[0].f8_144[0],/Tx,Row: 2z z. Other credits (see inst.). Column: (i) Carryforward to 2027. Subtract the sum of columns (g) and (h) from the sum of columns (e) and (f).,9,679.8 200.399 756 212.399,yes
topmostSubform[0].Page8[0].Pg8Table[0].Line3[0].f8_145[0],/Tx,Row: 3. Form 8844. Column: (a) No. of items.,9,161.4 182.399 177 194.399,yes
topmostSubform[0].Page8[0].Pg8Table[0].Line3[0].f8_146[0],/Tx,Row: 3. Form 8844. Column: (b) Originating tax year.,9,183 182.399 227.4 194.399,yes
topmostSubform[0].Page8[0].Pg8Table[0].Line3[0].f8_147[0],/Tx,Row: 3. Form 8844. Column: (c) Pass-through entity E I N.,9,233.4 182.399 277.8 194.399,yes
topmostSubform[0].Page8[0].Pg8Table[0].Line3[0].f8_148[0],/Tx,Row: 3. Form 8844. Column: Carryover. Subject to the passive activity limits. (d) Before the passive activity limitations.,9,283.8 182.399 357 194.399,yes
topmostSubform[0].Page8[0].Pg8Table[0].Line3[0].f8_149[0],/Tx,Row: 3. Form 8844. Column: Carryover. Subject to the passive activity limits. (e) After the passive activity limitations.,9,363 182.399 436.2 194.399,yes
topmostSubform[0].Page8[0].Pg8Table[0].Line3[0].f8_150[0],/Tx,Row: 3. Form 8844. Column: Carryover. (f) Not subject to passive activity limits.,9,442.2 182.399 515.4 194.399,yes
topmostSubform[0].Page8[0].Pg8Table[0].Line3[0].f8_151[0],/Tx,Row: 3. Form 8844. Column: Carryover. (g) Amount of columns (e) and (f) applied against tax in Part I I.,9,521.4 182.399 594.6 194.399,yes
topmostSubform[0].Page8[0].Pg8Table[0].Line3[0].f8_152[0],/Tx,Row: 3. Form 8844. Column: (h) Amount of columns (e) and (f) recaptured or otherwise adjusted.,9,600.6 182.399 673.8 194.399,yes
topmostSubform[0].Page8[0].Pg8Table[0].Line3[0].f8_153[0],/Tx,Row: 3. Form 8844. Column: (i) Carryforward to 2027. Subtract the sum of columns (g) and (h) from the sum of columns (e) and (f).,9,679.8 182.399 756 194.399,yes
topmostSubform[0].Page8[0].Pg8Table[0].Line4a[0].f8_154[0],/Tx,"Row: 4. Specified credits: a. Form 3468, Part V I. Column: (a) No. of items.",9,161.4 146.399 177 158.399,yes
topmostSubform[0].Page8[0].Pg8Table[0].Line4a[0].f8_155[0],/Tx,"Row: 4a. Form 3468, Part V I. Column: (b) Originating tax year.",9,183 146.399 227.4 158.399,yes
topmostSubform[0].Page8[0].Pg8Table[0].Line4a[0].f8_156[0],/Tx,"Row: 4a. Form 3468, Part V I. Column: (c) Pass-through entity E I N.",9,233.4 146.399 277.8 158.399,yes
topmostSubform[0].Page8[0].Pg8Table[0].Line4a[0].f8_157[0],/Tx,"Row: 4a. Form 3468, Part V I. Column: Carryover. Subject to the passive activity limits. (d) Before the passive activity limitations.",9,283.8 146.399 357 158.399,yes
topmostSubform[0].Page8[0].Pg8Table[0].Line4a[0].f8_158[0],/Tx,"Row: 4a. Form 3468, Part V I. Column: Carryover. Subject to the passive activity limits. (e) After the passive activity limitations.",9,363 146.399 436.2 158.399,yes
topmostSubform[0].Page8[0].Pg8Table[0].Line4a[0].f8_159[0],/Tx,"Row: 4a. Form 3468, Part V I. Column: Carryover. (f) Not subject to passive activity limits.",9,442.2 146.399 515.4 158.399,yes
topmostSubform[0].Page8[0].Pg8Table[0].Line4a[0].f8_160[0],/Tx,"Row: 4a. Form 3468, Part V I. Column: Carryover. (g) Amount of columns (e) and (f) applied against tax in Part I I.",9,521.4 146.399 594.6 158.399,yes
topmostSubform[0].Page8[0].Pg8Table[0].Line4a[0].f8_161[0],/Tx,"Row: 4a. Form 3468, Part V I. Column: (h) Amount of columns (e) and (f) recaptured or otherwise adjusted.",9,600.6 146.399 673.8 158.399,yes
topmostSubform[0].Page8[0].Pg8Table[0].Line4a[0].f8_162[0],/Tx,"Row: 4a. Form 3468, Part V I. Column: (i) Carryforward to 2027. Subtract the sum of columns (g) and (h) from the sum of columns (e) and (f).",9,679.8 146.399 756 158.399,yes
topmostSubform[0].Page8[0].Pg8Table[0].Line4b[0].f8_163[0],/Tx,Row: 4b. Form 5884. Column: (a) No. of items.,9,161.4 128.399 177 140.399,yes
topmostSubform[0].Page8[0].Pg8Table[0].Line4b[0].f8_164[0],/Tx,Row: 4b. Form 5884. Column: (b) Originating tax year.,9,183 128.399 227.4 140.399,yes
topmostSubform[0].Page8[0].Pg8Table[0].Line4b[0].f8_165[0],/Tx,Row: 4b. Form 5884. Column: (c) Pass-through entity E I N.,9,233.4 128.399 277.8 140.399,yes
topmostSubform[0].Page8[0].Pg8Table[0].Line4b[0].f8_166[0],/Tx,Row: 4b. Form 5884. Column: Carryover. Subject to the passive activity limits. (d) Before the passive activity limitations.,9,283.8 128.399 357 140.399,yes
topmostSubform[0].Page8[0].Pg8Table[0].Line4b[0].f8_167[0],/Tx,Row: 4b. Form 5884. Column: Carryover. Subject to the passive activity limits. (e) After the passive activity limitations.,9,363 128.399 436.2 140.399,yes
topmostSubform[0].Page8[0].Pg8Table[0].Line4b[0].f8_168[0],/Tx,Row: 4b. Form 5884. Column: Carryover. (f) Not subject to passive activity limits.,9,442.2 128.399 515.4 140.399,yes
topmostSubform[0].Page8[0].Pg8Table[0].Line4b[0].f8_169[0],/Tx,Row: 4b. Form 5884. Column: Carryover. (g) Amount of columns (e) and (f) applied against tax in Part I I.,9,521.4 128.399 594.6 140.399,yes
topmostSubform[0].Page8[0].Pg8Table[0].Line4b[0].f8_170[0],/Tx,Row: 4b. Form 5884. Column: (h) Amount of columns (e) and (f) recaptured or otherwise adjusted.,9,600.6 128.399 673.8 140.399,yes
topmostSubform[0].Page8[0].Pg8Table[0].Line4b[0].f8_171[0],/Tx,Row: 4b. Form 5884. Column: (i) Carryforward to 2027. Subtract the sum of columns (g) and (h) from the sum of columns (e) and (f).,9,679.8 128.399 756 140.399,yes
topmostSubform[0].Page8[0].Pg8Table[0].Line4c[0].f8_172[0],/Tx,Row: 4c. Form 6478. Column: (a) No. of items.,9,161.4 110.399 177 122.399,yes
topmostSubform[0].Page8[0].Pg8Table[0].Line4c[0].f8_173[0],/Tx,Row: 4c. Form 6478. Column: (b) Originating tax year.,9,183 110.399 227.4 122.399,yes
topmostSubform[0].Page8[0].Pg8Table[0].Line4c[0].f8_174[0],/Tx,Row: 4c. Form 6478. Column: (c) Pass-through entity E I N.,9,233.4 110.399 277.8 122.399,yes
topmostSubform[0].Page8[0].Pg8Table[0].Line4c[0].f8_175[0],/Tx,Row: 4c. Form 6478. Column: Carryover. Subject to the passive activity limits. (d) Before the passive activity limitations.,9,283.8 110.399 357 122.399,yes
topmostSubform[0].Page8[0].Pg8Table[0].Line4c[0].f8_176[0],/Tx,Row: 4c. Form 6478. Column: Carryover. Subject to the passive activity limits. (e) After the passive activity limitations.,9,363 110.399 436.2 122.399,yes
topmostSubform[0].Page8[0].Pg8Table[0].Line4c[0].f8_177[0],/Tx,Row: 4c. Form 6478. Column: Carryover. (f) Not subject to passive activity limits.,9,442.2 110.399 515.4 122.399,yes
topmostSubform[0].Page8[0].Pg8Table[0].Line4c[0].f8_178[0],/Tx,Row: 4c. Form 6478. Column: Carryover. (g) Amount of columns (e) and (f) applied against tax in Part I I.,9,521.4 110.399 594.6 122.399,yes
topmostSubform[0].Page8[0].Pg8Table[0].Line4c[0].f8_179[0],/Tx,Row: 4c. Form 6478. Column: (h) Amount of columns (e) and (f) recaptured or otherwise adjusted.,9,600.6 110.399 673.8 122.399,yes
topmostSubform[0].Page8[0].Pg8Table[0].Line4c[0].f8_180[0],/Tx,Row: 4c. Form 6478. Column: (i) Carryforward to 2027. Subtract the sum of columns (g) and (h) from the sum of columns (e) and (f).,9,679.8 110.399 756 122.399,yes
topmostSubform[0].Page8[0].Pg8Table[0].Line4d[0].f8_181[0],/Tx,Row: 4d. Form 8586 (post-2007). Column: (a) No. of items.,9,161.4 92.399 177 104.399,yes
topmostSubform[0].Page8[0].Pg8Table[0].Line4d[0].f8_182[0],/Tx,Row: 4d. Form 8586 (post-2007). Column: (b) Originating tax year.,9,183 92.399 227.4 104.399,yes
topmostSubform[0].Page8[0].Pg8Table[0].Line4d[0].f8_183[0],/Tx,Row: 4d. Form 8586 (post-2007). Column: (c) Pass-through entity E I N.,9,233.4 92.399 277.8 104.399,yes
topmostSubform[0].Page8[0].Pg8Table[0].Line4d[0].f8_184[0],/Tx,Row: 4d. Form 8586 (post-2007). Column: Carryover. Subject to the passive activity limits. (d) Before the passive activity limitations.,9,283.8 92.399 357 104.399,yes
topmostSubform[0].Page8[0].Pg8Table[0].Line4d[0].f8_185[0],/Tx,Row: 4d. Form 8586 (post-2007). Column: Carryover. Subject to the passive activity limits. (e) After the passive activity limitations.,9,363 92.399 436.2 104.399,yes
topmostSubform[0].Page8[0].Pg8Table[0].Line4d[0].f8_186[0],/Tx,Row: 4d. Form 8586 (post-2007). Column: Carryover. (f) Not subject to passive activity limits.,9,442.2 92.399 515.4 104.399,yes
topmostSubform[0].Page8[0].Pg8Table[0].Line4d[0].f8_187[0],/Tx,Row: 4d. Form 8586 (post-2007). Column: Carryover. (g) Amount of columns (e) and (f) applied against tax in Part I I.,9,521.4 92.399 594.6 104.399,yes
topmostSubform[0].Page8[0].Pg8Table[0].Line4d[0].f8_188[0],/Tx,Row: 4d. Form 8586 (post-2007). Column: (h) Amount of columns (e) and (f) recaptured or otherwise adjusted.,9,600.6 92.399 673.8 104.399,yes
topmostSubform[0].Page8[0].Pg8Table[0].Line4d[0].f8_189[0],/Tx,Row: 4d. Form 8586 (post-2007). Column: (i) Carryforward to 2027. Subtract the sum of columns (g) and (h) from the sum of columns (e) and (f).,9,679.8 92.399 756 104.399,yes
topmostSubform[0].Page8[0].Pg8Table[0].Line4e[0].f8_190[0],/Tx,Row: 4e. Form 8835. Column: (a) No. of items.,9,161.4 74.399 177 86.399,yes
topmostSubform[0].Page8[0].Pg8Table[0].Line4e[0].f8_191[0],/Tx,Row: 4e. Form 8835. Column: (b) Originating tax year.,9,183 74.399 227.4 86.399,yes
topmostSubform[0].Page8[0].Pg8Table[0].Line4e[0].f8_192[0],/Tx,Row: 4e. Form 8835. Column: (c) Pass-through entity E I N.,9,233.4 74.399 277.8 86.399,yes
topmostSubform[0].Page8[0].Pg8Table[0].Line4e[0].f8_193[0],/Tx,Row: 4e. Form 8835. Column: Carryover. Subject to the passive activity limits. (d) Before the passive activity limitations.,9,283.8 74.399 357 86.399,yes
topmostSubform[0].Page8[0].Pg8Table[0].Line4e[0].f8_194[0],/Tx,Row: 4e. Form 8835. Column: Carryover. Subject to the passive activity limits. (e) After the passive activity limitations.,9,363 74.399 436.2 86.399,yes
topmostSubform[0].Page8[0].Pg8Table[0].Line4e[0].f8_195[0],/Tx,Row: 4e. Form 8835. Column: Carryover. (f) Not subject to passive activity limits.,9,442.2 74.399 515.4 86.399,yes
topmostSubform[0].Page8[0].Pg8Table[0].Line4e[0].f8_196[0],/Tx,Row: 4e. Form 8835. Column: Carryover. (g) Amount of columns (e) and (f) applied against tax in Part I I.,9,521.4 74.399 594.6 86.399,yes
topmostSubform[0].Page8[0].Pg8Table[0].Line4e[0].f8_197[0],/Tx,Row: 4e. Form 8835. Column: (h) Amount of columns (e) and (f) recaptured or otherwise adjusted.,9,600.6 74.399 673.8 86.399,yes
topmostSubform[0].Page8[0].Pg8Table[0].Line4e[0].f8_198[0],/Tx,Row: 4e. Form 8835. Column: (i) Carryforward to 2027. Subtract the sum of columns (g) and (h) from the sum of columns (e) and (f).,9,679.8 74.399 756 86.399,yes
topmostSubform[0].Page8[0].Pg8Table[0].Line4f[0].f8_199[0],/Tx,Row: 4f. Form 8846. Column: (a) No. of items.,9,161.4 56.399 177 68.399,yes
topmostSubform[0].Page8[0].Pg8Table[0].Line4f[0].f8_200[0],/Tx,Row: 4f. Form 8846. Column: (b) Originating tax year.,9,183 56.399 227.4 68.399,yes
topmostSubform[0].Page8[0].Pg8Table[0].Line4f[0].f8_201[0],/Tx,Row: 4f. Form 8846. Column: (c) Pass-through entity E I N.,9,233.4 56.399 277.8 68.399,yes
topmostSubform[0].Page8[0].Pg8Table[0].Line4f[0].f8_202[0],/Tx,Row: 4f. Form 8846. Column: Carryover. Subject to the passive activity limits. (d) Before the passive activity limitations.,9,283.8 56.399 357 68.399,yes
topmostSubform[0].Page8[0].Pg8Table[0].Line4f[0].f8_203[0],/Tx,Row: 4f. Form 8846. Column: Carryover. Subject to the passive activity limits. (e) After the passive activity limitations.,9,363 56.399 436.2 68.399,yes
topmostSubform[0].Page8[0].Pg8Table[0].Line4f[0].f8_204[0],/Tx,Row: 4f. Form 8846. Column: (e) Carryover. (f) Not subject to passive activity limits.,9,442.2 56.399 515.4 68.399,yes
topmostSubform[0].Page8[0].Pg8Table[0].Line4f[0].f8_205[0],/Tx,Row: 4f. Form 8846. Column: Carryover. (g) Amount of columns (e) and (f) applied against tax in Part I I.,9,521.4 56.399 594.6 68.399,yes
topmostSubform[0].Page8[0].Pg8Table[0].Line4f[0].f8_206[0],/Tx,Row: 4f. Form 8846. Column: (h) Amount of columns (e) and (f) recaptured or otherwise adjusted.,9,600.6 56.399 673.8 68.399,yes
topmostSubform[0].Page8[0].Pg8Table[0].Line4f[0].f8_207[0],/Tx,Row: 4f. Form 8846. Column: (i) Carryforward to 2027. Subtract the sum of columns (g) and (h) from the sum of columns (e) and (f).,9,679.8 56.399 756 68.399,yes
topmostSubform[0].Page9[0].Pg9Table[0].Line4g[0].f9_1[0],/Tx,Page 9. Part I V. Carryovers of General Business Credits (G B Cs) (see instructions) (continued). Row: 4g. Form 8900. Column: (a) No. of items.,10,161.4 471 177 483,yes
topmostSubform[0].Page9[0].Pg9Table[0].Line4g[0].f9_2[0],/Tx,Row: 4g. Form 8900. Column: (b) Originating tax year.,10,183 471 227.4 483,yes
topmostSubform[0].Page9[0].Pg9Table[0].Line4g[0].f9_3[0],/Tx,Row: 4g. Form 8900. Column: (c) Pass-through entity E I N.,10,233.4 471 277.8 483,yes
topmostSubform[0].Page9[0].Pg9Table[0].Line4g[0].f9_4[0],/Tx,Row: 4g. Form 8900. Column: Carryover. Subject to the passive activity limits. (d) Before the passive activity limitations.,10,283.8 471 357 483,yes
topmostSubform[0].Page9[0].Pg9Table[0].Line4g[0].f9_5[0],/Tx,Row: 4g. Form 8900. Column: Carryover. Subject to the passive activity limits. (e) After the passive activity limitations.,10,363 471 436.2 483,yes
topmostSubform[0].Page9[0].Pg9Table[0].Line4g[0].f9_6[0],/Tx,Row: 4g. Form 8900. Column: Carryover. (f) Not subject to passive activity limits.,10,442.2 471 515.4 483,yes
topmostSubform[0].Page9[0].Pg9Table[0].Line4g[0].f9_7[0],/Tx,Row: 4g. Form 8900. Column: Carryover. (g) Amount of columns (e) and (f) applied against tax in Part I I.,10,521.4 471 594.6 483,yes
topmostSubform[0].Page9[0].Pg9Table[0].Line4g[0].f9_8[0],/Tx,Row: 4g. Form 8900. Column: (h) Amount of columns (e) and (f) recaptured or otherwise adjusted.,10,600.6 471 673.8 483,yes
topmostSubform[0].Page9[0].Pg9Table[0].Line4g[0].f9_9[0],/Tx,Row: 4g. Form 8900. Column: (i) Carryforward to 2027. Subtract the sum of columns (g) and (h) from the sum of columns (e) and (f).,10,679.8 471 756 483,yes
topmostSubform[0].Page9[0].Pg9Table[0].Line4h[0].f9_10[0],/Tx,Row: 4h. Form 8941. Column: (a) No. of items.,10,161.4 453 177 465,yes
topmostSubform[0].Page9[0].Pg9Table[0].Line4h[0].f9_11[0],/Tx,Row: 4h. Form 8941. Column: (b) Originating tax year.,10,183 453 227.4 465,yes
topmostSubform[0].Page9[0].Pg9Table[0].Line4h[0].f9_12[0],/Tx,Row: 4h. Form 8941. Column: (c) Pass-through entity E I N.,10,233.4 453 277.8 465,yes
topmostSubform[0].Page9[0].Pg9Table[0].Line4h[0].f9_13[0],/Tx,Row: 4h. Form 8941. Column: Carryover. Subject to the passive activity limits. (d) Before the passive activity limitations.,10,283.8 453 357 465,yes
topmostSubform[0].Page9[0].Pg9Table[0].Line4h[0].f9_14[0],/Tx,Row: 4h. Form 8941. Column: Carryover. Subject to the passive activity limits. (e) After the passive activity limitations.,10,363 453 436.2 465,yes
topmostSubform[0].Page9[0].Pg9Table[0].Line4h[0].f9_15[0],/Tx,Row: 4h. Form 8941. Column: Carryover. (f) Not subject to passive activity limits.,10,442.2 453 515.4 465,yes
topmostSubform[0].Page9[0].Pg9Table[0].Line4h[0].f9_16[0],/Tx,Row: 4h. Form 8941. Column: Carryover. (g) Amount of columns (e) and (f) applied against tax in Part I I.,10,521.4 453 594.6 465,yes
topmostSubform[0].Page9[0].Pg9Table[0].Line4h[0].f9_17[0],/Tx,Row: 4h. Form 8941. Column: (h) Amount of columns (e) and (f) recaptured or otherwise adjusted.,10,600.6 453 673.8 465,yes
topmostSubform[0].Page9[0].Pg9Table[0].Line4h[0].f9_18[0],/Tx,Row: 4h. Form 8941. Column: (i) Carryforward to 2027. Subtract the sum of columns (g) and (h) from the sum of columns (e) and (f).,10,679.8 453 756 465,yes
topmostSubform[0].Page9[0].Pg9Table[0].Line4i[0].f9_19[0],/Tx,Row: 4i. Form 6765 E S B credit. Column: (a) No. of items.,10,161.4 435 177 447,yes
topmostSubform[0].Page9[0].Pg9Table[0].Line4i[0].f9_20[0],/Tx,Row: 4i. Form 6765 E S B credit. Column: (b) Originating tax year.,10,183 435 227.4 447,yes
topmostSubform[0].Page9[0].Pg9Table[0].Line4i[0].f9_21[0],/Tx,Row: 4i. Form 6765 E S B credit. Column: (c) Pass-through entity E I N.,10,233.4 435 277.8 447,yes
topmostSubform[0].Page9[0].Pg9Table[0].Line4i[0].f9_22[0],/Tx,Row: 4i. Form 6765 E S B credit. Column: Carryover. Subject to the passive activity limits. (d) Before the passive activity limitations.,10,283.8 435 357 447,yes
topmostSubform[0].Page9[0].Pg9Table[0].Line4i[0].f9_23[0],/Tx,Row: 4i. Form 6765 E S B credit. Column: Carryover. Subject to the passive activity limits. (e) After the passive activity limitations.,10,363 435 436.2 447,yes
topmostSubform[0].Page9[0].Pg9Table[0].Line4i[0].f9_24[0],/Tx,Row: 4i. Form 6765 E S B credit. Column: Carryover. (f) Not subject to passive activity limits.,10,442.2 435 515.4 447,yes
topmostSubform[0].Page9[0].Pg9Table[0].Line4i[0].f9_25[0],/Tx,Row: 4i. Form 6765 E S B credit. Column: Carryover. (g) Amount of columns (e) and (f) applied against tax in Part I I.,10,521.4 435 594.6 447,yes
topmostSubform[0].Page9[0].Pg9Table[0].Line4i[0].f9_26[0],/Tx,Row: 4i. Form 6765 E S B credit. Column: (h) Amount of columns (e) and (f) recaptured or otherwise adjusted.,10,600.6 435 673.8 447,yes
topmostSubform[0].Page9[0].Pg9Table[0].Line4i[0].f9_27[0],/Tx,Row: 4i. Form 6765 E S B credit. Column: (i) Carryforward to 2027. Subtract the sum of columns (g) and (h) from the sum of columns (e) and (f).,10,679.8 435 756 447,yes
topmostSubform[0].Page9[0].Pg9Table[0].Line4j[0].f9_28[0],/Tx,Row: 4j. Form 8994. Column: (a) No. of items.,10,161.4 417 177 429,yes
topmostSubform[0].Page9[0].Pg9Table[0].Line4j[0].f9_29[0],/Tx,Row: 4j. Form 8994. Column: (b) Originating tax year.,10,183 417 227.4 429,yes
topmostSubform[0].Page9[0].Pg9Table[0].Line4j[0].f9_30[0],/Tx,Row: 4j. Form 8994. Column: (c) Pass-through entity E I N.,10,233.4 417 277.8 429,yes
topmostSubform[0].Page9[0].Pg9Table[0].Line4j[0].f9_31[0],/Tx,Row: 4j. Form 8994. Column: Carryover. Subject to the passive activity limits. (d) Before the passive activity limitations.,10,283.8 417 357 429,yes
topmostSubform[0].Page9[0].Pg9Table[0].Line4j[0].f9_32[0],/Tx,Row: 4j. Form 8994. Column: Carryover. Subject to the passive activity limits. (e) After the passive activity limitations.,10,363 417 436.2 429,yes
topmostSubform[0].Page9[0].Pg9Table[0].Line4j[0].f9_33[0],/Tx,Row: 4j. Form 8994. Column: Carryover. (f) Not subject to passive activity limits.,10,442.2 417 515.4 429,yes
topmostSubform[0].Page9[0].Pg9Table[0].Line4j[0].f9_34[0],/Tx,Row: 4j. Form 8994. Column: Carryover. (g) Amount of columns (e) and (f) applied against tax in Part I I.,10,521.4 417 594.6 429,yes
topmostSubform[0].Page9[0].Pg9Table[0].Line4j[0].f9_35[0],/Tx,Row: 4j. Form 8994. Column: (h) Amount of columns (e) and (f) recaptured or otherwise adjusted.,10,600.6 417 673.8 429,yes
topmostSubform[0].Page9[0].Pg9Table[0].Line4j[0].f9_36[0],/Tx,Row: 4j. Form 8994. Column: (i) Carryforward to 2027. Subtract the sum of columns (g) and (h) from the sum of columns (e) and (f).,10,679.8 417 756 429,yes
topmostSubform[0].Page9[0].Pg9Table[0].Line4k[0].f9_37[0],/Tx,"Row: 4k. Form 3468, Part V I I (post-2007). Column: (a) No. of items.",10,161.4 392.999 177 405,yes
topmostSubform[0].Page9[0].Pg9Table[0].Line4k[0].f9_38[0],/Tx,"Row: 4k. Form 3468, Part V I I (post-2007). Column: (b) Originating tax year.",10,183 392.999 227.4 405,yes
topmostSubform[0].Page9[0].Pg9Table[0].Line4k[0].f9_39[0],/Tx,"Row: 4k. Form 3468, Part V I I (post-2007). Column: (c) Pass-through entity E I N.",10,233.4 392.999 277.8 405,yes
topmostSubform[0].Page9[0].Pg9Table[0].Line4k[0].f9_40[0],/Tx,"Row: 4k. Form 3468, Part V I I (post-2007). Column: Carryover. Subject to the passive activity limits. (d) Before the passive activity limitations.",10,283.8 392.999 357 405,yes
topmostSubform[0].Page9[0].Pg9Table[0].Line4k[0].f9_41[0],/Tx,"Row: 4k. Form 3468, Part V I I (post-2007). Column: Carryover. Subject to the passive activity limits. (e) After the passive activity limitations.",10,363 392.999 436.2 405,yes
topmostSubform[0].Page9[0].Pg9Table[0].Line4k[0].f9_42[0],/Tx,"Row: 4k. Form 3468, Part V I I (post-2007). Column: Carryover. (f) Not subject to passive activity limits.",10,442.2 392.999 515.4 405,yes
topmostSubform[0].Page9[0].Pg9Table[0].Line4k[0].f9_43[0],/Tx,"Row: 4k. Form 3468, Part V I I (post-2007). Column: Carryover. (g) Amount of columns (e) and (f) applied against tax in Part I I.",10,521.4 392.999 594.6 405,yes
topmostSubform[0].Page9[0].Pg9Table[0].Line4k[0].f9_44[0],/Tx,"Row: 4k. Form 3468, Part V I I (post-2007). Column: (h) Amount of columns (e) and (f) recaptured or otherwise adjusted.",10,600.6 392.999 673.8 405,yes
topmostSubform[0].Page9[0].Pg9Table[0].Line4k[0].f9_45[0],/Tx,"Row: 4k. Form 3468, Part V I I (post-2007). Column: (i) Carryforward to 2027. Subtract the sum of columns (g) and (h) from the sum of columns (e) and (f).",10,679.8 392.999 756 405,yes
topmostSubform[0].Page9[0].Pg9Table[0].Line4l[0].f9_46[0],/Tx,Row: 4l. Reserved. Column: (a) No. of items.,10,161.4 374.999 177 386.999,yes
topmostSubform[0].Page9[0].Pg9Table[0].Line4l[0].f9_47[0],/Tx,Row: 4l. Reserved. Column: (b) Originating tax year.,10,183 374.999 227.4 386.999,yes
topmostSubform[0].Page9[0].Pg9Table[0].Line4l[0].f9_48[0],/Tx,Row: 4l. Reserved. Column: (c) Pass-through entity E I N.,10,233.4 374.999 277.8 386.999,yes
topmostSubform[0].Page9[0].Pg9Table[0].Line4l[0].f9_49[0],/Tx,Row: 4l. Reserved. Column: Carryover. Subject to the passive activity limits. (d) Before the passive activity limitations.,10,283.8 374.999 357 386.999,yes
topmostSubform[0].Page9[0].Pg9Table[0].Line4l[0].f9_50[0],/Tx,Row: 4l. Reserved. Column: Carryover. Subject to the passive activity limits. (e) After the passive activity limitations.,10,363 374.999 436.2 386.999,yes
topmostSubform[0].Page9[0].Pg9Table[0].Line4l[0].f9_51[0],/Tx,Row: 4l. Reserved. Column: Carryover. (f) Not subject to passive activity limits.,10,442.2 374.999 515.4 386.999,yes
topmostSubform[0].Page9[0].Pg9Table[0].Line4l[0].f9_52[0],/Tx,Row: 4l. Reserved. Column: Carryover. (g) Amount of columns (e) and (f) applied against tax in Part I I.,10,521.4 374.999 594.6 386.999,yes
topmostSubform[0].Page9[0].Pg9Table[0].Line4l[0].f9_53[0],/Tx,Row: 4l. Reserved. Column: (h) Amount of columns (e) and (f) recaptured or otherwise adjusted.,10,600.6 374.999 673.8 386.999,yes
topmostSubform[0].Page9[0].Pg9Table[0].Line4l[0].f9_54[0],/Tx,Row: 4l. Reserved. Column: (i) Carryforward to 2027. Subtract the sum of columns (g) and (h) from the sum of columns (e) and (f).,10,679.8 374.999 756 386.999,yes
topmostSubform[0].Page9[0].Pg9Table[0].Line4m[0].f9_55[0],/Tx,Row: 4m. Reserved. Column: (a) No. of items.,10,161.4 356.999 177 368.999,yes
topmostSubform[0].Page9[0].Pg9Table[0].Line4m[0].f9_56[0],/Tx,Row: 4m. Reserved. Column: (b) Originating tax year.,10,183 356.999 227.4 368.999,yes
topmostSubform[0].Page9[0].Pg9Table[0].Line4m[0].f9_57[0],/Tx,Row: 4m. Reserved. Column: (c) Pass-through entity E I N.,10,233.4 356.999 277.8 368.999,yes
topmostSubform[0].Page9[0].Pg9Table[0].Line4m[0].f9_58[0],/Tx,Row: 4m. Reserved. Column: Carryover. Subject to the passive activity limits. (d) Before the passive activity limitations.,10,283.8 356.999 357 368.999,yes
topmostSubform[0].Page9[0].Pg9Table[0].Line4m[0].f9_59[0],/Tx,Row: 4m. Reserved. Column: Carryover. Subject to the passive activity limits. (e) After the passive activity limitations.,10,363 356.999 436.2 368.999,yes
topmostSubform[0].Page9[0].Pg9Table[0].Line4m[0].f9_60[0],/Tx,Row: 4m. Reserved. Column: Carryover. (f) Not subject to passive activity limits.,10,442.2 356.999 515.4 368.999,yes
topmostSubform[0].Page9[0].Pg9Table[0].Line4m[0].f9_61[0],/Tx,Row: 4m. Reserved. Column: Carryover. (g) Amount of columns (e) and (f) applied against tax in Part I I.,10,521.4 356.999 594.6 368.999,yes
topmostSubform[0].Page9[0].Pg9Table[0].Line4m[0].f9_62[0],/Tx,Row: 4m. Reserved. Column: (h) Amount of columns (e) and (f) recaptured or otherwise adjusted.,10,600.6 356.999 673.8 368.999,yes
topmostSubform[0].Page9[0].Pg9Table[0].Line4m[0].f9_63[0],/Tx,Row: 4m. Reserved. Column: (i) Carryforward to 2027. Subtract the sum of columns (g) and (h) from the sum of columns (e) and (f).,10,679.8 356.999 756 368.999,yes
topmostSubform[0].Page9[0].Pg9Table[0].Line4y[0].f9_64[0],/Tx,Row: 4y. E S B C (see inst.). Column: (a) No. of items.,10,161.4 338.999 177 350.999,yes
topmostSubform[0].Page9[0].Pg9Table[0].Line4y[0].f9_65[0],/Tx,Row: 4y. E S B C (see inst.). Column: (b) Originating tax year.,10,183 338.999 227.4 350.999,yes
topmostSubform[0].Page9[0].Pg9Table[0].Line4y[0].f9_66[0],/Tx,Row: 4y. E S B C (see inst.). Column: (c) Pass-through entity E I N.,10,233.4 338.999 277.8 350.999,yes
topmostSubform[0].Page9[0].Pg9Table[0].Line4y[0].f9_67[0],/Tx,Row: 4y. E S B C (see inst.). Column: Carryover. Subject to the passive activity limits. (d) Before the passive activity limitations.,10,283.8 338.999 357 350.999,yes
topmostSubform[0].Page9[0].Pg9Table[0].Line4y[0].f9_68[0],/Tx,Row: 4y. E S B C (see inst.). Column: Carryover. Subject to the passive activity limits. (e) After the passive activity limitations.,10,363 338.999 436.2 350.999,yes
topmostSubform[0].Page9[0].Pg9Table[0].Line4y[0].f9_69[0],/Tx,Row: 4y. E S B C (see inst.). Column: Carryover. (f) Not subject to passive activity limits.,10,442.2 338.999 515.4 350.999,yes
topmostSubform[0].Page9[0].Pg9Table[0].Line4y[0].f9_70[0],/Tx,Row: 4y. E S B C (see inst.). Column: Carryover. (g) Amount of columns (e) and (f) applied against tax in Part I I.,10,521.4 338.999 594.6 350.999,yes
topmostSubform[0].Page9[0].Pg9Table[0].Line4y[0].f9_71[0],/Tx,Row: 4y. E S B C (see inst.). Column: (h) Amount of columns (e) and (f) recaptured or otherwise adjusted.,10,600.6 338.999 673.8 350.999,yes
topmostSubform[0].Page9[0].Pg9Table[0].Line4y[0].f9_72[0],/Tx,Row: 4y. E S B C (see inst.). Column: (i) Carryforward to 2027. Subtract the sum of columns (g) and (h) from the sum of columns (e) and (f).,10,679.8 338.999 756 350.999,yes
topmostSubform[0].Page9[0].Pg9Table[0].Line4z[0].f9_73[0],/Tx,Row: 4z. Other specified credits. Column: (a) No. of items.,10,161.4 320.999 177 332.999,yes
topmostSubform[0].Page9[0].Pg9Table[0].Line4z[0].f9_74[0],/Tx,Row: 4z. Other specified credits. Column: (b) Originating tax year.,10,183 320.999 227.4 332.999,yes
topmostSubform[0].Page9[0].Pg9Table[0].Line4z[0].f9_75[0],/Tx,Row: 4z. Other specified credits. Column: (c) Pass-through entity E I N.,10,233.4 320.999 277.8 332.999,yes
topmostSubform[0].Page9[0].Pg9Table[0].Line4z[0].f9_76[0],/Tx,Row: 4z. Other specified credits. Column: Carryover. Subject to the passive activity limits. (d) Before the passive activity limitations.,10,283.8 320.999 357 332.999,yes
topmostSubform[0].Page9[0].Pg9Table[0].Line4z[0].f9_77[0],/Tx,Row: 4z. Other specified credits. Column: Carryover. Subject to the passive activity limits. (e) After the passive activity limitations.,10,363 320.999 436.2 332.999,yes
topmostSubform[0].Page9[0].Pg9Table[0].Line4z[0].f9_78[0],/Tx,Row: 4z. Other specified credits. Column: Carryover. (f) Not subject to passive activity limits.,10,442.2 320.999 515.4 332.999,yes
topmostSubform[0].Page9[0].Pg9Table[0].Line4z[0].f9_79[0],/Tx,Row: 4z. Other specified credits. Column: Carryover. (g) Amount of columns (e) and (f) applied against tax in Part I I.,10,521.4 320.999 594.6 332.999,yes
topmostSubform[0].Page9[0].Pg9Table[0].Line4z[0].f9_80[0],/Tx,Row: 4z. Other specified credits. Column: (h) Amount of columns (e) and (f) recaptured or otherwise adjusted.,10,600.6 320.999 673.8 332.999,yes
topmostSubform[0].Page9[0].Pg9Table[0].Line4z[0].f9_81[0],/Tx,Row: 4z. Other specified credits. Column: (i) Carryforward to 2027. Subtract the sum of columns (g) and (h) from the sum of columns (e) and (f).,10,679.8 320.999 756 332.999,yes
topmostSubform[0].Page9[0].Pg9Table[0].Line5[0].f9_82[0],/Tx,Row: 5. Add lines 4a–4z. Column: (a) No. of items.,10,161.4 302.999 177 314.999,yes
topmostSubform[0].Page9[0].Pg9Table[0].Line5[0].f9_83[0],/Tx,Row: 5. Add lines 4a–4z. Column: (b) Originating tax year.,10,183 302.999 227.4 314.999,yes
topmostSubform[0].Page9[0].Pg9Table[0].Line5[0].f9_84[0],/Tx,Row: 5. Add lines 4a–4z. Column: (c) Pass-through entity E I N.,10,233.4 302.999 277.8 314.999,yes
topmostSubform[0].Page9[0].Pg9Table[0].Line5[0].f9_85[0],/Tx,Row: 5. Add lines 4a–4z. Column: Carryover. Subject to the passive activity limits. (d) Before the passive activity limitations.,10,283.8 302.999 357 314.999,yes
topmostSubform[0].Page9[0].Pg9Table[0].Line5[0].f9_86[0],/Tx,Row: 5. Add lines 4a–4z. Column: Carryover. Subject to the passive activity limits. (e) After the passive activity limitations.,10,363 302.999 436.2 314.999,yes
topmostSubform[0].Page9[0].Pg9Table[0].Line5[0].f9_87[0],/Tx,Row: 5. Add lines 4a–4z. Column: Carryover. (f) Not subject to passive activity limits.,10,442.2 302.999 515.4 314.999,yes
topmostSubform[0].Page9[0].Pg9Table[0].Line5[0].f9_88[0],/Tx,Row: 5. Add lines 4a–4z. Column: Carryover. (g) Amount of columns (e) and (f) applied against tax in Part I I.,10,521.4 302.999 594.6 314.999,yes
topmostSubform[0].Page9[0].Pg9Table[0].Line5[0].f9_89[0],/Tx,Row: 5. Add lines 4a–4z. Column: (h) Amount of columns (e) and (f) recaptured or otherwise adjusted.,10,600.6 302.999 673.8 314.999,yes
topmostSubform[0].Page9[0].Pg9Table[0].Line5[0].f9_90[0],/Tx,Row: 5. Add lines 4a–4z. Column: (i) Carryforward to 2027. Subtract the sum of columns (g) and (h) from the sum of columns (e) and (f).,10,679.8 302.999 756 314.999,yes
topmostSubform[0].Page9[0].Pg9Table[0].Line6[0].f9_91[0],/Tx,Row: 6. Add lines 1a through 2z z. Column: (a) No. of items.,10,161.4 284.999 177 296.999,yes
topmostSubform[0].Page9[0].Pg9Table[0].Line6[0].f9_92[0],/Tx,Row: 6. Add lines 1a through 2z z. Column: (b) Originating tax year.,10,183 284.999 227.4 296.999,yes
topmostSubform[0].Page9[0].Pg9Table[0].Line6[0].f9_93[0],/Tx,Row: 6. Add lines 1a through 2z z. Column: (c) Pass-through entity E I N.,10,233.4 284.999 277.8 296.999,yes
topmostSubform[0].Page9[0].Pg9Table[0].Line6[0].f9_94[0],/Tx,Row: 6. Add lines 1a through 2z z. Column: Carryover. Subject to the passive activity limits. (d) Before the passive activity limitations.,10,283.8 284.999 357 296.999,yes
topmostSubform[0].Page9[0].Pg9Table[0].Line6[0].f9_95[0],/Tx,Row: 6. Add lines 1a through 2z z. Column: Carryover. Subject to the passive activity limits. (e) After the passive activity limitations.,10,363 284.999 436.2 296.999,yes
topmostSubform[0].Page9[0].Pg9Table[0].Line6[0].f9_96[0],/Tx,Row: 6. Add lines 1a through 2z z. Column: Carryover. (f) Not subject to passive activity limits.,10,442.2 284.999 515.4 296.999,yes
topmostSubform[0].Page9[0].Pg9Table[0].Line6[0].f9_97[0],/Tx,Row: 6. Add lines 1a through 2z z. Column: Carryover. (g) Amount of columns (e) and (f) applied against tax in Part I I.,10,521.4 284.999 594.6 296.999,yes
topmostSubform[0].Page9[0].Pg9Table[0].Line6[0].f9_98[0],/Tx,Row: 6. Add lines 1a through 2z z. Column: (h) Amount of columns (e) and (f) recaptured or otherwise adjusted.,10,600.6 284.999 673.8 296.999,yes
topmostSubform[0].Page9[0].Pg9Table[0].Line6[0].f9_99[0],/Tx,Row: 6. Add lines 1a through 2z z. Column: (i) Carryforward to 2027. Subtract the sum of columns (g) and (h) from the sum of columns (e) and (f).,10,679.8 284.999 756 296.999,yes
topmostSubform[0].Page9[0].Pg9Table[0].Line7[0].f9_100[0],/Tx,"Row: 7. Add lines 3, 5, and 6. Column: (a) No. of items.",10,161.4 266.999 177 278.999,yes
topmostSubform[0].Page9[0].Pg9Table[0].Line7[0].f9_101[0],/Tx,"Row: 7. Add lines 3, 5, and 6. Column: (b) Originating tax year.",10,183 266.999 227.4 278.999,yes
topmostSubform[0].Page9[0].Pg9Table[0].Line7[0].f9_102[0],/Tx,"Row: 7. Add lines 3, 5, and 6. Column: (c) Pass-through entity E I N.",10,233.4 266.999 277.8 278.999,yes
topmostSubform[0].Page9[0].Pg9Table[0].Line7[0].f9_103[0],/Tx,"Row: 7. Add lines 3, 5, and 6. Column: Carryover. Subject to the passive activity limits. (d) Before the passive activity limitations.",10,283.8 266.999 357 278.999,yes
topmostSubform[0].Page9[0].Pg9Table[0].Line7[0].f9_104[0],/Tx,"Row: 7. Add lines 3, 5, and 6. Column: Carryover. Subject to the passive activity limits. (e) After the passive activity limitations.",10,363 266.999 436.2 278.999,yes
topmostSubform[0].Page9[0].Pg9Table[0].Line7[0].f9_105[0],/Tx,"Row: 7. Add lines 3, 5, and 6. Column: Carryover. (f) Not subject to passive activity limits.",10,442.2 266.999 515.4 278.999,yes
topmostSubform[0].Page9[0].Pg9Table[0].Line7[0].f9_106[0],/Tx,"Row: 7. Add lines 3, 5, and 6. Column: Carryover. (g) Amount of columns (e) and (f) applied against tax in Part I I.",10,521.4 266.999 594.6 278.999,yes
topmostSubform[0].Page9[0].Pg9Table[0].Line7[0].f9_107[0],/Tx,"Row: 7. Add lines 3, 5, and 6. Column: (h) Amount of columns (e) and (f) recaptured or otherwise adjusted.",10,600.6 266.999 673.8 278.999,yes
topmostSubform[0].Page9[0].Pg9Table[0].Line7[0].f9_108[0],/Tx,"Row: 7. Add lines 3, 5, and 6. Column: (i) Carryforward to 2027. Subtract the sum of columns (g) and (h) from the sum of columns (e) and (f).",10,679.8 266.999 756 278.999,yes
topmostSubform[0].Page10[0].Pg10Table_1[0].Line1[0].f10_1[0],/Tx,"Page 10. Part V. Breakdown of Aggregate Amounts on Part I I I for Facility-by-Facility, Multiple Pass-Through Entities, etc. Row: 1. Column: (a) Part I I I line number.",11,60.6 465.002 112.2 477.002,yes
topmostSubform[0].Page10[0].Pg10Table_1[0].Line1[0].f10_2[0],/Tx,Row: 1. Column: (b) Elective payment or transfer registration number.,11,118.2 465.002 177 477.002,yes
topmostSubform[0].Page10[0].Pg10Table_1[0].Line1[0].f10_3[0],/Tx,Row: 1. Column: E I N. (c)(1) Pass-through entity E I N.,11,183 465.002 227.4 477.002,yes
topmostSubform[0].Page10[0].Pg10Table_1[0].Line1[0].f10_4[0],/Tx,Row: 1. Column: E I N. (c)(2) Transferor entity E I N.,11,233.4 465.002 277.8 477.002,yes
topmostSubform[0].Page10[0].Pg10Table_1[0].Line1[0].f10_5[0],/Tx,Row: 1. Column: Credits subject to the passive activity limit. Before applying the limit. (d)(1) Credits other than credit transfer election credits.,11,283.8 465.002 357 477.002,yes
topmostSubform[0].Page10[0].Pg10Table_1[0].Line1[0].f10_6[0],/Tx,Row: 1. Column: Open parenthesis. Credits subject to the passive activity limit. Before applying the limit. (d)(2) Credit transfer election credits sold. Close parenthesis.,11,363 465.002 436.2 477.002,yes
topmostSubform[0].Page10[0].Pg10Table_1[0].Line1[0].f10_7[0],/Tx,Row: 1. Column: Credits subject to the passive activity limit. Before applying the limit. (d)(3) Credit transfer election credits purchased.,11,442.2 465.002 515.4 477.002,yes
topmostSubform[0].Page10[0].Pg10Table_1[0].Line1[0].f10_8[0],/Tx,Row: 1. Column: Credits subject to the passive activity limit. (d)(4) Credits from columns (d)(1) (less column (d)(2)) and (d)(3) allowed after limit.,11,521.4 465.002 594.6 477.002,yes
topmostSubform[0].Page10[0].Pg10Table_1[0].Line1[0].f10_9[0],/Tx,Row: 1. Column: Not subject to the limit. (e) Credits other than transfer election credits.,11,600.6 465.002 673.8 477.002,yes
topmostSubform[0].Page10[0].Pg10Table_1[0].Line1[0].f10_10[0],/Tx,Row: 1. Column: Open parenthesis. Not subject to the limit. (f)(1) Transfer election credits sold. Close parenthesis.,11,679.8 465.002 753 477.002,yes
topmostSubform[0].Page10[0].Pg10Table_1[0].Line2[0].f10_11[0],/Tx,Row: 2. Column: (a) Part I I I line number.,11,60.6 447.002 112.2 459.002,yes
topmostSubform[0].Page10[0].Pg10Table_1[0].Line2[0].f10_12[0],/Tx,Row: 2. Column: (b) Elective payment or transfer registration number.,11,118.2 447.002 177 459.002,yes
topmostSubform[0].Page10[0].Pg10Table_1[0].Line2[0].f10_13[0],/Tx,Row: 2. Column: E I N. (c)(1) Pass-through entity E I N.,11,183 447.002 227.4 459.002,yes
topmostSubform[0].Page10[0].Pg10Table_1[0].Line2[0].f10_14[0],/Tx,Row: 2. Column: E I N. (c)(2) Transferor entity E I N.,11,233.4 447.002 277.8 459.002,yes
topmostSubform[0].Page10[0].Pg10Table_1[0].Line2[0].f10_15[0],/Tx,Row: 2. Column: Credits subject to the passive activity limit. Before applying the limit. (d)(1) Credits other than credit transfer election credits.,11,283.8 447.002 357 459.002,yes
topmostSubform[0].Page10[0].Pg10Table_1[0].Line2[0].f10_16[0],/Tx,Row: 2. Column: Open parenthesis. Credits subject to the passive activity limit. Before applying the limit. (d)(2) Credit transfer election credits sold. Close parenthesis.,11,363 447.002 436.2 459.002,yes
topmostSubform[0].Page10[0].Pg10Table_1[0].Line2[0].f10_17[0],/Tx,Row: 2. Column: Credits subject to the passive activity limit. Before applying the limit. (d)(3) Credit transfer election credits purchased.,11,442.2 447.002 515.4 459.002,yes
topmostSubform[0].Page10[0].Pg10Table_1[0].Line2[0].f10_18[0],/Tx,Row: 2. Column: Credits subject to the passive activity limit. (d)(4) Credits from columns (d)(1) (less column (d)(2)) and (d)(3) allowed after limit.,11,521.4 447.002 594.6 459.002,yes
topmostSubform[0].Page10[0].Pg10Table_1[0].Line2[0].f10_19[0],/Tx,Row: 2. Column: Not subject to the limit. (e) Credits other than transfer election credits.,11,600.6 447.002 673.8 459.002,yes
topmostSubform[0].Page10[0].Pg10Table_1[0].Line2[0].f10_20[0],/Tx,Row: 2. Column: Open parenthesis. Not subject to the limit. (f)(1) Transfer election credits sold. Close parenthesis.,11,679.8 447.002 753 459.002,yes
topmostSubform[0].Page10[0].Pg10Table_1[0].Line3[0].f10_21[0],/Tx,Row: 3. Column: (a) Part I I I line number.,11,60.6 429.002 112.2 441.002,yes
topmostSubform[0].Page10[0].Pg10Table_1[0].Line3[0].f10_22[0],/Tx,Row: 3. Column: (b) Elective payment or transfer registration number.,11,118.2 429.002 177 441.002,yes
topmostSubform[0].Page10[0].Pg10Table_1[0].Line3[0].f10_23[0],/Tx,Row: 3. Column: E I N. (c)(1) Pass-through entity E I N.,11,183 429.002 227.4 441.002,yes
topmostSubform[0].Page10[0].Pg10Table_1[0].Line3[0].f10_24[0],/Tx,Row: 3. Column: E I N. (c)(2) Transferor entity E I N.,11,233.4 429.002 277.8 441.002,yes
topmostSubform[0].Page10[0].Pg10Table_1[0].Line3[0].f10_25[0],/Tx,Row: 3. Column: Credits subject to the passive activity limit. Before applying the limit. (d)(1) Credits other than credit transfer election credits.,11,283.8 429.002 357 441.002,yes
topmostSubform[0].Page10[0].Pg10Table_1[0].Line3[0].f10_26[0],/Tx,Row: 3. Column: Open parenthesis. Credits subject to the passive activity limit. Before applying the limit. (d)(2) Credit transfer election credits sold. Close parenthesis.,11,363 429.002 436.2 441.002,yes
topmostSubform[0].Page10[0].Pg10Table_1[0].Line3[0].f10_27[0],/Tx,Row: 3. Column: Credits subject to the passive activity limit. Before applying the limit. (d)(3) Credit transfer election credits purchased.,11,442.2 429.002 515.4 441.002,yes
topmostSubform[0].Page10[0].Pg10Table_1[0].Line3[0].f10_28[0],/Tx,Row: 3. Column: Credits subject to the passive activity limit. (d)(4) Credits from columns (d)(1) (less column (d)(2)) and (d)(3) allowed after limit.,11,521.4 429.002 594.6 441.002,yes
topmostSubform[0].Page10[0].Pg10Table_1[0].Line3[0].f10_29[0],/Tx,Row: 3. Column: Not subject to the limit. (e) Credits other than transfer election credits.,11,600.6 429.002 673.8 441.002,yes
topmostSubform[0].Page10[0].Pg10Table_1[0].Line3[0].f10_30[0],/Tx,Row: 3. Column: Open parenthesis. Not subject to the limit. (f)(1) Transfer election credits sold. Close parenthesis.,11,679.8 429.002 753 441.002,yes
topmostSubform[0].Page10[0].Pg10Table_1[0].Line4[0].f10_31[0],/Tx,Row: 4. Column: (a) Part I I I line number.,11,60.6 411.002 112.2 423.002,yes
topmostSubform[0].Page10[0].Pg10Table_1[0].Line4[0].f10_32[0],/Tx,Row: 4. Column: (b) Elective payment or transfer registration number.,11,118.2 411.002 177 423.002,yes
topmostSubform[0].Page10[0].Pg10Table_1[0].Line4[0].f10_33[0],/Tx,Row: 4. Column: E I N. (c)(1) Pass-through entity E I N.,11,183 411.002 227.4 423.002,yes
topmostSubform[0].Page10[0].Pg10Table_1[0].Line4[0].f10_34[0],/Tx,Row: 4. Column: E I N. (c)(2) Transferor entity E I N.,11,233.4 411.002 277.8 423.002,yes
topmostSubform[0].Page10[0].Pg10Table_1[0].Line4[0].f10_35[0],/Tx,Row: 4. Column: Credits subject to the passive activity limit. Before applying the limit. (d)(1) Credits other than credit transfer election credits.,11,283.8 411.002 357 423.002,yes
topmostSubform[0].Page10[0].Pg10Table_1[0].Line4[0].f10_36[0],/Tx,Row: 4. Column: Open parenthesis. Credits subject to the passive activity limit. Before applying the limit. (d)(2) Credit transfer election credits sold. Close parenthesis.,11,363 411.002 436.2 423.002,yes
topmostSubform[0].Page10[0].Pg10Table_1[0].Line4[0].f10_37[0],/Tx,Row: 4. Column: Credits subject to the passive activity limit. Before applying the limit. (d)(3) Credit transfer election credits purchased.,11,442.2 411.002 515.4 423.002,yes
topmostSubform[0].Page10[0].Pg10Table_1[0].Line4[0].f10_38[0],/Tx,Row: 4. Column: Credits subject to the passive activity limit. (d)(4) Credits from columns (d)(1) (less column (d)(2)) and (d)(3) allowed after limit.,11,521.4 411.002 594.6 423.002,yes
topmostSubform[0].Page10[0].Pg10Table_1[0].Line4[0].f10_39[0],/Tx,Row: 4. Column: Not subject to the limit. (e) Credits other than transfer election credits.,11,600.6 411.002 673.8 423.002,yes
topmostSubform[0].Page10[0].Pg10Table_1[0].Line4[0].f10_40[0],/Tx,Row: 4. Column: Open parenthesis. Not subject to the limit. (f)(1) Transfer election credits sold. Close parenthesis.,11,679.8 411.002 753 423.002,yes
topmostSubform[0].Page10[0].Pg10Table_1[0].Line5[0].f10_41[0],/Tx,Row: 5. Column: (a) Part I I I line number.,11,60.6 393.002 112.2 405.002,yes
topmostSubform[0].Page10[0].Pg10Table_1[0].Line5[0].f10_42[0],/Tx,Row: 5. Column: (b) Elective payment or transfer registration number.,11,118.2 393.002 177 405.002,yes
topmostSubform[0].Page10[0].Pg10Table_1[0].Line5[0].f10_43[0],/Tx,Row: 5. Column: E I N. (c)(1) Pass-through entity E I N.,11,183 393.002 227.4 405.002,yes
topmostSubform[0].Page10[0].Pg10Table_1[0].Line5[0].f10_44[0],/Tx,Row: 5. Column: E I N. (c)(2) Transferor entity E I N.,11,233.4 393.002 277.8 405.002,yes
topmostSubform[0].Page10[0].Pg10Table_1[0].Line5[0].f10_45[0],/Tx,Row: 5. Column: Credits subject to the passive activity limit. Before applying the limit. (d)(1) Credits other than credit transfer election credits.,11,283.8 393.002 357 405.002,yes
topmostSubform[0].Page10[0].Pg10Table_1[0].Line5[0].f10_46[0],/Tx,Row: 5. Column: Open parenthesis. Credits subject to the passive activity limit. Before applying the limit. (d)(2) Credit transfer election credits sold. Close parenthesis.,11,363 393.002 436.2 405.002,yes
topmostSubform[0].Page10[0].Pg10Table_1[0].Line5[0].f10_47[0],/Tx,Row: 5. Column: Credits subject to the passive activity limit. Before applying the limit. (d)(3) Credit transfer election credits purchased.,11,442.2 393.002 515.4 405.002,yes
topmostSubform[0].Page10[0].Pg10Table_1[0].Line5[0].f10_48[0],/Tx,Row: 5. Column: Credits subject to the passive activity limit. (d)(4) Credits from columns (d)(1) (less column (d)(2)) and (d)(3) allowed after limit.,11,521.4 393.002 594.6 405.002,yes
topmostSubform[0].Page10[0].Pg10Table_1[0].Line5[0].f10_49[0],/Tx,Row: 5. Column: Not subject to the limit. (e) Credits other than transfer election credits.,11,600.6 393.002 673.8 405.002,yes
topmostSubform[0].Page10[0].Pg10Table_1[0].Line5[0].f10_50[0],/Tx,Row: 5. Column: Open parenthesis. Not subject to the limit. (f)(1) Transfer election credits sold. Close parenthesis.,11,679.8 393.002 753 405.002,yes
topmostSubform[0].Page10[0].Pg10Table_1[0].Line6[0].f10_51[0],/Tx,Row: 6. Column: (a) Part I I I line number.,11,60.6 375.002 112.2 387.002,yes
topmostSubform[0].Page10[0].Pg10Table_1[0].Line6[0].f10_52[0],/Tx,Row: 6. Column: (b) Elective payment or transfer registration number.,11,118.2 375.002 177 387.002,yes
topmostSubform[0].Page10[0].Pg10Table_1[0].Line6[0].f10_53[0],/Tx,Row: 6. Column: E I N. (c)(1) Pass-through entity E I N.,11,183 375.002 227.4 387.002,yes
topmostSubform[0].Page10[0].Pg10Table_1[0].Line6[0].f10_54[0],/Tx,Row: 6. Column: E I N. (c)(2) Transferor entity E I N.,11,233.4 375.002 277.8 387.002,yes
topmostSubform[0].Page10[0].Pg10Table_1[0].Line6[0].f10_55[0],/Tx,Row: 6. Column: Credits subject to the passive activity limit. Before applying the limit. (d)(1) Credits other than credit transfer election credits.,11,283.8 375.002 357 387.002,yes
topmostSubform[0].Page10[0].Pg10Table_1[0].Line6[0].f10_56[0],/Tx,Row: 6. Column: Open parenthesis. Credits subject to the passive activity limit. Before applying the limit. (d)(2) Credit transfer election credits sold. Close parenthesis.,11,363 375.002 436.2 387.002,yes
topmostSubform[0].Page10[0].Pg10Table_1[0].Line6[0].f10_57[0],/Tx,Row: 6. Column: Credits subject to the passive activity limit. Before applying the limit. (d)(3) Credit transfer election credits purchased.,11,442.2 375.002 515.4 387.002,yes
topmostSubform[0].Page10[0].Pg10Table_1[0].Line6[0].f10_58[0],/Tx,Row: 6. Column: Credits subject to the passive activity limit. (d)(4) Credits from columns (d)(1) (less column (d)(2)) and (d)(3) allowed after limit.,11,521.4 375.002 594.6 387.002,yes
topmostSubform[0].Page10[0].Pg10Table_1[0].Line6[0].f10_59[0],/Tx,Row: 6. Column: Not subject to the limit. (e) Credits other than transfer election credits.,11,600.6 375.002 673.8 387.002,yes
topmostSubform[0].Page10[0].Pg10Table_1[0].Line6[0].f10_60[0],/Tx,Row: 6. Column: Open parenthesis. Not subject to the limit. (f)(1) Transfer election credits sold. Close parenthesis.,11,679.8 375.002 753 387.002,yes
topmostSubform[0].Page10[0].Pg10Table_1[0].Line7[0].f10_61[0],/Tx,Row: 7. Column: (a) Part I I I line number.,11,60.6 357.002 112.2 369.002,yes
topmostSubform[0].Page10[0].Pg10Table_1[0].Line7[0].f10_62[0],/Tx,Row: 7. Column: (b) Elective payment or transfer registration number.,11,118.2 357.002 177 369.002,yes
topmostSubform[0].Page10[0].Pg10Table_1[0].Line7[0].f10_63[0],/Tx,Row: 7. Column: E I N. (c)(1) Pass-through entity E I N.,11,183 357.002 227.4 369.002,yes
topmostSubform[0].Page10[0].Pg10Table_1[0].Line7[0].f10_64[0],/Tx,Row: 7. Column: E I N. (c)(2) Transferor entity E I N.,11,233.4 357.002 277.8 369.002,yes
topmostSubform[0].Page10[0].Pg10Table_1[0].Line7[0].f10_65[0],/Tx,Row: 7. Column: Credits subject to the passive activity limit. Before applying the limit. (d)(1) Credits other than credit transfer election credits.,11,283.8 357.002 357 369.002,yes
topmostSubform[0].Page10[0].Pg10Table_1[0].Line7[0].f10_66[0],/Tx,Row: 7. Column: Open parenthesis. Credits subject to the passive activity limit. Before applying the limit. (d)(2) Credit transfer election credits sold. Close parenthesis.,11,363 357.002 436.2 369.002,yes
topmostSubform[0].Page10[0].Pg10Table_1[0].Line7[0].f10_67[0],/Tx,Row: 7. Column: Credits subject to the passive activity limit. Before applying the limit. (d)(3) Credit transfer election credits purchased.,11,442.2 357.002 515.4 369.002,yes
topmostSubform[0].Page10[0].Pg10Table_1[0].Line7[0].f10_68[0],/Tx,Row: 7. Column: Credits subject to the passive activity limit. (d)(4) Credits from columns (d)(1) (less column (d)(2)) and (d)(3) allowed after limit.,11,521.4 357.002 594.6 369.002,yes
topmostSubform[0].Page10[0].Pg10Table_1[0].Line7[0].f10_69[0],/Tx,Row: 7. Column: Not subject to the limit. (e) Credits other than transfer election credits.,11,600.6 357.002 673.8 369.002,yes
topmostSubform[0].Page10[0].Pg10Table_1[0].Line7[0].f10_70[0],/Tx,Row: 7. Column: Open parenthesis. Not subject to the limit. (f)(1) Transfer election credits sold. Close parenthesis.,11,679.8 357.002 753 369.002,yes
topmostSubform[0].Page10[0].Pg10Table_1[0].Line8[0].f10_71[0],/Tx,Row: 8. Column: (a) Part I I I line number.,11,60.6 339.002 112.2 351.002,yes
topmostSubform[0].Page10[0].Pg10Table_1[0].Line8[0].f10_72[0],/Tx,Row: 8. Column: (b) Elective payment or transfer registration number.,11,118.2 339.002 177 351.002,yes
topmostSubform[0].Page10[0].Pg10Table_1[0].Line8[0].f10_73[0],/Tx,Row: 8. Column: E I N. (c)(1) Pass-through entity E I N.,11,183 339.002 227.4 351.002,yes
topmostSubform[0].Page10[0].Pg10Table_1[0].Line8[0].f10_74[0],/Tx,Row: 8. Column: E I N. (c)(2) Transferor entity E I N.,11,233.4 339.002 277.8 351.002,yes
topmostSubform[0].Page10[0].Pg10Table_1[0].Line8[0].f10_75[0],/Tx,Row: 8. Column: Credits subject to the passive activity limit. Before applying the limit. (d)(1) Credits other than credit transfer election credits.,11,283.8 339.002 357 351.002,yes
topmostSubform[0].Page10[0].Pg10Table_1[0].Line8[0].f10_76[0],/Tx,Row: 8. Column: Open parenthesis. Credits subject to the passive activity limit. Before applying the limit. (d)(2) Credit transfer election credits sold. Close parenthesis.,11,363 339.002 436.2 351.002,yes
topmostSubform[0].Page10[0].Pg10Table_1[0].Line8[0].f10_77[0],/Tx,Row: 8. Column: Credits subject to the passive activity limit. Before applying the limit. (d)(3) Credit transfer election credits purchased.,11,442.2 339.002 515.4 351.002,yes
topmostSubform[0].Page10[0].Pg10Table_1[0].Line8[0].f10_78[0],/Tx,Row: 8. Column: Credits subject to the passive activity limit. (d)(4) Credits from columns (d)(1) (less column (d)(2)) and (d)(3) allowed after limit.,11,521.4 339.002 594.6 351.002,yes
topmostSubform[0].Page10[0].Pg10Table_1[0].Line8[0].f10_79[0],/Tx,Row: 8. Column: Not subject to the limit. (e) Credits other than transfer election credits.,11,600.6 339.002 673.8 351.002,yes
topmostSubform[0].Page10[0].Pg10Table_1[0].Line8[0].f10_80[0],/Tx,Row: 8. Column: Open parenthesis. Not subject to the limit. (f)(1) Transfer election credits sold. Close parenthesis.,11,679.8 339.002 753 351.002,yes
topmostSubform[0].Page10[0].Pg10Table_1[0].Line9[0].f10_81[0],/Tx,Row: 9. Column: (a) Part I I I line number.,11,60.6 321.002 112.2 333.002,yes
topmostSubform[0].Page10[0].Pg10Table_1[0].Line9[0].f10_82[0],/Tx,Row: 9. Column: (b) Elective payment or transfer registration number.,11,118.2 321.002 177 333.002,yes
topmostSubform[0].Page10[0].Pg10Table_1[0].Line9[0].f10_83[0],/Tx,Row: 9. Column: E I N. (c)(1) Pass-through entity E I N.,11,183 321.002 227.4 333.002,yes
topmostSubform[0].Page10[0].Pg10Table_1[0].Line9[0].f10_84[0],/Tx,Row: 9. Column: E I N. (c)(2) Transferor entity E I N.,11,233.4 321.002 277.8 333.002,yes
topmostSubform[0].Page10[0].Pg10Table_1[0].Line9[0].f10_85[0],/Tx,Row: 9. Column: Credits subject to the passive activity limit. Before applying the limit. (d)(1) Credits other than credit transfer election credits.,11,283.8 321.002 357 333.002,yes
topmostSubform[0].Page10[0].Pg10Table_1[0].Line9[0].f10_86[0],/Tx,Row: 9. Column: Open parenthesis. Credits subject to the passive activity limit. Before applying the limit. (d)(2) Credit transfer election credits sold. Close parenthesis.,11,363 321.002 436.2 333.002,yes
topmostSubform[0].Page10[0].Pg10Table_1[0].Line9[0].f10_87[0],/Tx,Row: 9. Column: Credits subject to the passive activity limit. Before applying the limit. (d)(3) Credit transfer election credits purchased.,11,442.2 321.002 515.4 333.002,yes
topmostSubform[0].Page10[0].Pg10Table_1[0].Line9[0].f10_88[0],/Tx,Row: 9. Column: Credits subject to the passive activity limit. (d)(4) Credits from columns (d)(1) (less column (d)(2)) and (d)(3) allowed after limit.,11,521.4 321.002 594.6 333.002,yes
topmostSubform[0].Page10[0].Pg10Table_1[0].Line9[0].f10_89[0],/Tx,Row: 9. Column: Not subject to the limit. (e) Credits other than transfer election credits.,11,600.6 321.002 673.8 333.002,yes
topmostSubform[0].Page10[0].Pg10Table_1[0].Line9[0].f10_90[0],/Tx,Row: 9. Column: Open parenthesis. Not subject to the limit. (f)(1) Transfer election credits sold. Close parenthesis.,11,679.8 321.002 753 333.002,yes
topmostSubform[0].Page10[0].Pg10Table_1[0].Line10[0].f10_91[0],/Tx,Row: 10. Column: (a) Part I I I line number.,11,60.6 303.002 112.2 315.002,yes
topmostSubform[0].Page10[0].Pg10Table_1[0].Line10[0].f10_92[0],/Tx,Row: 10. Column: (b) Elective payment or transfer registration number.,11,118.2 303.002 177 315.002,yes
topmostSubform[0].Page10[0].Pg10Table_1[0].Line10[0].f10_93[0],/Tx,Row: 10. Column: E I N. (c)(1) Pass-through entity E I N.,11,183 303.002 227.4 315.002,yes
topmostSubform[0].Page10[0].Pg10Table_1[0].Line10[0].f10_94[0],/Tx,Row: 10. Column: E I N. (c)(2) Transferor entity E I N.,11,233.4 303.002 277.8 315.002,yes
topmostSubform[0].Page10[0].Pg10Table_1[0].Line10[0].f10_95[0],/Tx,Row: 10. Column: Credits subject to the passive activity limit. Before applying the limit. (d)(1) Credits other than credit transfer election credits.,11,283.8 303.002 357 315.002,yes
topmostSubform[0].Page10[0].Pg10Table_1[0].Line10[0].f10_96[0],/Tx,Row: 10. Column: Open parenthesis. Credits subject to the passive activity limit. Before applying the limit. (d)(2) Credit transfer election credits sold. Close parenthesis.,11,363 303.002 436.2 315.002,yes
topmostSubform[0].Page10[0].Pg10Table_1[0].Line10[0].f10_97[0],/Tx,Row: 10. Column: Credits subject to the passive activity limit. Before applying the limit. (d)(3) Credit transfer election credits purchased.,11,442.2 303.002 515.4 315.002,yes
topmostSubform[0].Page10[0].Pg10Table_1[0].Line10[0].f10_98[0],/Tx,Row: 10. Column: Credits subject to the passive activity limit. (d)(4) Credits from columns (d)(1) (less column (d)(2)) and (d)(3) allowed after limit.,11,521.4 303.002 594.6 315.002,yes
topmostSubform[0].Page10[0].Pg10Table_1[0].Line10[0].f10_99[0],/Tx,Row: 10. Column: Not subject to the limit. (e) Credits other than transfer election credits.,11,600.6 303.002 673.8 315.002,yes
topmostSubform[0].Page10[0].Pg10Table_1[0].Line10[0].f10_100[0],/Tx,Row: 10. Column: Open parenthesis. Not subject to the limit. (f)(1) Transfer election credits sold. Close parenthesis.,11,679.8 303.002 753 315.002,yes
topmostSubform[0].Page10[0].Pg10Table_2[0].Line1[0].f10_101[0],/Tx,Row: 1. Column: (f)(2) Purchased transfer election credits not subject to passive activity limit.,11,60.005 224.998 147.605 236.998,yes
topmostSubform[0].Page10[0].Pg10Table_2[0].Line1[0].f10_102[0],/Tx,"Row: 1. Column: (g) Combine columns (d)(4), (e), (f)(1), and (f)(2).",11,153.605 224.998 234.005 236.998,yes
topmostSubform[0].Page10[0].Pg10Table_2[0].Line1[0].f10_103[0],/Tx,Row: 1. Column: (h)(1) Gross E P E amount. Portion of column (g) eligible for an E P E election.,11,240.005 224.998 320.405 236.998,yes
topmostSubform[0].Page10[0].Pg10Table_2[0].Line1[0].f10_104[0],/Tx,Row: 1. Column: (h)(2) Subtract column (h)(1) from column (g) (credit excluding E P E).,11,326.405 224.998 406.805 236.998,yes
topmostSubform[0].Page10[0].Pg10Table_2[0].Line1[0].f10_105[0],/Tx,Row: 1. Column: (i)(1) Amount of column (h)(2) applied against tax in Part I I.,11,412.805 224.998 493.205 236.998,yes
topmostSubform[0].Page10[0].Pg10Table_2[0].Line1[0].f10_106[0],/Tx,Row: 1. Column: (i)(2)Amount of E P E eligible credit in column (h)(1) applied against tax in Part I I.,11,499.205 224.998 579.605 236.998,yes
topmostSubform[0].Page10[0].Pg10Table_2[0].Line1[0].f10_107[0],/Tx,Row: 1. Column: (j) Net E P E amount. Subtract column (i)(2) from column (h)(1).,11,585.605 224.998 666.005 236.998,yes
topmostSubform[0].Page10[0].Pg10Table_2[0].Line1[0].f10_108[0],/Tx,Row: 1. Column: (k) Carryforward to 2027. Subtract column (i)(1) from column (h)(2).,11,672.005 224.998 755.405 236.998,yes
topmostSubform[0].Page10[0].Pg10Table_2[0].Line2[0].f10_109[0],/Tx,Row: 2. Column: (f)(2) Purchased transfer election credits not subject to passive activity limit.,11,60.005 206.998 147.605 218.998,yes
topmostSubform[0].Page10[0].Pg10Table_2[0].Line2[0].f10_110[0],/Tx,"Row: 2. Column: (g) Combine columns (d)(4), (e), (f)(1), and (f)(2).",11,153.605 206.998 234.005 218.998,yes
topmostSubform[0].Page10[0].Pg10Table_2[0].Line2[0].f10_111[0],/Tx,Row: 2. Column: (h)(1) Gross E P E amount. Portion of column (g) eligible for an E P E election.,11,240.005 206.998 320.405 218.998,yes
topmostSubform[0].Page10[0].Pg10Table_2[0].Line2[0].f10_112[0],/Tx,Row: 2. Column: (h)(2) Subtract column (h)(1) from column (g) (credit excluding E P E).,11,326.405 206.998 406.805 218.998,yes
topmostSubform[0].Page10[0].Pg10Table_2[0].Line2[0].f10_113[0],/Tx,Row: 2. Column: (i)(1) Amount of column (h)(2) applied against tax in Part I I.,11,412.805 206.998 493.205 218.998,yes
topmostSubform[0].Page10[0].Pg10Table_2[0].Line2[0].f10_114[0],/Tx,Row: 2. Column: (i)(2) Amount of E P E eligible credit in column (h)(1) applied against tax in Part I I.,11,499.205 206.998 579.605 218.998,yes
topmostSubform[0].Page10[0].Pg10Table_2[0].Line2[0].f10_115[0],/Tx,Row: 2. Column: (j) Net E P E amount. Subtract column (i)(2) from column (h)(1).,11,585.605 206.998 666.005 218.998,yes
topmostSubform[0].Page10[0].Pg10Table_2[0].Line2[0].f10_116[0],/Tx,Row: 2. Column: (k) Carryforward to 2027. Subtract column (i)(1) from column (h)(2).,11,672.005 206.998 755.405 218.998,yes
topmostSubform[0].Page10[0].Pg10Table_2[0].Line3[0].f10_117[0],/Tx,Row: 3. Column: (f)(2) Purchased transfer election credits not subject to passive activity limit.,11,60.005 188.998 147.605 200.998,yes
topmostSubform[0].Page10[0].Pg10Table_2[0].Line3[0].f10_118[0],/Tx,"Row: 3. Column: (g) Combine columns (d)(4), (e), (f)(1), and (f)(2).",11,153.605 188.998 234.005 200.998,yes
topmostSubform[0].Page10[0].Pg10Table_2[0].Line3[0].f10_119[0],/Tx,Row: 3. Column: (h)(1) Gross E P E amount. Portion of column (g) eligible for an E P E election.,11,240.005 188.998 320.405 200.998,yes
topmostSubform[0].Page10[0].Pg10Table_2[0].Line3[0].f10_120[0],/Tx,Row: 3. Column: (h)(2) Subtract column (h)(1) from column (g) (credit excluding E P E).,11,326.405 188.998 406.805 200.998,yes
topmostSubform[0].Page10[0].Pg10Table_2[0].Line3[0].f10_121[0],/Tx,Row: 3. Column: (i)(1) Amount of column (h)(2) applied against tax in Part I I.,11,412.805 188.998 493.205 200.998,yes
topmostSubform[0].Page10[0].Pg10Table_2[0].Line3[0].f10_122[0],/Tx,Row: 3. Column: (i)(2) Amount of E P E eligible credit in column (h)(1) applied against tax in Part I I.,11,499.205 188.998 579.605 200.998,yes
topmostSubform[0].Page10[0].Pg10Table_2[0].Line3[0].f10_123[0],/Tx,Row: 3. Column: (j) Net E P E amount. Subtract column (i)(2) from column (h)(1).,11,585.605 188.998 666.005 200.998,yes
topmostSubform[0].Page10[0].Pg10Table_2[0].Line3[0].f10_124[0],/Tx,Row: 3. Column: (k) Carryforward to 2027. Subtract column (i)(1) from column (h)(2).,11,672.005 188.998 755.405 200.998,yes
topmostSubform[0].Page10[0].Pg10Table_2[0].Line4[0].f10_125[0],/Tx,Row: 4. Column: (f)(2) Purchased transfer election credits not subject to passive activity limit.,11,60.005 170.998 147.605 182.998,yes
topmostSubform[0].Page10[0].Pg10Table_2[0].Line4[0].f10_126[0],/Tx,"Row: 4. Column: (g) Combine columns (d)(4), (e), (f)(1), and (f)(2).",11,153.605 170.998 234.005 182.998,yes
topmostSubform[0].Page10[0].Pg10Table_2[0].Line4[0].f10_127[0],/Tx,Row: 4. Column: (h)(1) Gross E P E amount. Portion of column (g) eligible for an E P E election.,11,240.005 170.998 320.405 182.998,yes
topmostSubform[0].Page10[0].Pg10Table_2[0].Line4[0].f10_128[0],/Tx,Row: 4. Column: (h)(2) Subtract column (h)(1) from column (g) (credit excluding E P E).,11,326.405 170.998 406.805 182.998,yes
topmostSubform[0].Page10[0].Pg10Table_2[0].Line4[0].f10_129[0],/Tx,Row: 4. Column: (i)(1) Amount of column (h)(2) applied against tax in Part I I.,11,412.805 170.998 493.205 182.998,yes
topmostSubform[0].Page10[0].Pg10Table_2[0].Line4[0].f10_130[0],/Tx,Row: 4. Column: (i)(2) Amount of E P E eligible credit in column (h)(1) applied against tax in Part I I.,11,499.205 170.998 579.605 182.998,yes
topmostSubform[0].Page10[0].Pg10Table_2[0].Line4[0].f10_131[0],/Tx,Row: 4. Column: (j) Net E P E amount. Subtract column (i)(2) from column (h)(1).,11,585.605 170.998 666.005 182.998,yes
topmostSubform[0].Page10[0].Pg10Table_2[0].Line4[0].f10_132[0],/Tx,Row: 4. Column: (k) Carryforward to 2027. Subtract column (i)(1) from column (h)(2).,11,672.005 170.998 755.405 182.998,yes
topmostSubform[0].Page10[0].Pg10Table_2[0].Line5[0].f10_133[0],/Tx,Row: 5. Column: (f)(2) Purchased transfer election credits not subject to passive activity limit.,11,60.005 152.998 147.605 164.998,yes
topmostSubform[0].Page10[0].Pg10Table_2[0].Line5[0].f10_134[0],/Tx,"Row: 5. Column: ((g) Combine columns (d)(4), (e), (f)(1), and (f)(2).",11,153.605 152.998 234.005 164.998,yes
topmostSubform[0].Page10[0].Pg10Table_2[0].Line5[0].f10_135[0],/Tx,Row: 5. Column: (h)(1) Gross E P E amount. Portion of column (g) eligible for an E P E election.,11,240.005 152.998 320.405 164.998,yes
topmostSubform[0].Page10[0].Pg10Table_2[0].Line5[0].f10_136[0],/Tx,Row: 5. Column: (h)(2) Subtract column (h)(1) from column (g) (credit excluding E P E).,11,326.405 152.998 406.805 164.998,yes
topmostSubform[0].Page10[0].Pg10Table_2[0].Line5[0].f10_137[0],/Tx,Row: 5. Column: (i)(1) Amount of column (h)(2) applied against tax in Part I I.,11,412.805 152.998 493.205 164.998,yes
topmostSubform[0].Page10[0].Pg10Table_2[0].Line5[0].f10_138[0],/Tx,Row: 5. Column: (i)(2) Amount of E P E eligible credit in column (h)(1) applied against tax in Part I I.,11,499.205 152.998 579.605 164.998,yes
topmostSubform[0].Page10[0].Pg10Table_2[0].Line5[0].f10_139[0],/Tx,Row: 5. Column: (j) Net E P E amount. Subtract column (i)(2) from column (h)(1).,11,585.605 152.998 666.005 164.998,yes
topmostSubform[0].Page10[0].Pg10Table_2[0].Line5[0].f10_140[0],/Tx,Row: 5. Column: (k) Carryforward to 2027. Subtract column (i)(1) from column (h)(2).,11,672.005 152.998 755.405 164.998,yes
topmostSubform[0].Page10[0].Pg10Table_2[0].Line6[0].f10_141[0],/Tx,Row: 6. Column: (f)(2) Purchased transfer election credits not subject to passive activity limit.,11,60.005 134.998 147.605 146.998,yes
topmostSubform[0].Page10[0].Pg10Table_2[0].Line6[0].f10_142[0],/Tx,"Row: 6. Column: (g) Combine columns (d)(4), (e), (f)(1), and (f)(2).",11,153.605 134.998 234.005 146.998,yes
topmostSubform[0].Page10[0].Pg10Table_2[0].Line6[0].f10_143[0],/Tx,Row: 6. Column: (h)(1) Gross E P E amount. Portion of column (g) eligible for an E P E election.,11,240.005 134.998 320.405 146.998,yes
topmostSubform[0].Page10[0].Pg10Table_2[0].Line6[0].f10_144[0],/Tx,Row: 6. Column: (h)(2) Subtract column (h)(1) from column (g) (credit excluding E P E).,11,326.405 134.998 406.805 146.998,yes
topmostSubform[0].Page10[0].Pg10Table_2[0].Line6[0].f10_145[0],/Tx,Row: 6. Column: (i)(1) Amount of column (h)(2) applied against tax in Part I I.,11,412.805 134.998 493.205 146.998,yes
topmostSubform[0].Page10[0].Pg10Table_2[0].Line6[0].f10_146[0],/Tx,Row: 6. Column: (i)(2) Amount of E P E eligible credit in column (h)(1) applied against tax in Part I I.,11,499.205 134.998 579.605 146.998,yes
topmostSubform[0].Page10[0].Pg10Table_2[0].Line6[0].f10_147[0],/Tx,Row: 6. Column: (j) Net E P E amount. Subtract column (i)(2) from column (h)(1).,11,585.605 134.998 666.005 146.998,yes
topmostSubform[0].Page10[0].Pg10Table_2[0].Line6[0].f10_148[0],/Tx,Row: 6. Column: (k) Carryforward to 2027. Subtract column (i)(1) from column (h)(2).,11,672.005 134.998 755.405 146.998,yes
topmostSubform[0].Page10[0].Pg10Table_2[0].Line7[0].f10_149[0],/Tx,Row: 7. Column: (f)(2) Purchased transfer election credits not subject to passive activity limit.,11,60.005 116.998 147.605 128.998,yes
topmostSubform[0].Page10[0].Pg10Table_2[0].Line7[0].f10_150[0],/Tx,"Row: 7. Column: (g) Combine columns (d)(4), (e), (f)(1), and (f)(2).",11,153.605 116.998 234.005 128.998,yes
topmostSubform[0].Page10[0].Pg10Table_2[0].Line7[0].f10_151[0],/Tx,Row: 7. Column: (h)(1) Gross E P E amount. Portion of column (g) eligible for an E P E election.,11,240.005 116.998 320.405 128.998,yes
topmostSubform[0].Page10[0].Pg10Table_2[0].Line7[0].f10_152[0],/Tx,Row: 7. Column: (h)(2) Subtract column (h)(1) from column (g) (credit excluding E P E).,11,326.405 116.998 406.805 128.998,yes
topmostSubform[0].Page10[0].Pg10Table_2[0].Line7[0].f10_153[0],/Tx,Row: 7. Column: (i)(1) Amount of column (h)(2) applied against tax in Part I I.,11,412.805 116.998 493.205 128.998,yes
topmostSubform[0].Page10[0].Pg10Table_2[0].Line7[0].f10_154[0],/Tx,Row: 7. Column: (i)(2) Amount of E P E eligible credit in column (h)(1) applied against tax in Part I I.,11,499.205 116.998 579.605 128.998,yes
topmostSubform[0].Page10[0].Pg10Table_2[0].Line7[0].f10_155[0],/Tx,Row: 7. Column: (j) Net E P E amount. Subtract column (i)(2) from column (h)(1).,11,585.605 116.998 666.005 128.998,yes
topmostSubform[0].Page10[0].Pg10Table_2[0].Line7[0].f10_156[0],/Tx,Row: 7. Column: (k) Carryforward to 2027. Subtract column (i)(1) from column (h)(2).,11,672.005 116.998 755.405 128.998,yes
topmostSubform[0].Page10[0].Pg10Table_2[0].Line8[0].f10_157[0],/Tx,Row: 8. Column: (f)(2) Purchased transfer election credits not subject to passive activity limit.,11,60.005 98.998 147.605 110.998,yes
topmostSubform[0].Page10[0].Pg10Table_2[0].Line8[0].f10_158[0],/Tx,"Row: 8. Column: (g) Combine columns (d)(4), (e), (f)(1), and (f)(2).",11,153.605 98.998 234.005 110.998,yes
topmostSubform[0].Page10[0].Pg10Table_2[0].Line8[0].f10_159[0],/Tx,Row: 8. Column: (h)(1) Gross E P E amount. Portion of column (g) eligible for an E P E election.,11,240.005 98.998 320.405 110.998,yes
topmostSubform[0].Page10[0].Pg10Table_2[0].Line8[0].f10_160[0],/Tx,Row: 8. Column: (h)(2) Subtract column (h)(1) from column (g) (credit excluding E P E).,11,326.405 98.998 406.805 110.998,yes
topmostSubform[0].Page10[0].Pg10Table_2[0].Line8[0].f10_161[0],/Tx,Row: 8. Column: (i)(1) Amount of column (h)(2) applied against tax in Part I I.,11,412.805 98.998 493.205 110.998,yes
topmostSubform[0].Page10[0].Pg10Table_2[0].Line8[0].f10_162[0],/Tx,Row: 8. Column: (i)(2) Amount of E P E eligible credit in column (h)(1) applied against tax in Part I I.,11,499.205 98.998 579.605 110.998,yes
topmostSubform[0].Page10[0].Pg10Table_2[0].Line8[0].f10_163[0],/Tx,Row: 8. Column: (j) Net E P E amount. Subtract column (i)(2) from column (h)(1).,11,585.605 98.998 666.005 110.998,yes
topmostSubform[0].Page10[0].Pg10Table_2[0].Line8[0].f10_164[0],/Tx,Row: 8. Column: (k) Carryforward  to 2027. Subtract column (i)(1) from column (h)(2).,11,672.005 98.998 755.405 110.998,yes
topmostSubform[0].Page10[0].Pg10Table_2[0].Line9[0].f10_165[0],/Tx,Row: 9. Column: (f)(2) Purchased transfer election credits not subject to passive activity limit.,11,60.005 80.998 147.605 92.998,yes
topmostSubform[0].Page10[0].Pg10Table_2[0].Line9[0].f10_166[0],/Tx,"Row: 9. Column: (g) Combine columns (d)(4), (e), (f)(1), and (f)(2).",11,153.605 80.998 234.005 92.998,yes
topmostSubform[0].Page10[0].Pg10Table_2[0].Line9[0].f10_167[0],/Tx,Row: 9. Column: (h)(1) Gross E P E amount. Portion of column (g) eligible for an E P E election.,11,240.005 80.998 320.405 92.998,yes
topmostSubform[0].Page10[0].Pg10Table_2[0].Line9[0].f10_168[0],/Tx,Row: 9. Column: (h)(2) Subtract column (h)(1) from column (g) (credit excluding E P E).,11,326.405 80.998 406.805 92.998,yes
topmostSubform[0].Page10[0].Pg10Table_2[0].Line9[0].f10_169[0],/Tx,Row: 9. Column: (i)(1) Amount of column (h)(2) applied against tax in Part I I.,11,412.805 80.998 493.205 92.998,yes
topmostSubform[0].Page10[0].Pg10Table_2[0].Line9[0].f10_170[0],/Tx,Row: 9. Column: (i)(2) Amount of E P E eligible credit in column (h)(1) applied against tax in Part I I.,11,499.205 80.998 579.605 92.998,yes
topmostSubform[0].Page10[0].Pg10Table_2[0].Line9[0].f10_171[0],/Tx,Row: 9. Column: (j) Net E P E amount. Subtract column (i)(2) from column (h)(1).,11,585.605 80.998 666.005 92.998,yes
topmostSubform[0].Page10[0].Pg10Table_2[0].Line9[0].f10_172[0],/Tx,Row: 9. Column: (k) Carryforward to 2027. Subtract column (i)(1) from column (h)(2).,11,672.005 80.998 755.405 92.998,yes
topmostSubform[0].Page10[0].Pg10Table_2[0].Line10[0].f10_173[0],/Tx,Row: 10. Column: (f)(2) Purchased transfer election credits not subject to passive activity limit.,11,60.005 62.998 147.605 74.998,yes
topmostSubform[0].Page10[0].Pg10Table_2[0].Line10[0].f10_174[0],/Tx,"Row: 10. Column: (g) Combine columns (d)(4), (e), (f)(1), and (f)(2).",11,153.605 62.998 234.005 74.998,yes
topmostSubform[0].Page10[0].Pg10Table_2[0].Line10[0].f10_175[0],/Tx,Row: 10. Column: (h)(1) Gross E P E amount. Portion of column (g) eligible for an E P E election.,11,240.005 62.998 320.405 74.998,yes
topmostSubform[0].Page10[0].Pg10Table_2[0].Line10[0].f10_176[0],/Tx,Row: 10. Column: (h)(2) Subtract column (h)(1) from column (g) (credit excluding E P E).,11,326.405 62.998 406.805 74.998,yes
topmostSubform[0].Page10[0].Pg10Table_2[0].Line10[0].f10_177[0],/Tx,Row: 10. Column: (i)(1) Amount of column (h)(2) applied against tax in Part I I.,11,412.805 62.998 493.205 74.998,yes
topmostSubform[0].Page10[0].Pg10Table_2[0].Line10[0].f10_178[0],/Tx,Row: 10. Column: (i)(2) Amount of E P E eligible credit in column (h)(1) applied against tax in Part I I.,11,499.205 62.998 579.605 74.998,yes
topmostSubform[0].Page10[0].Pg10Table_2[0].Line10[0].f10_179[0],/Tx,Row: 10. Column: (j) Net E P E amount. Subtract column (i)(2) from column (h)(1).,11,585.605 62.998 666.005 74.998,yes
topmostSubform[0].Page10[0].Pg10Table_2[0].Line10[0].f10_180[0],/Tx,Row: 10. Column: (k) Carryforward to 2027. Subtract column (i)(1) from column (h)(2).,11,672.005 62.998 755.405 74.998,yes
topmostSubform[0].Page11[0].Pg9Table[0].Line1[0].f11_1[0],/Tx,Page 11. Part V I. Breakdown of Aggregate Amounts in Part I V (see instructions). Row: 1. Column: (a) Line number from Part I V. ,12,60.6 477.001 90.6 489.001,yes
topmostSubform[0].Page11[0].Pg9Table[0].Line1[0].f11_2[0],/Tx,Row: 1. Column: (b) Originating tax year.,12,96.6 477.001 162.6 489.001,yes
topmostSubform[0].Page11[0].Pg9Table[0].Line1[0].f11_3[0],/Tx,Row: 1. Column: (c) Pass-through entity E I N.,12,168.6 477.001 234.6 489.001,yes
topmostSubform[0].Page11[0].Pg9Table[0].Line1[0].f11_4[0],/Tx,Row: 1. Column: Carryover. Subject to the passive activity limits. (d) Before the passive activity limitations.,12,240.6 477.001 321 489.001,yes
topmostSubform[0].Page11[0].Pg9Table[0].Line1[0].f11_5[0],/Tx,Row: 1. Column: Carryover. Subject to the passive activity limits. (e) After the passive activity limitations.,12,327 477.001 407.4 489.001,yes
topmostSubform[0].Page11[0].Pg9Table[0].Line1[0].f11_6[0],/Tx,Row: 1. Column: Carryover. (f) Not subject to passive activity limits.,12,413.4 477.001 493.8 489.001,yes
topmostSubform[0].Page11[0].Pg9Table[0].Line1[0].f11_7[0],/Tx,Row: 1. Column: Carryover. (g) Amount of columns (e) and (f) applied against tax in Part I I.,12,499.8 477.001 580.2 489.001,yes
topmostSubform[0].Page11[0].Pg9Table[0].Line1[0].f11_8[0],/Tx,Row: 1. Column: (h) Amount of columns (e) and (f) recaptured or otherwise adjusted.,12,586.2 477.001 666.6 489.001,yes
topmostSubform[0].Page11[0].Pg9Table[0].Line1[0].f11_9[0],/Tx,Row: 1. Column: (i) Carryforward to 2027. Subtract the sum of columns (g) and (h) from the sum of columns (e) and (f).,12,672.6 477.001 756 489.001,yes
topmostSubform[0].Page11[0].Pg9Table[0].Line2[0].f11_10[0],/Tx,Row: 2. Column: (a) Line number from Part I V. ,12,60.6 459.001 90.6 471.001,yes
topmostSubform[0].Page11[0].Pg9Table[0].Line2[0].f11_11[0],/Tx,Row: 2. Column: (b) Originating tax year.,12,96.6 459.001 162.6 471.001,yes
topmostSubform[0].Page11[0].Pg9Table[0].Line2[0].f11_12[0],/Tx,Row: 2. Column: (c) Pass-through entity E I N.,12,168.6 459.001 234.6 471.001,yes
topmostSubform[0].Page11[0].Pg9Table[0].Line2[0].f11_13[0],/Tx,Row: 2. Column: Carryover. Subject to the passive activity limits. (d) Before the passive activity limitations.,12,240.6 459.001 321 471.001,yes
topmostSubform[0].Page11[0].Pg9Table[0].Line2[0].f11_14[0],/Tx,Row: 2. Column: Carryover. Subject to the passive activity limits. (e) After the passive activity limitations.,12,327 459.001 407.4 471.001,yes
topmostSubform[0].Page11[0].Pg9Table[0].Line2[0].f11_15[0],/Tx,Row: 2. Column: Carryover. (f) Not subject to passive activity limits.,12,413.4 459.001 493.8 471.001,yes
topmostSubform[0].Page11[0].Pg9Table[0].Line2[0].f11_16[0],/Tx,Row: 2. Column: Carryover. (g) Amount of columns (e) and (f) applied against tax in Part I I.,12,499.8 459.001 580.2 471.001,yes
topmostSubform[0].Page11[0].Pg9Table[0].Line2[0].f11_17[0],/Tx,Row: 2. Column: (h) Amount of columns (e) and (f) recaptured or otherwise adjusted.,12,586.2 459.001 666.6 471.001,yes
topmostSubform[0].Page11[0].Pg9Table[0].Line2[0].f11_18[0],/Tx,Row: 2. Column: (i) Carryforward to 2027. Subtract the sum of columns (g) and (h) from the sum of columns (e) and (f).,12,672.6 459.001 756 471.001,yes
topmostSubform[0].Page11[0].Pg9Table[0].Line3[0].f11_19[0],/Tx,Row: 3. Column: (a) Line number from Part I V. ,12,60.6 441.001 90.6 453.001,yes
topmostSubform[0].Page11[0].Pg9Table[0].Line3[0].f11_20[0],/Tx,Row: 3. Column: (b) Originating tax year.,12,96.6 441.001 162.6 453.001,yes
topmostSubform[0].Page11[0].Pg9Table[0].Line3[0].f11_21[0],/Tx,Row: 3. Column: (c) Pass-through entity E I N.,12,168.6 441.001 234.6 453.001,yes
topmostSubform[0].Page11[0].Pg9Table[0].Line3[0].f11_22[0],/Tx,Row: 3. Column: Carryover. Subject to the passive activity limits. (d) Before the passive activity limitations.,12,240.6 441.001 321 453.001,yes
topmostSubform[0].Page11[0].Pg9Table[0].Line3[0].f11_23[0],/Tx,Row: 3. Column: Carryover. Subject to the passive activity limits. (e) After the passive activity limitations.,12,327 441.001 407.4 453.001,yes
topmostSubform[0].Page11[0].Pg9Table[0].Line3[0].f11_24[0],/Tx,Row: 3. Column: Carryover. (f) Not subject to passive activity limits.,12,413.4 441.001 493.8 453.001,yes
topmostSubform[0].Page11[0].Pg9Table[0].Line3[0].f11_25[0],/Tx,Row: 3. Column: Carryover. (g) Amount of columns (e) and (f) applied against tax in Part I I.,12,499.8 441.001 580.2 453.001,yes
topmostSubform[0].Page11[0].Pg9Table[0].Line3[0].f11_26[0],/Tx,Row: 3. Column: (h) Amount of columns (e) and (f) recaptured or otherwise adjusted.,12,586.2 441.001 666.6 453.001,yes
topmostSubform[0].Page11[0].Pg9Table[0].Line3[0].f11_27[0],/Tx,Row: 3. Column: (i) Carryforward to 2027. Subtract the sum of columns (g) and (h) from the sum of columns (e) and (f).,12,672.6 441.001 756 453.001,yes
topmostSubform[0].Page11[0].Pg9Table[0].Line4[0].f11_28[0],/Tx,Row: 4. Column: (a) Line number from Part I V. ,12,60.6 423.001 90.6 435.001,yes
topmostSubform[0].Page11[0].Pg9Table[0].Line4[0].f11_29[0],/Tx,Row: 4. Column: (b) Originating tax year.,12,96.6 423.001 162.6 435.001,yes
topmostSubform[0].Page11[0].Pg9Table[0].Line4[0].f11_30[0],/Tx,Row: 4. Column: (c) Pass-through entity E I N.,12,168.6 423.001 234.6 435.001,yes
topmostSubform[0].Page11[0].Pg9Table[0].Line4[0].f11_31[0],/Tx,Row: 4. Column: Carryover. Subject to the passive activity limits. (d) Before the passive activity limitations.,12,240.6 423.001 321 435.001,yes
topmostSubform[0].Page11[0].Pg9Table[0].Line4[0].f11_32[0],/Tx,Row: 4. Column: Carryover. Subject to the passive activity limits. (e) After the passive activity limitations.,12,327 423.001 407.4 435.001,yes
topmostSubform[0].Page11[0].Pg9Table[0].Line4[0].f11_33[0],/Tx,Row: 4. Column: Carryover. (f) Not subject to passive activity limits.,12,413.4 423.001 493.8 435.001,yes
topmostSubform[0].Page11[0].Pg9Table[0].Line4[0].f11_34[0],/Tx,Row: 4. Column: Carryover. (g) Amount of columns (e) and (f) applied against tax in Part I I.,12,499.8 423.001 580.2 435.001,yes
topmostSubform[0].Page11[0].Pg9Table[0].Line4[0].f11_35[0],/Tx,Row: 4. Column: (h) Amount of columns (e) and (f) recaptured or otherwise adjusted.,12,586.2 423.001 666.6 435.001,yes
topmostSubform[0].Page11[0].Pg9Table[0].Line4[0].f11_36[0],/Tx,Row: 4. Column: (i) Carryforward to 2027. Subtract the sum of columns (g) and (h) from the sum of columns (e) and (f).,12,672.6 423.001 756 435.001,yes
topmostSubform[0].Page11[0].Pg9Table[0].Line5[0].f11_37[0],/Tx,Row: 5. Column: (a) Line number from Part I V. ,12,60.6 405.001 90.6 417.001,yes
topmostSubform[0].Page11[0].Pg9Table[0].Line5[0].f11_38[0],/Tx,Row: 5. Column: (b) Originating tax year.,12,96.6 405.001 162.6 417.001,yes
topmostSubform[0].Page11[0].Pg9Table[0].Line5[0].f11_39[0],/Tx,Row: 5. Column: (c) Pass-through entity E I N.,12,168.6 405.001 234.6 417.001,yes
topmostSubform[0].Page11[0].Pg9Table[0].Line5[0].f11_40[0],/Tx,Row: 5. Column: Carryover. Subject to the passive activity limits. (d) Before the passive activity limitations.,12,240.6 405.001 321 417.001,yes
topmostSubform[0].Page11[0].Pg9Table[0].Line5[0].f11_41[0],/Tx,Row: 5. Column: Carryover. Subject to the passive activity limits. (e) After the passive activity limitations.,12,327 405.001 407.4 417.001,yes
topmostSubform[0].Page11[0].Pg9Table[0].Line5[0].f11_42[0],/Tx,Row: 5. Column: Carryover. (f) Not subject to passive activity limits.,12,413.4 405.001 493.8 417.001,yes
topmostSubform[0].Page11[0].Pg9Table[0].Line5[0].f11_43[0],/Tx,Row: 5. Column: Carryover. (g) Amount of columns (e) and (f) applied against tax in Part I I.,12,499.8 405.001 580.2 417.001,yes
topmostSubform[0].Page11[0].Pg9Table[0].Line5[0].f11_44[0],/Tx,Row: 5. Column: (h) Amount of columns (e) and (f) recaptured or otherwise adjusted.,12,586.2 405.001 666.6 417.001,yes
topmostSubform[0].Page11[0].Pg9Table[0].Line5[0].f11_45[0],/Tx,Row: 5. Column: (i) Carryforward to 2027. Subtract the sum of columns (g) and (h) from the sum of columns (e) and (f).,12,672.6 405.001 756 417.001,yes
topmostSubform[0].Page11[0].Pg9Table[0].Line6[0].f11_46[0],/Tx,Row: 6. Column: (a) Line number from Part I V. ,12,60.6 387.001 90.6 399.001,yes
topmostSubform[0].Page11[0].Pg9Table[0].Line6[0].f11_47[0],/Tx,Row: 6. Column: (b) Originating tax year.,12,96.6 387.001 162.6 399.001,yes
topmostSubform[0].Page11[0].Pg9Table[0].Line6[0].f11_48[0],/Tx,Row: 6. Column: (c) Pass-through entity E I N.,12,168.6 387.001 234.6 399.001,yes
topmostSubform[0].Page11[0].Pg9Table[0].Line6[0].f11_49[0],/Tx,Row: 6. Column: Carryover. Subject to the passive activity limits. (d) Before the passive activity limitations.,12,240.6 387.001 321 399.001,yes
topmostSubform[0].Page11[0].Pg9Table[0].Line6[0].f11_50[0],/Tx,Row: 6. Column: Carryover. Subject to the passive activity limits. (e) After the passive activity limitations.,12,327 387.001 407.4 399.001,yes
topmostSubform[0].Page11[0].Pg9Table[0].Line6[0].f11_51[0],/Tx,Row: 6. Column: Carryover. (f) Not subject to passive activity limits.,12,413.4 387.001 493.8 399.001,yes
topmostSubform[0].Page11[0].Pg9Table[0].Line6[0].f11_52[0],/Tx,Row: 6. Column: Carryover. (g) Amount of columns (e) and (f) applied against tax in Part I I.,12,499.8 387.001 580.2 399.001,yes
topmostSubform[0].Page11[0].Pg9Table[0].Line6[0].f11_53[0],/Tx,Row: 6. Column: (h) Amount of columns (e) and (f) recaptured or otherwise adjusted.,12,586.2 387.001 666.6 399.001,yes
topmostSubform[0].Page11[0].Pg9Table[0].Line6[0].f11_54[0],/Tx,Row: 6. Column: (i) Carryforward to 2027. Subtract the sum of columns (g) and (h) from the sum of columns (e) and (f).,12,672.6 387.001 756 399.001,yes
topmostSubform[0].Page11[0].Pg9Table[0].Line7[0].f11_55[0],/Tx,Row: 7. Column: (a) Line number from Part I V. ,12,60.6 369.001 90.6 381.001,yes
topmostSubform[0].Page11[0].Pg9Table[0].Line7[0].f11_56[0],/Tx,Row: 7. Column: (b) Originating tax year.,12,96.6 369.001 162.6 381.001,yes
topmostSubform[0].Page11[0].Pg9Table[0].Line7[0].f11_57[0],/Tx,Row: 7. Column: (c) Pass-through entity E I N.,12,168.6 369.001 234.6 381.001,yes
topmostSubform[0].Page11[0].Pg9Table[0].Line7[0].f11_58[0],/Tx,Row: 7. Column: Carryover. Subject to the passive activity limits. (d) Before the passive activity limitations.,12,240.6 369.001 321 381.001,yes
topmostSubform[0].Page11[0].Pg9Table[0].Line7[0].f11_59[0],/Tx,Row: 7. Column: Carryover. Subject to the passive activity limits. (e) After the passive activity limitations.,12,327 369.001 407.4 381.001,yes
topmostSubform[0].Page11[0].Pg9Table[0].Line7[0].f11_60[0],/Tx,Row: 7. Column: Carryover. (f) Not subject to passive activity limits.,12,413.4 369.001 493.8 381.001,yes
topmostSubform[0].Page11[0].Pg9Table[0].Line7[0].f11_61[0],/Tx,Row: 7. Column: Carryover. (g) Amount of columns (e) and (f) applied against tax in Part I I.,12,499.8 369.001 580.2 381.001,yes
topmostSubform[0].Page11[0].Pg9Table[0].Line7[0].f11_62[0],/Tx,Row: 7. Column: (h) Amount of columns (e) and (f) recaptured or otherwise adjusted.,12,586.2 369.001 666.6 381.001,yes
topmostSubform[0].Page11[0].Pg9Table[0].Line7[0].f11_63[0],/Tx,Row: 7. Column: (i) Carryforward to 2027. Subtract the sum of columns (g) and (h) from the sum of columns (e) and (f).,12,672.6 369.001 756 381.001,yes
topmostSubform[0].Page11[0].Pg9Table[0].Line8[0].f11_64[0],/Tx,Row: 8. Column: (a) Line number from Part I V. ,12,60.6 351.001 90.6 363.001,yes
topmostSubform[0].Page11[0].Pg9Table[0].Line8[0].f11_65[0],/Tx,Row: 8. Column: (b) Originating tax year.,12,96.6 351.001 162.6 363.001,yes
topmostSubform[0].Page11[0].Pg9Table[0].Line8[0].f11_66[0],/Tx,Row: 8. Column: (c) Pass-through entity E I N.,12,168.6 351.001 234.6 363.001,yes
topmostSubform[0].Page11[0].Pg9Table[0].Line8[0].f11_67[0],/Tx,Row: 8. Column: Carryover. Subject to the passive activity limits. (d) Before the passive activity limitations.,12,240.6 351.001 321 363.001,yes
topmostSubform[0].Page11[0].Pg9Table[0].Line8[0].f11_68[0],/Tx,Row: 8. Column: Carryover. Subject to the passive activity limits. (e) After the passive activity limitations.,12,327 351.001 407.4 363.001,yes
topmostSubform[0].Page11[0].Pg9Table[0].Line8[0].f11_69[0],/Tx,Row: 8. Column: Carryover. (f) Not subject to passive activity limits.,12,413.4 351.001 493.8 363.001,yes
topmostSubform[0].Page11[0].Pg9Table[0].Line8[0].f11_70[0],/Tx,Row: 8. Column: Carryover. (g) Amount of columns (e) and (f) applied against tax in Part I I.,12,499.8 351.001 580.2 363.001,yes
topmostSubform[0].Page11[0].Pg9Table[0].Line8[0].f11_71[0],/Tx,Row: 8. Column: (h) Amount of columns (e) and (f) recaptured or otherwise adjusted.,12,586.2 351.001 666.6 363.001,yes
topmostSubform[0].Page11[0].Pg9Table[0].Line8[0].f11_72[0],/Tx,Row: 8. Column: (i) Carryforward to 2027. Subtract the sum of columns (g) and (h) from the sum of columns (e) and (f).,12,672.6 351.001 756 363.001,yes
topmostSubform[0].Page11[0].Pg9Table[0].Line9[0].f11_73[0],/Tx,Row: 9. Column: (a) Line number from Part I V. ,12,60.6 333.001 90.6 345.001,yes
topmostSubform[0].Page11[0].Pg9Table[0].Line9[0].f11_74[0],/Tx,Row: 9. Column: (b) Originating tax year.,12,96.6 333.001 162.6 345.001,yes
topmostSubform[0].Page11[0].Pg9Table[0].Line9[0].f11_75[0],/Tx,Row: 9. Column: (c) Pass-through entity E I N.,12,168.6 333.001 234.6 345.001,yes
topmostSubform[0].Page11[0].Pg9Table[0].Line9[0].f11_76[0],/Tx,Row: 9. Column: Carryover. Subject to the passive activity limits. (d) Before the passive activity limitations.,12,240.6 333.001 321 345.001,yes
topmostSubform[0].Page11[0].Pg9Table[0].Line9[0].f11_77[0],/Tx,Row: 9. Column: Carryover. Subject to the passive activity limits. (e) After the passive activity limitations.,12,327 333.001 407.4 345.001,yes
topmostSubform[0].Page11[0].Pg9Table[0].Line9[0].f11_78[0],/Tx,Row: 9. Column: Carryover. (f) Not subject to passive activity limits.,12,413.4 333.001 493.8 345.001,yes
topmostSubform[0].Page11[0].Pg9Table[0].Line9[0].f11_79[0],/Tx,Row: 9. Column: Carryover. (g) Amount of columns (e) and (f) applied against tax in Part I I.,12,499.8 333.001 580.2 345.001,yes
topmostSubform[0].Page11[0].Pg9Table[0].Line9[0].f11_80[0],/Tx,Row: 9. Column: (h) Amount of columns (e) and (f) recaptured or otherwise adjusted.,12,586.2 333.001 666.6 345.001,yes
topmostSubform[0].Page11[0].Pg9Table[0].Line9[0].f11_81[0],/Tx,Row: 9. Column: (i) Carryforward to 2027. Subtract the sum of columns (g) and (h) from the sum of columns (e) and (f).,12,672.6 333.001 756 345.001,yes
topmostSubform[0].Page11[0].Pg9Table[0].Line10[0].f11_82[0],/Tx,Row: 10. Column: (a) Line number from Part I V. ,12,60.6 315.001 90.6 327.001,yes
topmostSubform[0].Page11[0].Pg9Table[0].Line10[0].f11_83[0],/Tx,Row: 10. Column: (b) Originating tax year.,12,96.6 315.001 162.6 327.001,yes
topmostSubform[0].Page11[0].Pg9Table[0].Line10[0].f11_84[0],/Tx,Row: 10. Column: (c) Pass-through entity E I N.,12,168.6 315.001 234.6 327.001,yes
topmostSubform[0].Page11[0].Pg9Table[0].Line10[0].f11_85[0],/Tx,Row: 10. Column: Carryover. Subject to the passive activity limits. (d) Before the passive activity limitations.,12,240.6 315.001 321 327.001,yes
topmostSubform[0].Page11[0].Pg9Table[0].Line10[0].f11_86[0],/Tx,Row: 10. Column: Carryover. Subject to the passive activity limits. (e) After the passive activity limitations.,12,327 315.001 407.4 327.001,yes
topmostSubform[0].Page11[0].Pg9Table[0].Line10[0].f11_87[0],/Tx,Row: 10. Column: Carryover. (f) Not subject to passive activity limits.,12,413.4 315.001 493.8 327.001,yes
topmostSubform[0].Page11[0].Pg9Table[0].Line10[0].f11_88[0],/Tx,Row: 10. Column: Carryover. (g) Amount of columns (e) and (f) applied against tax in Part I I.,12,499.8 315.001 580.2 327.001,yes
topmostSubform[0].Page11[0].Pg9Table[0].Line10[0].f11_89[0],/Tx,Row: 10. Column: (h) Amount of columns (e) and (f) recaptured or otherwise adjusted.,12,586.2 315.001 666.6 327.001,yes
topmostSubform[0].Page11[0].Pg9Table[0].Line10[0].f11_90[0],/Tx,Row: 10. Column: (i) Carryforward to 2027. Subtract the sum of columns (g) and (h) from the sum of columns (e) and (f).,12,672.6 315.001 756 327.001,yes
topmostSubform[0].Page11[0].Pg9Table[0].Line11[0].f11_91[0],/Tx,Row: 11. Column: (a) Line number from Part I V. ,12,60.6 297.001 90.6 309.001,yes
topmostSubform[0].Page11[0].Pg9Table[0].Line11[0].f11_92[0],/Tx,Row: 11. Column: (b) Originating tax year.,12,96.6 297.001 162.6 309.001,yes
topmostSubform[0].Page11[0].Pg9Table[0].Line11[0].f11_93[0],/Tx,Row: 11. Column: (c) Pass-through entity E I N.,12,168.6 297.001 234.6 309.001,yes
topmostSubform[0].Page11[0].Pg9Table[0].Line11[0].f11_94[0],/Tx,Row: 11. Column: Carryover. Subject to the passive activity limits. (d) Before the passive activity limitations.,12,240.6 297.001 321 309.001,yes
topmostSubform[0].Page11[0].Pg9Table[0].Line11[0].f11_95[0],/Tx,Row: 11. Column: Carryover. Subject to the passive activity limits. (e) After the passive activity limitations.,12,327 297.001 407.4 309.001,yes
topmostSubform[0].Page11[0].Pg9Table[0].Line11[0].f11_96[0],/Tx,Row: 11. Column: Carryover. (f) Not subject to passive activity limits.,12,413.4 297.001 493.8 309.001,yes
topmostSubform[0].Page11[0].Pg9Table[0].Line11[0].f11_97[0],/Tx,Row: 11. Column: Carryover. (g) Amount of columns (e) and (f) applied against tax in Part I I.,12,499.8 297.001 580.2 309.001,yes
topmostSubform[0].Page11[0].Pg9Table[0].Line11[0].f11_98[0],/Tx,Row: 11. Column: (h) Amount of columns (e) and (f) recaptured or otherwise adjusted.,12,586.2 297.001 666.6 309.001,yes
topmostSubform[0].Page11[0].Pg9Table[0].Line11[0].f11_99[0],/Tx,Row: 11. Column: (i) Carryforward to 2027. Subtract the sum of columns (g) and (h) from the sum of columns (e) and (f).,12,672.6 297.001 756 309.001,yes
topmostSubform[0].Page11[0].Pg9Table[0].Line12[0].f11_100[0],/Tx,Row: 12. Column: (a) Line number from Part I V. ,12,60.6 279.001 90.6 291.001,yes
topmostSubform[0].Page11[0].Pg9Table[0].Line12[0].f11_101[0],/Tx,Row: 12. Column: (b) Originating tax year.,12,96.6 279.001 162.6 291.001,yes
topmostSubform[0].Page11[0].Pg9Table[0].Line12[0].f11_102[0],/Tx,Row: 12. Column: (c) Pass-through entity E I N.,12,168.6 279.001 234.6 291.001,yes
topmostSubform[0].Page11[0].Pg9Table[0].Line12[0].f11_103[0],/Tx,Row: 12. Column: Carryover. Subject to the passive activity limits. (d) Before the passive activity limitations.,12,240.6 279.001 321 291.001,yes
topmostSubform[0].Page11[0].Pg9Table[0].Line12[0].f11_104[0],/Tx,Row: 12. Column: Carryover. Subject to the passive activity limits. (e) After the passive activity limitations.,12,327 279.001 407.4 291.001,yes
topmostSubform[0].Page11[0].Pg9Table[0].Line12[0].f11_105[0],/Tx,Row: 12. Column: Carryover. (f) Not subject to passive activity limits.,12,413.4 279.001 493.8 291.001,yes
topmostSubform[0].Page11[0].Pg9Table[0].Line12[0].f11_106[0],/Tx,Row: 12. Column: Carryover. (g) Amount of columns (e) and (f) applied against tax in Part I I.,12,499.8 279.001 580.2 291.001,yes
topmostSubform[0].Page11[0].Pg9Table[0].Line12[0].f11_107[0],/Tx,Row: 12. Column: (h) Amount of columns (e) and (f) recaptured or otherwise adjusted.,12,586.2 279.001 666.6 291.001,yes
topmostSubform[0].Page11[0].Pg9Table[0].Line12[0].f11_108[0],/Tx,Row: 12. Column: (i) Carryforward to 2027. Subtract the sum of columns (g) and (h) from the sum of columns (e) and (f).,12,672.6 279.001 756 291.001,yes
topmostSubform[0].Page11[0].Pg9Table[0].Line13[0].f11_109[0],/Tx,Row: 13. Column: (a) Line number from Part I V. ,12,60.6 261.001 90.6 273.001,yes
topmostSubform[0].Page11[0].Pg9Table[0].Line13[0].f11_110[0],/Tx,Row: 13. Column: (b) Originating tax year.,12,96.6 261.001 162.6 273.001,yes
topmostSubform[0].Page11[0].Pg9Table[0].Line13[0].f11_111[0],/Tx,Row: 13. Column: (c) Pass-through entity E I N.,12,168.6 261.001 234.6 273.001,yes
topmostSubform[0].Page11[0].Pg9Table[0].Line13[0].f11_112[0],/Tx,Row: 13. Column: Carryover. Subject to the passive activity limits. (d) Before the passive activity limitations.,12,240.6 261.001 321 273.001,yes
topmostSubform[0].Page11[0].Pg9Table[0].Line13[0].f11_113[0],/Tx,Row: 13. Column: Carryover. Subject to the passive activity limits. (e) After the passive activity limitations.,12,327 261.001 407.4 273.001,yes
topmostSubform[0].Page11[0].Pg9Table[0].Line13[0].f11_114[0],/Tx,Row: 13. Column: Carryover. (f) Not subject to passive activity limits.,12,413.4 261.001 493.8 273.001,yes
topmostSubform[0].Page11[0].Pg9Table[0].Line13[0].f11_115[0],/Tx,Row: 13. Column: Carryover. (g) Amount of columns (e) and (f) applied against tax in Part I I.,12,499.8 261.001 580.2 273.001,yes
topmostSubform[0].Page11[0].Pg9Table[0].Line13[0].f11_116[0],/Tx,Row: 13. Column: (h) Amount of columns (e) and (f) recaptured or otherwise adjusted.,12,586.2 261.001 666.6 273.001,yes
topmostSubform[0].Page11[0].Pg9Table[0].Line13[0].f11_117[0],/Tx,Row: 13. Column: (i) Carryforward to 2027. Subtract the sum of columns (g) and (h) from the sum of columns (e) and (f).,12,672.6 261.001 756 273.001,yes
topmostSubform[0].Page11[0].Pg9Table[0].Line14[0].f11_118[0],/Tx,Row: 14. Column: (a) Line number from Part I V. ,12,60.6 243.001 90.6 255.001,yes
topmostSubform[0].Page11[0].Pg9Table[0].Line14[0].f11_119[0],/Tx,Row: 14. Column: (b) Originating tax year.,12,96.6 243.001 162.6 255.001,yes
topmostSubform[0].Page11[0].Pg9Table[0].Line14[0].f11_120[0],/Tx,Row: 14. Column: (c) Pass-through entity E I N.,12,168.6 243.001 234.6 255.001,yes
topmostSubform[0].Page11[0].Pg9Table[0].Line14[0].f11_121[0],/Tx,Row: 14. Column: Carryover. Subject to the passive activity limits. (d) Before the passive activity limitations.,12,240.6 243.001 321 255.001,yes
topmostSubform[0].Page11[0].Pg9Table[0].Line14[0].f11_122[0],/Tx,Row: 14. Column: Carryover. Subject to the passive activity limits. (e) After the passive activity limitations.,12,327 243.001 407.4 255.001,yes
topmostSubform[0].Page11[0].Pg9Table[0].Line14[0].f11_123[0],/Tx,Row: 14. Column: Carryover. (f) Not subject to passive activity limits.,12,413.4 243.001 493.8 255.001,yes
topmostSubform[0].Page11[0].Pg9Table[0].Line14[0].f11_124[0],/Tx,Row: 14. Column: Carryover. (g) Amount of columns (e) and (f) applied against tax in Part I I.,12,499.8 243.001 580.2 255.001,yes
topmostSubform[0].Page11[0].Pg9Table[0].Line14[0].f11_125[0],/Tx,Row: 14. Column: (h) Amount of columns (e) and (f) recaptured or otherwise adjusted.,12,586.2 243.001 666.6 255.001,yes
topmostSubform[0].Page11[0].Pg9Table[0].Line14[0].f11_126[0],/Tx,Row: 14. Column: (i) Carryforward to 2027. Subtract the sum of columns (g) and (h) from the sum of columns (e) and (f).,12,672.6 243.001 756 255.001,yes
topmostSubform[0].Page11[0].Pg9Table[0].Line15[0].f11_127[0],/Tx,Row: 15. Column: (a) Line number from Part I V. ,12,60.6 225.001 90.6 237.001,yes
topmostSubform[0].Page11[0].Pg9Table[0].Line15[0].f11_128[0],/Tx,Row: 15. Column: (b) Originating tax year.,12,96.6 225.001 162.6 237.001,yes
topmostSubform[0].Page11[0].Pg9Table[0].Line15[0].f11_129[0],/Tx,Row: 15. Column: (c) Pass-through entity E I N.,12,168.6 225.001 234.6 237.001,yes
topmostSubform[0].Page11[0].Pg9Table[0].Line15[0].f11_130[0],/Tx,Row: 15. Column: Carryover. Subject to the passive activity limits. (d) Before the passive activity limitations.,12,240.6 225.001 321 237.001,yes
topmostSubform[0].Page11[0].Pg9Table[0].Line15[0].f11_131[0],/Tx,Row: 15. Column: Carryover. Subject to the passive activity limits. (e) After the passive activity limitations.,12,327 225.001 407.4 237.001,yes
topmostSubform[0].Page11[0].Pg9Table[0].Line15[0].f11_132[0],/Tx,Row: 15. Column: Carryover. (f) Not subject to passive activity limits.,12,413.4 225.001 493.8 237.001,yes
topmostSubform[0].Page11[0].Pg9Table[0].Line15[0].f11_133[0],/Tx,Row: 15. Column: Carryover. (g) Amount of columns (e) and (f) applied against tax in Part I I.,12,499.8 225.001 580.2 237.001,yes
topmostSubform[0].Page11[0].Pg9Table[0].Line15[0].f11_134[0],/Tx,Row: 15. Column: (h) Amount of columns (e) and (f) recaptured or otherwise adjusted.,12,586.2 225.001 666.6 237.001,yes
topmostSubform[0].Page11[0].Pg9Table[0].Line15[0].f11_135[0],/Tx,Row: 15. Column: (i) Carryforward to 2027. Subtract the sum of columns (g) and (h) from the sum of columns (e) and (f).,12,672.6 225.001 756 237.001,yes
topmostSubform[0].Page11[0].Pg9Table[0].Line16[0].f11_136[0],/Tx,Row: 16. Column: (a) Line number from Part I V. ,12,60.6 207.001 90.6 219.001,yes
topmostSubform[0].Page11[0].Pg9Table[0].Line16[0].f11_137[0],/Tx,Row: 16. Column: (b) Originating tax year.,12,96.6 207.001 162.6 219.001,yes
topmostSubform[0].Page11[0].Pg9Table[0].Line16[0].f11_138[0],/Tx,Row: 16. Column: (c) Pass-through entity E I N.,12,168.6 207.001 234.6 219.001,yes
topmostSubform[0].Page11[0].Pg9Table[0].Line16[0].f11_139[0],/Tx,Row: 16. Column: Carryover. Subject to the passive activity limits. (d) Before the passive activity limitations.,12,240.6 207.001 321 219.001,yes
topmostSubform[0].Page11[0].Pg9Table[0].Line16[0].f11_140[0],/Tx,Row: 16. Column: Carryover. Subject to the passive activity limits. (e) After the passive activity limitations.,12,327 207.001 407.4 219.001,yes
topmostSubform[0].Page11[0].Pg9Table[0].Line16[0].f11_141[0],/Tx,Row: 16. Column: Carryover. (f) Not subject to passive activity limits.,12,413.4 207.001 493.8 219.001,yes
topmostSubform[0].Page11[0].Pg9Table[0].Line16[0].f11_142[0],/Tx,Row: 16. Column: Carryover. (g) Amount of columns (e) and (f) applied against tax in Part I I.,12,499.8 207.001 580.2 219.001,yes
topmostSubform[0].Page11[0].Pg9Table[0].Line16[0].f11_143[0],/Tx,Row: 16. Column: (h) Amount of columns (e) and (f) recaptured or otherwise adjusted.,12,586.2 207.001 666.6 219.001,yes
topmostSubform[0].Page11[0].Pg9Table[0].Line16[0].f11_144[0],/Tx,Row: 16. Column: (i) Carryforward to 2027. Subtract the sum of columns (g) and (h) from the sum of columns (e) and (f).,12,672.6 207.001 756 219.001,yes
topmostSubform[0].Page11[0].Pg9Table[0].Line17[0].f11_145[0],/Tx,Row: 17. Column: (a) Line number from Part I V. ,12,60.6 189.001 90.6 201.001,yes
topmostSubform[0].Page11[0].Pg9Table[0].Line17[0].f11_146[0],/Tx,Row: 17. Column: (b) Originating tax year.,12,96.6 189.001 162.6 201.001,yes
topmostSubform[0].Page11[0].Pg9Table[0].Line17[0].f11_147[0],/Tx,Row: 17. Column: (c) Pass-through entity E I N.,12,168.6 189.001 234.6 201.001,yes
topmostSubform[0].Page11[0].Pg9Table[0].Line17[0].f11_148[0],/Tx,Row: 17. Column: Carryover. Subject to the passive activity limits. (d) Before the passive activity limitations.,12,240.6 189.001 321 201.001,yes
topmostSubform[0].Page11[0].Pg9Table[0].Line17[0].f11_149[0],/Tx,Row: 17. Column: Carryover. Subject to the passive activity limits. (e) After the passive activity limitations.,12,327 189.001 407.4 201.001,yes
topmostSubform[0].Page11[0].Pg9Table[0].Line17[0].f11_150[0],/Tx,Row: 17. Column: Carryover. (f) Not subject to passive activity limits.,12,413.4 189.001 493.8 201.001,yes
topmostSubform[0].Page11[0].Pg9Table[0].Line17[0].f11_151[0],/Tx,Row: 17. Column: Carryover. (g) Amount of columns (e) and (f) applied against tax in Part I I.,12,499.8 189.001 580.2 201.001,yes
topmostSubform[0].Page11[0].Pg9Table[0].Line17[0].f11_152[0],/Tx,Row: 17. Column: (h) Amount of columns (e) and (f) recaptured or otherwise adjusted.,12,586.2 189.001 666.6 201.001,yes
topmostSubform[0].Page11[0].Pg9Table[0].Line17[0].f11_153[0],/Tx,Row: 17. Column: (i) Carryforward to 2027. Subtract the sum of columns (g) and (h) from the sum of columns (e) and (f).,12,672.6 189.001 756 201.001,yes
topmostSubform[0].Page11[0].Pg9Table[0].Line18[0].f11_154[0],/Tx,Row: 18. Column: (a) Line number from Part I V. ,12,60.6 171.001 90.6 183.001,yes
topmostSubform[0].Page11[0].Pg9Table[0].Line18[0].f11_155[0],/Tx,Row: 18. Column: (b) Originating tax year.,12,96.6 171.001 162.6 183.001,yes
topmostSubform[0].Page11[0].Pg9Table[0].Line18[0].f11_156[0],/Tx,Row: 18. Column: (c) Pass-through entity E I N.,12,168.6 171.001 234.6 183.001,yes
topmostSubform[0].Page11[0].Pg9Table[0].Line18[0].f11_157[0],/Tx,Row: 18. Column: Carryover. Subject to the passive activity limits. (d) Before the passive activity limitations.,12,240.6 171.001 321 183.001,yes
topmostSubform[0].Page11[0].Pg9Table[0].Line18[0].f11_158[0],/Tx,Row: 18. Column: Carryover. Subject to the passive activity limits. (e) After the passive activity limitations.,12,327 171.001 407.4 183.001,yes
topmostSubform[0].Page11[0].Pg9Table[0].Line18[0].f11_159[0],/Tx,Row: 18. Column: Carryover. (f) Not subject to passive activity limits.,12,413.4 171.001 493.8 183.001,yes
topmostSubform[0].Page11[0].Pg9Table[0].Line18[0].f11_160[0],/Tx,Row: 18. Column: Carryover. (g) Amount of columns (e) and (f) applied against tax in Part I I.,12,499.8 171.001 580.2 183.001,yes
topmostSubform[0].Page11[0].Pg9Table[0].Line18[0].f11_161[0],/Tx,Row: 18. Column: (h) Amount of columns (e) and (f) recaptured or otherwise adjusted.,12,586.2 171.001 666.6 183.001,yes
topmostSubform[0].Page11[0].Pg9Table[0].Line18[0].f11_162[0],/Tx,Row: 18. Column: (i) Carryforward to 2027. Subtract the sum of columns (g) and (h) from the sum of columns (e) and (f).,12,672.6 171.001 756 183.001,yes
topmostSubform[0].Page11[0].Pg9Table[0].Line19[0].f11_163[0],/Tx,Row: 19. Column: (a) Line number from Part I V. ,12,60.6 153.001 90.6 165.001,yes
topmostSubform[0].Page11[0].Pg9Table[0].Line19[0].f11_164[0],/Tx,Row: 19. Column: (b) Originating tax year.,12,96.6 153.001 162.6 165.001,yes
topmostSubform[0].Page11[0].Pg9Table[0].Line19[0].f11_165[0],/Tx,Row: 19. Column: (c) Pass-through entity E I N.,12,168.6 153.001 234.6 165.001,yes
topmostSubform[0].Page11[0].Pg9Table[0].Line19[0].f11_166[0],/Tx,Row: 19. Column: Carryover. Subject to the passive activity limits. (d) Before the passive activity limitations.,12,240.6 153.001 321 165.001,yes
topmostSubform[0].Page11[0].Pg9Table[0].Line19[0].f11_167[0],/Tx,Row: 19. Column: Carryover. Subject to the passive activity limits. (e) After the passive activity limitations.,12,327 153.001 407.4 165.001,yes
topmostSubform[0].Page11[0].Pg9Table[0].Line19[0].f11_168[0],/Tx,Row: 19. Column: Carryover. (f) Not subject to passive activity limits.,12,413.4 153.001 493.8 165.001,yes
topmostSubform[0].Page11[0].Pg9Table[0].Line19[0].f11_169[0],/Tx,Row: 19. Column: Carryover. (g) Amount of columns (e) and (f) applied against tax in Part I I.,12,499.8 153.001 580.2 165.001,yes
topmostSubform[0].Page11[0].Pg9Table[0].Line19[0].f11_170[0],/Tx,Row: 19. Column: (h) Amount of columns (e) and (f) recaptured or otherwise adjusted.,12,586.2 153.001 666.6 165.001,yes
topmostSubform[0].Page11[0].Pg9Table[0].Line19[0].f11_171[0],/Tx,Row: 19. Column: (i) Carryforward to 2027. Subtract the sum of columns (g) and (h) from the sum of columns (e) and (f).,12,672.6 153.001 756 165.001,yes
topmostSubform[0].Page11[0].Pg9Table[0].Line20[0].f11_172[0],/Tx,Row: 20. Column: (a) Line number from Part I V. ,12,60.6 135.001 90.6 147.001,yes
topmostSubform[0].Page11[0].Pg9Table[0].Line20[0].f11_173[0],/Tx,Row: 20. Column: (b) Originating tax year.,12,96.6 135.001 162.6 147.001,yes
topmostSubform[0].Page11[0].Pg9Table[0].Line20[0].f11_174[0],/Tx,Row: 20. Column: (c) Pass-through entity E I N.,12,168.6 135.001 234.6 147.001,yes
topmostSubform[0].Page11[0].Pg9Table[0].Line20[0].f11_175[0],/Tx,Row: 20. Column: Carryover. Subject to the passive activity limits. (d) Before the passive activity limitations.,12,240.6 135.001 321 147.001,yes
topmostSubform[0].Page11[0].Pg9Table[0].Line20[0].f11_176[0],/Tx,Row: 20. Column: Carryover. Subject to the passive activity limits. (e) After the passive activity limitations.,12,327 135.001 407.4 147.001,yes
topmostSubform[0].Page11[0].Pg9Table[0].Line20[0].f11_177[0],/Tx,Row: 20. Column: Carryover. (f) Not subject to passive activity limits.,12,413.4 135.001 493.8 147.001,yes
topmostSubform[0].Page11[0].Pg9Table[0].Line20[0].f11_178[0],/Tx,Row: 20. Column: Carryover. (g) Amount of columns (e) and (f) applied against tax in Part I I.,12,499.8 135.001 580.2 147.001,yes
topmostSubform[0].Page11[0].Pg9Table[0].Line20[0].f11_179[0],/Tx,Row: 20. Column: (h) Amount of columns (e) and (f) recaptured or otherwise adjusted.,12,586.2 135.001 666.6 147.001,yes
topmostSubform[0].Page11[0].Pg9Table[0].Line20[0].f11_180[0],/Tx,Row: 20. Column: (i) Carryforward to 2027. Subtract the sum of columns (g) and (h) from the sum of columns (e) and (f).,12,672.6 135.001 756 147.001,yes
topmostSubform[0].Page11[0].Pg9Table[0].Line21[0].f11_181[0],/Tx,Row: 21. Column: (a) Line number from Part I V. ,12,60.6 117.001 90.6 129.001,yes
topmostSubform[0].Page11[0].Pg9Table[0].Line21[0].f11_182[0],/Tx,Row: 21. Column: (b) Originating tax year.,12,96.6 117.001 162.6 129.001,yes
topmostSubform[0].Page11[0].Pg9Table[0].Line21[0].f11_183[0],/Tx,Row: 21. Column: (c) Pass-through entity E I N.,12,168.6 117.001 234.6 129.001,yes
topmostSubform[0].Page11[0].Pg9Table[0].Line21[0].f11_184[0],/Tx,Row: 21. Column: Carryover. Subject to the passive activity limits. (d) Before the passive activity limitations.,12,240.6 117.001 321 129.001,yes
topmostSubform[0].Page11[0].Pg9Table[0].Line21[0].f11_185[0],/Tx,Row: 21. Column: Carryover. Subject to the passive activity limits. (e) After the passive activity limitations.,12,327 117.001 407.4 129.001,yes
topmostSubform[0].Page11[0].Pg9Table[0].Line21[0].f11_186[0],/Tx,Row: 21. Column: Carryover. (f) Not subject to passive activity limits.,12,413.4 117.001 493.8 129.001,yes
topmostSubform[0].Page11[0].Pg9Table[0].Line21[0].f11_187[0],/Tx,Row: 21. Column: Carryover. (g) Amount of columns (e) and (f) applied against tax in Part I I.,12,499.8 117.001 580.2 129.001,yes
topmostSubform[0].Page11[0].Pg9Table[0].Line21[0].f11_188[0],/Tx,Row: 21. Column: (h) Amount of columns (e) and (f) recaptured or otherwise adjusted.,12,586.2 117.001 666.6 129.001,yes
topmostSubform[0].Page11[0].Pg9Table[0].Line21[0].f11_189[0],/Tx,Row: 21. Column: (i) Carryforward to 2027. Subtract the sum of columns (g) and (h) from the sum of columns (e) and (f).,12,672.6 117.001 756 129.001,yes
topmostSubform[0].Page11[0].Pg9Table[0].Line22[0].f11_190[0],/Tx,Row: 22. Column: (a) Line number from Part I V. ,12,60.6 99.001 90.6 111.001,yes
topmostSubform[0].Page11[0].Pg9Table[0].Line22[0].f11_191[0],/Tx,Row: 22. Column: (b) Originating tax year.,12,96.6 99.001 162.6 111.001,yes
topmostSubform[0].Page11[0].Pg9Table[0].Line22[0].f11_192[0],/Tx,Row: 22. Column: (c) Pass-through entity E I N.,12,168.6 99.001 234.6 111.001,yes
topmostSubform[0].Page11[0].Pg9Table[0].Line22[0].f11_193[0],/Tx,Row: 22. Column: Carryover. Subject to the passive activity limits. (d) Before the passive activity limitations.,12,240.6 99.001 321 111.001,yes
topmostSubform[0].Page11[0].Pg9Table[0].Line22[0].f11_194[0],/Tx,Row: 22. Column: Carryover. Subject to the passive activity limits. (e) After the passive activity limitations.,12,327 99.001 407.4 111.001,yes
topmostSubform[0].Page11[0].Pg9Table[0].Line22[0].f11_195[0],/Tx,Row: 22. Column: Carryover. (f) Not subject to passive activity limits.,12,413.4 99.001 493.8 111.001,yes
topmostSubform[0].Page11[0].Pg9Table[0].Line22[0].f11_196[0],/Tx,Row: 22. Column: Carryover. (g) Amount of columns (e) and (f) applied against tax in Part I I.,12,499.8 99.001 580.2 111.001,yes
topmostSubform[0].Page11[0].Pg9Table[0].Line22[0].f11_197[0],/Tx,Row: 22. Column: (h) Amount of columns (e) and (f) recaptured or otherwise adjusted.,12,586.2 99.001 666.6 111.001,yes
topmostSubform[0].Page11[0].Pg9Table[0].Line22[0].f11_198[0],/Tx,Row: 22. Column: (i) Carryforward to 2027. Subtract the sum of columns (g) and (h) from the sum of columns (e) and (f).,12,672.6 99.001 756 111.001,yes
topmostSubform[0].Page11[0].Pg9Table[0].Line23[0].f11_199[0],/Tx,Row: 23. Column: (a) Line number from Part I V. ,12,60.6 81.001 90.6 93.001,yes
topmostSubform[0].Page11[0].Pg9Table[0].Line23[0].f11_200[0],/Tx,Row: 23. Column: (b) Originating tax year.,12,96.6 81.001 162.6 93.001,yes
topmostSubform[0].Page11[0].Pg9Table[0].Line23[0].f11_201[0],/Tx,Row: 23. Column: (c) Pass-through entity E I N.,12,168.6 81.001 234.6 93.001,yes
topmostSubform[0].Page11[0].Pg9Table[0].Line23[0].f11_202[0],/Tx,Row: 23. Column: Carryover. Subject to the passive activity limits. (d) Before the passive activity limitations.,12,240.6 81.001 321 93.001,yes
topmostSubform[0].Page11[0].Pg9Table[0].Line23[0].f11_203[0],/Tx,Row: 23. Column: Carryover. Subject to the passive activity limits. (e) After the passive activity limitations.,12,327 81.001 407.4 93.001,yes
topmostSubform[0].Page11[0].Pg9Table[0].Line23[0].f11_204[0],/Tx,Row: 23. Column: Carryover. (f) Not subject to passive activity limits.,12,413.4 81.001 493.8 93.001,yes
topmostSubform[0].Page11[0].Pg9Table[0].Line23[0].f11_205[0],/Tx,Row: 23. Column: Carryover. (g) Amount of columns (e) and (f) applied against tax in Part I I.,12,499.8 81.001 580.2 93.001,yes
topmostSubform[0].Page11[0].Pg9Table[0].Line23[0].f11_206[0],/Tx,Row: 23. Column: (h) Amount of columns (e) and (f) recaptured or otherwise adjusted.,12,586.2 81.001 666.6 93.001,yes
topmostSubform[0].Page11[0].Pg9Table[0].Line23[0].f11_207[0],/Tx,Row: 23. Column: (i) Carryforward to 2027. Subtract the sum of columns (g) and (h) from the sum of columns (e) and (f).,12,672.6 81.001 756 93.001,yes
topmostSubform[0].Page11[0].Pg9Table[0].Line24[0].f11_208[0],/Tx,Row: 24. Column: (a) Line number from Part I V. ,12,60.6 63.001 90.6 75.001,yes
topmostSubform[0].Page11[0].Pg9Table[0].Line24[0].f11_209[0],/Tx,Row: 24. Column: (b) Originating tax year.,12,96.6 63.001 162.6 75.001,yes
topmostSubform[0].Page11[0].Pg9Table[0].Line24[0].f11_210[0],/Tx,Row: 24. Column: (c) Pass-through entity E I N.,12,168.6 63.001 234.6 75.001,yes
topmostSubform[0].Page11[0].Pg9Table[0].Line24[0].f11_211[0],/Tx,Row: 24. Column: Carryover. Subject to the passive activity limits. (d) Before the passive activity limitations.,12,240.6 63.001 321 75.001,yes
topmostSubform[0].Page11[0].Pg9Table[0].Line24[0].f11_212[0],/Tx,Row: 24. Column: Carryover. Subject to the passive activity limits. (e) After the passive activity limitations.,12,327 63.001 407.4 75.001,yes
topmostSubform[0].Page11[0].Pg9Table[0].Line24[0].f11_213[0],/Tx,Row: 24. Column: Carryover. (f) Not subject to passive activity limits.,12,413.4 63.001 493.8 75.001,yes
topmostSubform[0].Page11[0].Pg9Table[0].Line24[0].f11_214[0],/Tx,Row: 24. Column: Carryover. (g) Amount of columns (e) and (f) applied against tax in Part I I.,12,499.8 63.001 580.2 75.001,yes
topmostSubform[0].Page11[0].Pg9Table[0].Line24[0].f11_215[0],/Tx,Row: 24. Column: (h) Amount of columns (e) and (f) recaptured or otherwise adjusted.,12,586.2 63.001 666.6 75.001,yes
topmostSubform[0].Page11[0].Pg9Table[0].Line24[0].f11_216[0],/Tx,Row: 24. Column: (i) Carryforward to 2027. Subtract the sum of columns (g) and (h) from the sum of columns (e) and (f).,12,672.6 63.001 756 75.001,yes
